title,sumber,label
"Perpaduan Enak, Ini 5 Manfaat Makan Alpukat Campur Susu",ccindonesia,1
EDUSPORTS: Daftar Pelatih Asing Timnas Indonesia,ccindonesia,0
"Waspada, Ini 5 Penyakit yang Mengintai Jika Kamu Kurang Gerak",ccindonesia,1
"Pilih Emas atau Saham, Mana yang Lebih Cuan Tahun Ini?",ccindonesia,1
Adly Fairuz Diduga Catut Nama 'Jenderal' demi Tipu Korban Masuk Akpol,ccindonesia,0
"Harga Emas Antam Melonjak Jadi Rp2,602 Juta Hari Ini",ccindonesia,0
"Ole Romeny Cetak Gol, Oxford United Lolos ke Babak 4 Piala FA",ccindonesia,0
"Buang Sampah ke Cileungsi, Pemkot Tangsel Bayar Rp90 Juta per Hari",ccindonesia,0
Apa Pentingnya bagi Indonesia Jadi Presiden Dewan HAM PBB?,ccindonesia,1
Skenario Terburuk Vietnam Gagal ke Perempat Final Piala Asia U-23,ccindonesia,0
KPK Sebut OTT Pegawai Pajak Hari Ini Terkait Suap Pengurangan Pajak,ccindonesia,0
Longform - Menata Ruang Laut Demi Cerah Masa Depan Bangsa,ccindonesia,0
"Komdigi Hentikan Sementara Akses Grok, Minta X Segera Klarifikasi",ccindonesia,1
KPK Tangkap Pegawai Pajak di Jakarta Utara,ccindonesia,0
Waspada! 70 Anak Terpapar Ideologi Ekstrem Lewat Komunitas True Crime,ccindonesia,1
Head to Head Jonatan vs Kunlavut di Malaysia Open: Jojo Patut Waspada,ccindonesia,1
"Waspada Bencana Susulan, BNPB Imbau Warga Perhatikan Intensitas Hujan",ccindonesia,1
Kisah AS Bernafsu Kuasai Minyak Iran dengan Gulingkan Pemerintah,ccindonesia,0
Korea Utara Tuding Drone Korsel Melanggar Batas Wilayah,ccindonesia,0
Alasan Sabar/Reza Tersingkir dari Malaysia Open 2026,ccindonesia,0
Video KuTips: Jurus Fokus Kerja-Belajar Anti Burnout Pakai Teknik Pomodoro,detik,0
Video Nadin Amizah Umumkan Idap Gangguan Pita Suara,detik,0
Video: Bentrok Antaragama Pecah di Nepal gegara Masjid Dirusak,detik,0
"Video: Pemain Liga 4 Berulah Lagi, Kali Ini Lawan Ditinju hingga KO",detik,0
Video Pakar IT Nilai Grok AI Bisa Kontrol Akses Konten Dewasa di X,detik,0
Video: Khamenei Sebut Gelombang Demo di Iran Ulah AS,detik,0
"Video: Aktivitas Gempa di Selat Lombok Meningkat, BMKG Sebut Tidak Normal",detik,0
Video: Viral RSUD Tebing Tinggi Disebut Tolak Pasien Karena Kamar Penuh,detik,1
"Video PBNU-Muhammadiyah Klarifikasi, Aliansi yang Laporkan Pandji Jadi Misteri",detik,0
"Video: Resmi Gaet Antoine Semenyo, Man City Akan Dapat Pemain Kuat-Cepat",detik,0
Video Friday Film Review: Materialists,detik,0
Video: Menyoal Pemaknaan Kata 'Gratis' dalam Program MBG,detik,0
Video Pengamat IT: Penipuan Vila Murah di Medsos Ancam Pariwisata RI,detik,0
Video PDIP soal Pandji Dilaporkan ke Polisi: Model Zaman Orde Baru,detik,0
"Video: Soroti Kasus Grok, Pakar IT Sentil Pengembang Aplikasi Asing",detik,0
Video Kritik Pengamat soal Anggaran Pendidikan di 2026 Hanya 14%,detik,0
"Video Banjir Rob Terjang Tanjabtim Jambi, Rumah Warga Sampai Hanyut",detik,0
Video Pakar Minta Kemkomdigi Kontrol Penyalahgunaan Grok AI: Jangan Asal Blokir,detik,0
Video: 5 Masalah Serius dalam Setahun Program MBG Menurut ICW,detik,0
Video Wawalkot Tangsel soal Buang Sampah ke Cileungsi: Hal Lumrah,detik,0
Video: Richard Lee Bakal Diperiksa Lagi pada 19 Januari,detik,0
Video Menkes: Usia Sri Sultan HB X Minimal Harus Sama dengan Ratu Elizabeth II,detik,0
Video Pramono Minta Pasar Jaya Bereskan Gunungan Sampah Pasar Kramat Jati,detik,0
Video: Deretan Menteri Agama yang Tersandung Kasus Korupsi,detik,0
"Video: Dipolisikan soal Mens Rea, Pandji Pragiwaksono Kabarkan Kondisinya",detik,0
Video KPK soal Tahan Eks Menag Yaqut Tersangka Haji: Secepatnya,detik,0
"Video Arteta Bela Martinelli soal Insiden Dorong Bradley, Slot Memaklumi",detik,0
Video: 3 Barang Bukti di Kasus Pandji Pragiwaksono,detik,0
Video Pramono Kaget Cek Puskesmas Kebayoran Lama: Sudah Kayak RS di Daerah,detik,1
Video: Polisi Terima Laporan Penistaan Agama Pandji Pragiwaksono di 'Mens Rea',detik,0
"OTT di Jakut, KPK Amankan Pegawai Pajak dan Pihak Wajib Pajak",detik,0
KPK OTT Pegawai Pajak di Jakut Terkait Suap Pengurangan Nilai Pajak,detik,0
Transaksi Digital Pegadaian Melonjak Empat Kali Lipat Sepanjang 2025,detik,0
"Ngamuk! Harga Emas Antam Masuk ke Level Rp 2,6 Juta",detik,0
Video: Banner Tarif Parkir di Kota Blitar Dirusak Orang Tak Dikenal,detik,0
"Video: Taman Bendera Pusaka Diresmikan Februari, Pramono Belum Tentukan Hari",detik,0
Video KETIK: Skandal Cinta Nadya Arina-Jerome Kurnia di Penerbangan Terakhir,detik,0
Video: Bentrok Antaragama Pecah di Nepal gegara Masjid Dirusak,detik,0
"Video: Pemain Liga 4 Berulah Lagi, Kali Ini Lawan Ditinju hingga KO",detik,0
Harga Mitsubishi Destinator Ternyata Ada yang Tembus Rp 510 Juta,detik,1
NVIDIA Lebih 'Naksir' Malaysia Ketimbang RI,detik,0
Tips Jitu! Cara Masak Ceker Ayam yang Empuk dan Tidak Berlendir,detik,1
Siap Sing Along Bareng RAN sampai for Revenge Pekan Ini?,detik,1
Kronologi Adly Fairuz Diduga Beri Janji Palsu Bantu Masuk Akpol,detik,0
4 Hal yang Diketahui soal 2 Tersangka Tudingan Ijazah Palsu Temui Jokowi,detik,1
"Viral Susu UHT Langka, BGN Minta Dapur MBG Pakai Sumber Gizi Lain",detik,1
Hati-hati! Utang ke Teman Bisa Lebih Ngeri dari Pinjol,detik,1
Sederet Pernyataan Keluarga Usai Kasus Kematian Arya Daru Disetop Polisi,detik,0
"Nilai Manfaat Haji Khusus Capai USD 685,5 Per Jemaah",detik,0
"Heboh Wanita 'Nyemplung' di Kolam Tetangga Tanpa Busana, Ingin Jadi Mermaid",detik,1
Rosenior Yakin Tim Muda Chelsea Bisa Seperti Class of 92 MU,detik,0
Video Nadin Amizah Umumkan Idap Gangguan Pita Suara,detik,0
"Daftar Lowongan Magang BUMN Januari 2026, Mahasiswa dan Fresh Graduate Dicari Nih!",detik,0
Waspada! Banjir Bisa Meluas ke Seluruh Kalbar,detik,1
Alasan Patung Liberty di Pondok Cabe Tersembunyi di Belakang Toko,detik,1
"Mencair, Venezuela-AS Bahas Pemulihan Hubungan yang Putus Sejak 2019",detik,0
Bingung Mau Pecah atau Pisah Sertifikat Tanah? Ini Cara Pilihnya,detik,0
"Warga Senang Ada Patung Liberty di Pondok Cabe: Jadi Hiburan, Gak Usah ke AS",detik,0
Korlantas Polri Gelar Penindakan Pelanggaran Lalu Lintas Menggunakan ETLE Drone Patrol Presisi,detik,0
Sistem Internasional Pasca Invasi AS ke Venezuela 2026,detik,0
"Ini Emily, Boneka Seks AI yang Punya 'Perasaan' dan Bisa Diajak Curhat",detik,0
Jadwal Piala FA Malam Ini: Manchester City & Chelsea Main,detik,0
"Kunjungi Kampus Muhammadiyah Sumbar, Waka MPR Bicara Mitigasi Krisis Iklim",detik,0
Polda Metro Akan Klarifikasi Pelapor soal 'Mens Rea' Pandji Pragiwaksono,detik,0
Terpopuler: Geger Pura di Tengah Pengerukan Bukit Kapur Kampial,detik,1
Respons Inara Rusli Disebut Dulu Tersakiti Kini Menyakiti,detik,0
Tukang Parkir Liar Bisa Dipenjara 9 Tahun!,detik,1
"Ada 'Istana di Atas Langit' New York, Harganya Tembus Rp 2 T!",detik,0
"Kondisi Nyata Warga Venezuela Usai Dibombardir AS: Harga Naik, Antrean Panjang",detik,0
Donald Trump Tolak Mentah-mentah Permohonan Ampun P Diddy,detik,0
"Wanita Ini Jalan 20 Ribu Langkah Tiap Hari Selama 30 Hari, Begini Efeknya",detik,0
"3 Resep Iga Sapi yang Lezat, Ada Sop hingga Kuah Asem-asem",detik,1
Hilangnya Kota Pusat Peradaban Islam Madinat As-Salam Era Abbasiyah,detik,0
Bingkai Sepekan: Penangkapan Presiden Venezuela oleh AS Guncang Politik Global,detik,0
"Dear Pep, Apakah City Bakal Belanja Lagi?",detik,1
"RI Jadi Presiden Dewan HAM PBB 2026, Komisi XIII DPR Dorong Penguatan HAM",detik,0
"Curhat Wendy Red Velvet Makan karena Terpaksa, Bikin Fans Khawatir",detik,0
Video Pakar IT Nilai Grok AI Bisa Kontrol Akses Konten Dewasa di X,detik,0
"5 Gaya Hidup Sehat Ini Ternyata Bisa Memperlambat Penuaan Otak, Kamu Sudah Lakukan?",detik,1
"RI Presiden Dewan HAM PBB, Komisi I DPR: Kontribusi Nyata untuk Kemanusiaan",detik,0
Perkara Utang Rp 300 Ribu Buat Pria Depok Bunuh Rekan Kerja,detik,0
"RI Jadi Presiden Dewan HAM PBB 2026, Pakar Ingatkan Jangan Mudah Terpengaruh",detik,0
KTM Luncurkan Motor Sport Entry Level Pesaing Yamaha R15,detik,0
"Ramai di X, Apa Itu Ciplukan? Dulu Gratisan Kini Mahal",detik,0
"Warga RI Terjebak Pinjol, Utang Nyaris Rp 100 Triliun!",detik,0
Potret Cantik Putri Denmark yang Viral Dijodohkan dengan Putra Donald Trump,detik,1
Kematian Anak karena 'Super Flu' di AS Naik Hampir 2 Kali Lipat,detik,0
Fans Marc Marquez Harus Dengar Hal Ini Nih...,detik,0
Fakta-fakta Pasien 'Super Flu' yang Meninggal di Bandung,detik,0
Wargi Jabar Bisa Daftar! Apresiasi Konektivitas Digital 2026 Buka 13 Kategori,detik,0
"Apresiasi Konektivitas Digital 2026 Digelar, Buruan Daftar Sebelum 15 Januari!",detik,1
Senada Muhammadiyah-PBNU Tegaskan Pelapor Pandji Bukan Bagiannya,detik,0
"KPK Tetapkan Yaqut Tersangka Kasus Haji, Eks Penyidik: Bongkar Sindikatnya",detik,0
"Yaqut Tersangka Kasus Korupsi Kuota Haji, PBNU: Itu Masalah Pribadi",detik,0
Trump Unggah Foto Penampakan Maduro Diborgol-Ditutup Matanya Usai Ditangkap,detik,0
Buntut Materi Mens Rea Pandji Pragiwaksono Dilaporkan Atas Dugaan Menista Agama,detik,0
"BNN Jabar Ringkus Duo Pengedar di Karawang, Sita 96,97 Gram Sabu",detik,0
Jefri Nichol Ramai Ditanya soal Kedekatan dengan Jule,detik,0
Adly Fairuz Digugat Wanprestasi Atas Dugaan Perantara Calon Akpol,detik,0
Alasan Polisi Tak Tahan Richard Lee Usai Dicecar 73 Pertanyaan,detik,0
Ammar Zoni Optimis Bebas Jelang Beri Kesaksian di Sidang Narkoba,detik,0
Surat Terbuka Manohara soal Sebutan Mantan Istri,detik,0
"Buntut Kasus Akpol, Adly Fairuz Terancam Jadi Tersangka",detik,0
Adly Fairuz Disebut Pakai 'Jenderal' Yakinkan Korban Dugaan Penipuan,detik,0
Akhir Nikah Siri 7 Bulan Ichal Muhammad dengan Faby Marcelia,detik,0
"Berkumis Tebal Bikin Pangling, Vidi Aldiano Colek Inul Daratista",detik,0
Keakraban Nagita dan Rafathar Bertemu Lee Won Jung di Korea Selatan,detik,0
"Dustin Tiffani Ditipu: Beli Mobil Rp 200 Juta, Malah Ditarik Debt Collector",detik,1
Fakta-fakta soal Richard Lee Usai Diperiksa sebagai Tersangka,detik,0
Keyakinan Insanul Fahmi Wardatina Mawa Dihasut Pihak Ketiga,detik,0
Video: Richard Lee Bakal Diperiksa Lagi pada 19 Januari,detik,0
Tanggapan Ketus Dilan Janiyar Soal Ramai Jasa Nikah Siri Online,detik,0
Raffi Ahmad Mau Jenguk Diding Boneng Usai Kasih Rp 50 Juta Untuk Rumah,detik,0
"Video: Dipolisikan soal Mens Rea, Pandji Pragiwaksono Kabarkan Kondisinya",detik,0
Video: 3 Barang Bukti di Kasus Pandji Pragiwaksono,detik,0
Arie Untung Alami Kepala Bocor di Arab,detik,0
Video: Polisi Terima Laporan Penistaan Agama Pandji Pragiwaksono di 'Mens Rea',detik,0
Ichal Muhammad Akui Pernah Nikah Siri dengan Faby Marcelia,detik,0
Syarief Khan Mulai Aktif Syuting Lagi,detik,0
"Video Raffi Ahmad Berniat Kunjungi Rumah Diding Boneng, Tapi Mau ke Aceh Dulu",detik,0
Manohara Umumkan Putus dari Kristian Hansen,detik,0
Aura Kasih Ganti Nama Instagram Jadi Febria,detik,0
Celine Evangelista Buka-bukaan Soal Peran di Penunggu Rumah: Buto Ijo,detik,0
Inara Rusli Sebut Insanul Fahmi Peduli dengan Anak-anaknya,detik,0
"Inara Rusli Akui Salah, Nggak Tahu Jadi 'Madu' di Pernikahan Mawa dan Insanul",detik,0
Soal Kasus Dugaan Penelantaran Anak Kandung yang Menyeret Denada,detik,0
Kondisi Pandji Pragiwaksono Usai Ramai Dihujat Gegara Materi Mens Rea,detik,0
Pandji Pragiwaksono Senang Banyak yang Bahas Mens Rea,detik,0
Video: Ini Isi Materi 'Mens Rea' Pandji Pragiwaksono yang Bikin Dipolisikan,detik,0
Kata Inara Rusli soal Kena Cancel Culture karena Bertahan dengan Insanul Fahmi,detik,0
"Kini Dipolisikan, Pandji Pragiwaksono Gak Khawatir Ada yang Kritik Mens Rea",detik,0
Insanul Fahmi Siap Sujud Minta Maaf ke Wardatina Mawa,detik,0
Potret Selebritas Hadiri Rangkaian Pernikahan Ranggaz Laksmana di Maroko,detik,0
"Tangis Ammar Zoni Memohon Mau Pulang, Ini Sederet Pengakuannya",detik,0
Video: Pandji Pragiwaksono Dipolisikan soal Gaduh Show 'Mens Rea',detik,0
Video: Ammar Zoni Akui Ada Peredaran Narkoba di Rutan Salemba,detik,0
Pandji Pragiwaksono Dipolisikan soal Materi Mens Rea,detik,0
Ngeng! Fuji Dibonceng Seorang Pria: Mau Dibawa ke Mana Hubungan Kita?,detik,1
"Video: Lagi! Ammar Zoni Janji Tobat Pakai Narkoba, Ngaku Ingin Ketemu Anak",detik,0
Ariyo Wahab Tak Tuntut Istri Kerja Keras demi Punya Barang Mewah,detik,0
"Inara Rusli Curhat Mau Damai dengan Wardatina Mawa, tapi Komunikasi Buntu",detik,0
Video: Ammar Zoni Ogah Balik ke Lapas Nusakambangan,detik,0
Sherly Anak Mpok Alpa Sudah Pulang dan Hadiri Sidang Penetapan Ahli Waris,detik,0
Ammar Zoni Pastikan Keterangan di Sidang Narkoba Nggak Kurang dan Lebih,detik,0
Alasan Ammar Zoni Gak Mau Tanda Tangan Berkas di Kasus Narkoba,detik,0
Video Blak-blakan Kesaksian Ammar Zoni di Sidang Kasus Narkoba,detik,0
"Pihak Inara Rusli Minta Laporan Mawa Di-hold, Bukti Video CCTV Dianggap Masalah",detik,0
Ammar Zoni Konsisten Bantah Ganja yang Ditemukan di Penjara,detik,0
Komdigi Resmi Blokir Akses Grok AI Imbas Marak Deepfake Asusila,detik,0
"Grok AI Dikritik Berbagai Negara Termasuk Gambar Mesum, Ini Pembelaan X",detik,0
"Deepfake Mesum Guncang Dunia, Grok AI Disorot di Berbagai Negara",detik,0
Training Creative Thinking & Problem Solving,detik,0
Coffee Bean & Tea Leaf,detik,0
detikcourse: SIB Mandiri Batch 4,detik,0
detikcourse VOD: Kelas Analisis Data Microsoft Excel,detik,0
detikcourse VOD: Kelas Microsoft PowerPoint,detik,0
detikcourse VOD: Kelas UI/UX,detik,0
detikcourse VOD: 2 Jam Jago video Editing Konten Viral,detik,1
detikcourse VOD: Kelas Design Canva,detik,0
detikcourse VOD: 2 Jam Makin Keren Ngedesain dengan AI,detik,0
detikcourse VOD: Kelas Microsoft Excel,detik,0
Diskon 50% Hingga Rp100.000! Semua Tiket Event di detikevent Jadi Lebih Hemat,detik,0
Bootcamp Analisis Data Kuantitatif batch 4,detik,0
The Art of Multibagger Investing: Strategi Investasi untuk Hasil Maksimal,detik,0
Training of Trainer & Sertifikasi Instruktur L4 BNSP 2026,detik,0
Mahir berbicara dalam Bahasa Inggris dengan aksen native by Natieva,detik,0
Privat Ngaji Online: Khatam Lebih Mudah dan Cepat,detik,0
detikCourse : Kelas Bahasa Jepang (VOD ONLY),detik,0
"Mahir mengaji dengan fasih untuk anak anda dengan metode iqra, tilawati, dan ummi",detik,0
"Hiburan Legal dengan Beragam Tayangan dalam Satu Platform, Hanya Rp17 Ribuan!",detik,0
Dibimbing Sampai Kompeten! Training of Trainer BNSP untuk Trainer Profesional,detik,0
Ikuti Borobudur Edu Run 7 Sekaligus Dukung Pendidikan di Magelang,detik,0
Bangun Pengalaman Kerja Sejak Dini Lewat Program SIB Mandiri Batch 4,detik,0
"Sunyi di Tamini Square, Pusat Belanja yang Pernah Jadi Primadona",detik,0
"Sengketa Lahan Puluhan Tahun, 12 Rumah di Bekasi Dieksekusi",detik,0
Pramono Cek Layanan di Puskesmas Kebayoran Lama,detik,1
Fenomena Penurunan Muka Tanah di Jakarta,detik,0
Korsleting Listrik Picu Kebakaran Rumah dan Kontrakan di Cipinang Muara,detik,0
Deretan Foto Hitam Putih Klasik yang Aneh dan Menakutkan,detik,0
Kalap! Makan Nasi Rames Puluhan Lauk di Warung Sunda Prasmanan,detik,0
Respons Inara Rusli Disebut Dulu Tersakiti Kini Menyakiti,detik,0
Warga Kampung Susun Bayam Hidup Mandiri dengan Bertani,detik,0
Pameran Lukisan Bertema Lingkungan Hadir di Perpustakaan Nasional,detik,0
Melihat Gapura di Bekasi Yang Dibangun Pakai APBD Hampir 1 Miliar,detik,1
Luas Panen Padi di Banten Meningkat Sepanjang 2025,detik,0
"Usai Nataru, Harga Cabai di Pasar Induk Kramat Jati Kembali Normal",detik,0
"Kecelakaan Mobil Pribadi di Thamrin, Bagian Depan Ringsek",detik,0
Potret Puluhan Pasangan Menikah di Tengah Suhu Ekstrem,detik,0
Kolong Flyover Cibinong Disulap Jadi Ruang Publik Warga,detik,0
Bingkai Sepekan: Selamat Tahun Baru 2026-Zohran Mamdani Wali Kota Muslim Pertama di New York,detik,0
Desember 2025: Banjir Bandang dan Longsor Terjang Sumatera,detik,0
Resep Nasi Bakar Cumi Buat Makan Siang Favorit Keluarga,detik,0
3 Resep Tumis Buncis yang Praktis Buat Bekal ke Kantor,detik,1
Resep Tumis Bayam Campur Telur yang Gurih Buat Ide Bekal,detik,0
Video: 'Fine Dining' Termurah di Jakarta dengan Menu Dry Sukiyaki Unik,detik,0
Video Budget Rp 50 Ribu Bisa Jajan Apa Saja Ya di Blok M?,detik,1
"Video: Blok M Emang Surganya Kuliner, tapi Toiletnya Kok Gini?",detik,1
Video Cicip Nasi Lemak hingga Egg Tart Pandan di Kafe Hutan Kota,detik,0
Video: Kulineran di Event 'Christmas Candy' TSM Cibubur,detik,0
Video: Caviar Box hingga Dessert Jadi Suguhan Natal Intimate di Hotel Ini,detik,0
Video: Puas Makan Bakso Urat Jumbo Pakai Tetelan Goreng di Bogor,detik,0
"Video: Buffet Natal di Hotel Bintang 5 Jakarta, Ada Roasted Wagyu hingga Seafood Tower",detik,0
Resep Ayam Fillet Saus Tiram Buat Jadi Ide Bekal Praktis,detik,0
Resep Roti Goreng Udang yang Garing Gurih Buat Camilan,detik,0
"3 Resep Kwetiau Sedap Buat Makan Malam, Ada Versi Goreng dan Kuah",detik,1
"Resep Misro yang Legit, Camilan Jadul dari Singkong Parut",detik,0
Resep Nasi Goreng Teri Sederhana buat Sarapan Nikmat Anti Ribet,detik,0
Jangan Salah Pilih! 10 Makanan Ini Bisa Memperparah Flu Saat Dingin,detik,0
Bosan Buncit? 7 Sumber Probiotik Ini Bantu Perut Lebih Ramping,detik,0
Mewah! Jamuan Makan di Pernikahan Ranggaz Laksmana dan Anggie di Maroko,detik,0
Uih Ka Imah: Raos Pisan! Gepuk hingga Pepes Teri Nasi di Warung Sunda Jakbar,detik,0
Cleave Coffee: Kolaborasi Unik Kafe Nuansa Kastil dengan Lapangan Padel,detik,0
5 Bakery Hits di Jakarta Ini Tawarkan Roti Jepang Super Lembut,detik,0
Sekali Coba Auto Nagih! 5 Nasi Gandul Khas Pati Enak di Jakarta,detik,0
Mas Kulin: Sate Maranggi Viral di Depok yang Empuk Manisnya Juara!,detik,1
5 Tempat Makan Nasi Gudeg Dekat Malioboro Jogja buat Panduan Wisatawan,detik,0
Bakso Lovers! 5 Bakso Sumsum Gurih dan Lumer Ada di Sini,detik,0
Anti Getok Harga! Ini 5 Harga Nasi Gudeg Populer di Jogja,detik,0
Begini Pengalaman Beli Cabe Takengon dari Aceh yang Masih Segar!,detik,0
Lembut Lumer! Ini 5 Soft Cookies Terenak di Jakarta Buat Teman Ngemil,detik,0
Epice: Resto Baru di Jaksel yang Punya Sapi Genteng hingga Sate 1 Meter!,detik,0
Adem Banget! Ini 5 Restoran Nuansa Alam di Puncak dengan Menu Nikmat,detik,0
5 Mitos Seduh Kopi Ini Sering Dipercaya Tapi Sebenarnya Keliru,detik,0
Cantiknya Nadin Amizah Saat Ngopi dan Ngemil Apel di Jepang,detik,0
"Gara-gara Tak Dibayar Cash, Driver Ojol Tolak Pesanan Makanan!",detik,0
Sultan! Sushi Termahal di Dunia Ini Harganya Mencapai Rp 32 Juta,detik,0
"Meski Ada Larangan, Pelanggan Ini Nekat Makan Buah yang Belum Dibayar",detik,0
"Struk Belanja Tahun 1997 Viral jadi Bukti Inflasi, Masih Murah Banget!",detik,1
Murah Meriah! 5 Makanan Hemat Jakarta Awal 2026 yang Patut Dicoba,detik,0
"Fantastis! Pemilik Warung Bihun Ini Jual Resep hingga Rp 3,9 Miliar",detik,1
Masih Eksis! Ini 10 Kopi Bubuk Legendaris di Berbagai Daerah,detik,0
"Drama Ayam Goreng, Penjual Balik Curiga usai Protes Pelanggan Viral",detik,1
"Kisah Warna Oranye Keju, Awalnya Tipu-tipu Kini Jadi Ikonik",detik,0
Video: Sajian Menu Fantastis di Golden Globes 2026 Racikan Chef Nobu,detik,1
"Viral Matcha Pakai Kantong Infus, Kafe di Canggu Akhirnya Buka Suara",detik,1
Gohu Ikan vs Sashimi: Makanan Sehat Tinggi Protein ala Indonesia,detik,0
6 Fakta Penting Makanan Halal yang Menarik Disimak Termasuk untuk Nonmuslim,detik,1
Kulit Jambu Biji Bagusnya Dimakan atau Dibuang? Ini Kata Ahli Gizi,detik,0
10 Menu Spesial William Wongso hingga Daftar Makanan Anti Bikin Gemuk,detik,0
Rela Antre Demi Cobain Ayam Goreng Korea Berbumbu Blue Cheese,detik,0
Antimainstream! 5 Kafe Nyaman Ini Ada di dalam Kantor Pemerintahan,detik,0
"Tanpa Garam atau Mentega, Begini 5 Rahasia Chef Bikin Masakan Lebih Enak",detik,1
Kombinasi Tepat! Ini 7 Makanan Pendamping Telur Paling Bergizi,detik,0
Jefri Nichol Nggak Pernah Skip Makan Bareng Sahabat-sahabatnya,detik,0
"Kenalan Sama Minbite, Selebgram yang Jualan Soft Cookies Viral",detik,1
"Umbar Cerita Sedih, Ini Modus Anak Kecil Jualan Es Krim Rp 392 Ribu",detik,0
Gokil! Netizen Kaget Lihat Porsi Barbar Pesanan Nasi Goreng Online,detik,1
"Sajikan Bento Pasta Mirip Rumput, Sekolah Ini Tuai Protes",detik,0
YouTuber Mukbang Hamzy Umumkan Rehat Sementara dari Konten Makan Besar,detik,0
"Musang King Minggir! Ini Durian Super Tembaga Bangka seharga Rp 1,5 Juta Sekilo",detik,0
Respect! Kakek 76 Tahun Isi Masa Pensiun dengan Beri Makan Tunawisma,detik,1
"Dulu Cuma Es Krim Murah, Kini Mixue Jadi Raja Fast Food Dunia!",detik,0
"Curi Makanan Tetangga, Bocah 7 Tahun Ini Berakhir Dilarikan ke RS!",detik,1
"Tolak Tip Meski Bawa Anak, Sikap Pengantar Makanan Ini Tuai Pujian Netizen",detik,0
5 Tempat Makan Spesialis Ayam Pop di Jakarta yang Layak Dicoba!,detik,0
Ini Kafe di Canggu Bali yang Viral dengan Menu Matcha Infus,detik,1
Tahun Baru Mau Lebih Langsing? Ini 5 Minuman Pagi yang Bagus Dikonsumsi,detik,0
Yuk Intip! 5 Tempat Makan di Jakarta yang Jadi Comfort Food Netizen,detik,0
Mirip Sydney Sweeney! Wanita Cantik Pembuat Pizza Ini Banjir Followers,detik,0
"Bikin Harga Mahal, Ini Sederet Pajak saat Beli Mobil Baru di RI",detik,0
Potret Suzuki Wagon R Terbaru yang Dijual Mulai Rp 150 Jutaan,detik,0
"Marquez Bukan 'Manusia', Levelnya Sulit Ditiru Orang Normal",detik,0
"Kronologi Kecelakaan Gary Iskak: Naik RX-King, Terpelanting Tabrak Pohon",detik,0
Tes Wuling Darion Bali-Jakarta: Bensin Habis di Cirebon tapi Cukup Sampai Jakarta,detik,0
"Pajak Mitsubishi Destinator Tahun 2025, Ternyata Paling Mahalnya Segini",detik,1
Membedah Ketangguhan Mesin Turbo di Mitsubishi Destinator,detik,0
Insentif Otomotif Bakal Dicabut: Bye-bye Mobil Listrik Murah?,detik,1
"Mobil Listrik Murah Eropa Meluncur, Harga Rp 381 Jutaan",detik,0
Tampang Unik Motor Listrik Terbaru Honda yang Harganya Rp 71 Jutaan,detik,0
"Motor Banyak Dibutuhkan Orang Indonesia, Ini Buktinya",detik,0
"Honda Luncurkan Motor Listrik Baru, Harga Rp 71 Jutaan",detik,0
Penjualan Mobil di Indonesia Tahun 2025 Tembus 830 Ribu Unit!,detik,0
Segini Harga Toyota Fortuner 2.4 L Bekas,detik,0
"Wujud Italjet Dragster 459, Motor Sport 'Berbaju' Motor Matic",detik,0
"Isi Garasi Eks Menag Yaqut Tersangka Kasus Korupsi Kuota Haji, Ada Mobil Mewah Ini",detik,0
Bikin Geleng-geleng! Polisi Senior Curi Motor Junior,detik,0
Pilihan Mobil Penggerak Roda Belakang Harga Rp 200 Jutaan,detik,0
"Penjualan Motor di RI Tahun 2025 Naik, Tembus 6,4 Juta Unit",detik,0
Hitung-hitungan Pajak Toyota Veloz Hybrid,detik,0
Studi Sebut Risiko Mematikan Naik Motor Sambil Ngerokok,detik,0
"Italjet Dragster 459 Meluncur: Pakai Penggerak Rantai, Harga Rp 190 Jutaan",detik,0
"Modal Peluit, Jukir Liar di Minimarket Bisa Dapet Rp 9 Juta/Bulan",detik,0
"Daihatsu Jual 137 Ribu Mobil di Indonesia Tahun 2025, Ini yang Terlaris",detik,0
"Pemotor Ngerokok Diminta Dicabut SIM-nya: Ganggu Konsentrasi, Bikin Celaka",detik,0
"Jadwal Peluncuran Tim MotoGP 2026, Ada yang di Jakarta",detik,0
"Cara Urus Balik Nama Mobil-motor Bekas, Perpanjang STNK Tanpa KTP Pemilik Lama",detik,0
"Wujud Yamaha Nmax Dilelang Mulai Rp 19 Jutaan, Nopol Sudah Dijual",detik,0
Jenis Kendaraan yang Pajaknya Lebih Murah dan Nggak Kena Progresif,detik,0
Cerita Penggugat UU LLAJ: Gegara Pemobil Ngerokok Nyaris Tewas Terlindas Truk,detik,0
Motor MotoGP 2027 Bakal Lebih Lelet,detik,0
Tampang Mobil Listrik Terbaru Xiaomi yang Punya Jarak Tempuh 902 Km,detik,0
"Ngeri, Ibu Pulang dari Pasar Tewas Ditabrak Truk Ngebut",detik,0
Modifikasi Interior Toyota Hiace yang Bikin Alphard Minder,detik,0
"Wajah Baru Mitsubishi Triton, Harga Rp 300 Jutaan",detik,0
"Ini Pasal yang Digugat Terkait Berkendara Sambil Merokok, SIM Diminta Dicabut",detik,0
"Naik Kelas, Interior Toyota Hiace Disulap Jadi Mewah: Cuma Muat 8 Orang",detik,0
"Viral HR-V Disebut Tak Bayar, Ini Tol yang Bisa Transaksi Tanpa Setop",detik,1
"7 Gaya Keren Publik Figur saat Liburan Bermain Ski di Berbagai Negara dari Shandy Aulia, Yura Yunita, hingga Cathy Sharon",Fimela,0
"Gigi Hadid Keluar dari Zona Nyaman dengan Matte Black Mini Bob, Tampil Manglingi di 2026",Fimela,0
"Plastoline, Teknologi Ubah Limbah Plastik Jadi Bensin dan Diesel yang Lebih Bersih",Fimela,0
"Aaliyah Massaid, Mahalini, dan Alyssa Daguise Dibalut Dress Front Drape saat Kondangan di Maroko",Fimela,0
Penampilan Elegan Yuki Kato Dibalut Dress Sage saat Jadi Bridesmaid Pernikahan Sahabat di Maroko,Fimela,0
5 Cara Membangun Kedekatan Ibu dan Anak yang Efektif dan Menyenangkan,Fimela,1
"Moms, Sering Mengabaikan Pertanyaan Anak? Ini 5 Dampak yang Perlu Diwaspadai",Fimela,1
"Astrid Suryatenggara tentang Menjadi Ibu, Pemimpin, dan Rumah bagi Banyak Anak",Fimela,0
"Nike Nadia: Menjadi Rumah Bagi Anak, Diri Sendiri, dan Perempuan Lain",Fimela,0
Yosi Ariani: The Strong Solo Mom yang Membuktikan Cinta dan Keteguhan Bisa Berjalan Bersama,Fimela,0
FimelaMom Hadir sebagai Ruang Aman dan Sumber Informasi untuk Para Ibu,Fimela,0
5 Hal yang Perlu Orangtua Ketahui tentang Anak Introvert,Fimela,1
"Kenali 6 Peran Suami dalam IMD, Dukungan Penting agar Inisiasi Menyusui Dini Berhasil",Fimela,0
Manfaat Pediatric Massage untuk Kesehatan Bayi yang Baru Lahir,Fimela,0
Manfaat Imunisasi yang Harus Orang Tua Ketahui,Fimela,0
Panduan MPASI Awal Bayi Sesuai Anjuran Dokter Anak,Fimela,0
7 Sikap yang Menunjukkan Seseorang Serius Mencintaimu,Fimela,0
Trik Jitu Siasat Pakai Serum Vitamin C agar Tidak Breakout di Wajah Sensitif,Fimela,1
Kain Indonesia by Shifara Hidupkan Napas Wastra Nusantara dan Berdaya Lewat Rumah BUMN BRI,Fimela,0
"Deadline, Debu dan Bersin: Hidup Sibuk yang Picu Alergi",Fimela,0
Bagaimana Hobi Membantu Anak Mengenali Minat dan Bakatnya,Fimela,0
Manfaat Memakan Jagung Manis untuk Ibu Hamil,Fimela,0
"Tips Keamanan Anak saat Berenang, Orangtua Wajib Tahu",Fimela,1
Koleksi Fashion Lagi Diskon dari Executive yang Wajib Kamu Lirik!,Fimela,0
Mama Muda Wajib Punya! Piyama dan Daster Kekinian yang Bikin Rumah Makin Stylish,Fimela,0
Rekomendasi Skincare Jepang Terbaik untuk Perawatan Anti-Aging Wajib di 2026,Fimela,0
"Tampil Profesional ala Drakor, Ini 3 Blazer Korean Look Favorit untuk Kerja",Fimela,0
Review Buku Every Day is A Sunny Day When I Am With You,Fimela,0
7 Ide Kado Natal untuk Pecinta Buku yang Pasti Disukai,Fimela,0
"4 Perlengkapan Dapur Wajib untuk Moms Isi Rumah Baru, Dijamin Masak Jadi Lebih Praktis!",Fimela,1
Deretan Koleksi Kado Natal Last Minute Anti Gagal untuk Sahabat,Fimela,0
"Bikin Mood Positif Sepanjang Hari, Ini 3 Rekomendasi Pengharum Ruangan untuk Relaksasi di Rumah",Fimela,0
Blush Blindness dan Cara Menikmati Tren Blush On agar Pipi Tetap Terlihat Merona,Fimela,1
Bingung Checkout Saat Lagi Diskon? Concealer Ringan dengan Coverage Nyata untuk Tampilan Makeup Sehari-hari Jawabannya,Fimela,0
Marina Glow Ready Serum Liptint,Fimela,0
Azzura Matte Lipcream,Fimela,0
Marina Glow Ready Serum Lip Tint,Fimela,0
7 Tanda Seseorang Tetap Bahagia saat Single di Tahun 2026,Fimela,1
7 Tanda Seseorang Hidupnya Makin Bahagia di Usia 40-an,Fimela,1
5 Rekomendasi Tanggal Cantik untuk Menikah di Tahun 2026,Fimela,0
"Less Pressure, More Joy: 5 Cara Meningkatkan Kecerdasan Anak dengan Aktivitas Bermain",Fimela,1
Rahasia Senyum Cerah dengan Cara Putihkan Gigi Secara Alami di Rumah,Fimela,1
"Cara Menggemukkan Badan dengan Mudah, Sehat, dan Efektif",Fimela,0
"HUAWEI MatePad 12 X 2026 Resmi Diluncurkan, Tablet Produktivitas Rasa PC",Fimela,0
Malam Puncak Gadis Sampul 2025,Fimela,0
Cara 7 Zodiak Bisa Lebih Bahagia di Usia 40-an,Fimela,0
"FabBRICK, Terobosan Daur Ulang Limbah Tekstil Menjadi Batu Bata Fungsional dan Estetik",Fimela,0
"Beda Olahraga, Beda Sepatu? Tips Menentukan Pilihan yang Tepat",Fimela,0
12 Sisi Sunyi Zodiak yang Terlihat Percaya Diri,Fimela,1
7 Tanda Kamu Lebih Cerdas Dibanding Kebanyakan Orang,Fimela,1
5 Pasangan Zodiak dengan Ikatan Emosional Kuat,Fimela,0
Outfit Winter Trip Cut Meyriska saat Liburan Keluarga ke China Berkunjung ke Disneyland hingga Harbin,Fimela,0
4 Zodiak yang Paling Cocok Menjadi Pasangan Gemini,Fimela,0
Sikap 12 Zodiak saat Menyadari Cintanya Bertepuk Sebelah Tangan,Fimela,0
Perubahan 12 Zodiak saat Mencapai Usia 30 Tahun,Fimela,1
"10 Inspirasi Atasan Batik untuk Wanita Karier, Elegan Bergaya di Tempat Kerja",Fimela,0
"Di Balik Busana Serba Burgundy Kate Middleton, Ada Makna Kedewasaan dan Kemewahan",Fimela,0
"Kunci Kulit Lembap dan Bercahaya, Cara Menambah Hidrasi Kulit secara Optimal",Fimela,0
Resep Nasi Kukus Bumbu Ringan untuk Lambung Sensitif,Fimela,0
Resep Sup Kacang untuk Tubuh Mudah Lelah,Fimela,0
Lebih Baik Almond Butter atau Peanut Butter? Ini Jawaban Ahlinya,Fimela,0
5 Jenis Kacang Terbaik untuk Kesehatan yang Lebih Baik,Fimela,1
5 Aturan Rahasia Perencanaan Makan untuk Hemat Uang dan Makan Lebih Baik di 2026,Fimela,1
"Penampilan Sheila Dara saat Dampingi Vidi Aldiano Kondangan di Maroko, Kini Vidi Tampil dengan Kumis",Fimela,0
Sambut Tahun Baru 2026 Dengan Senyum Putih Terlindungi Pasta Gigi,Fimela,0
7 Sikap yang Membuat Kehadiranmu Dirindukan Orang,Fimela,0
"6 Pasangan Artis Hadiri Kondangan di Maroko dengan Gaya Stunning, Alyssa Daguise-Al Ghazali hingga Mahalini-Rizky Febian",Fimela,0
Tampilan Gaya Fashion Romantis Sambut Valentine ala TWICE,Fimela,0
Hailey Bieber Bintangi Kampanye Hari Valentine Victoria’s Secret,Fimela,0
"Potret Maskulin Jeremy Allen White dan Pusha T, Bintangi Kampanye Louis Vuitton Menswear SS26",Fimela,0
"Pesona Elegan Ibu Satu Anak, Aaliyah Massaid Hadiri Acara Pernikahan Sahabat di Maroko dengan Dress Putih Rancangan Desainer Asky Febrianti",Fimela,0
Sikap Tenang 7 Zodiak saat Menghadapi Cobaan Hidup,Fimela,0
Gaya Kompak Gisella Anastasia dan Gempita Bermain di Pantai Bali saat Liburan Akhir Tahun Bersama Gading Marten,Fimela,0
"Gaya Berkelas Nia Ramadhani dan Keluarga Sambut Tahun Baru 2026 di Monaco, Kompak Sentuhan Glam",Fimela,0
"Pesona Inka Williams, Pacar Channing Tatum dalam Balutan Kebaya Bali yang Penuh Pesona",Fimela,0
"Power Pumping, Teknik untuk Meningkatkan Produksi ASI yang Menurun",Fimela,0
"Gaya Twinning Nia Ramadhani dan Mikhayla Bakrie, Ibu-Anak Kompak Saat Liburan Akhir Tahun di Luar Negeri",Fimela,0
"Gaya Kompak Rossa dan Melly Goeslaw Umrah Bareng, Sekalian Rayakan Ulang Tahun di Tanah Suci",Fimela,0
7 Kebiasaan Sehari-hari yang Membuatmu Sulit Bahagia tanpa Sadar,Fimela,0
"Tanpa Makeup, Yasmin Napper Pancarkan Inner Beauty Saat Kirim Bantuan untuk Bencana Sumatera Utara",Fimela,0
"Mengawali Tahun 2026, 6 Potret Melody Laksani Liburan ke Semarang dengan OOTD Sporty Look",Fimela,1
5 Pasangan Zodiak Sehat meski Tak Selalu Sependapat,Fimela,0
"Punya Kecantikan Elegan, Song Hye Kyo jadi Brand Ambassador Guerlain",Fimela,0
"Baru Dua Minggu Menikah dengan Kim Woo Bin, Shin Min Ah Resmi Jadi House Ambassador Louis Vuitton",Fimela,0
12 Sisi Adaptif Zodiak saat Menghadapi Perubahan,Fimela,0
Penampilan Agnez Mo saat Pulang ke Indonesia dari Outfit Bandara hingga Hadir di Kedutaan Besar Prancis,Fimela,0
Resep Nasi Panggang Labu Rempah tanpa Minyak,Fimela,0
"Outfit Taman Hiburan Ala Jessica Mila di Melbourne, Stylish Meski Sambil Momong Anak",Fimela,0
"Deretan Artis Hadiri Pernikahan Sahabat di Maroko, Tampil Serba Putih saat Welcome Dinner dari Alyssa Daguise hingga Bunga Citra Lestari",Fimela,0
Resep Sup Kacang Merah Fermentasi untuk Pencernaan,Fimela,0
"Penampilan Terbaru Amanda Manopo Kenakan Kemeja Rp20 Juta saat Selfie dengan Suaminya, Kenny Austin",Fimela,0
"Tren Gaya Rambut 2026, Lebih Berani, Individual, dan Cocok untuk Seluruh Bentuk Wajah",Fimela,0
5 Selebritis Kenakan Perhiasan Mewah saat Hadir di Critics Choice Awards dari Kate Hudson hingga Sarah Shook,Fimela,0
"Bermain Ski di Switzerland, OOTD Serba Putih Nia Ramadhani Tampilkan Kemewahan Nyata",Fimela,0
Penampilan Maia Estianty Tak Kalah Stunning dengan Calon Menantunya Syifa Hadju dan Tissa Biani saat Dinner Tahun Baru,Fimela,0
"Berbalut Louis Vuitton, Sejumlah Selebritas Raih Penghargaan Critics Choice Awards 2026",Fimela,0
Cara Unik 7 Zodiak dalam Mencintai Pekerjaan yang Ditekuni,Fimela,0
"Tak Sekadar Transit dan Kemewahan, Dubai Ternyata Ramah Keluarga dan Mengedepankan Sustainability",Fimela,1
Ini Dia Cara Menata Pixie Bob Putri Diana yang Tak Lekang Waktu,Fimela,1
"Bare Face Penuh Cinta, Potret Steffi Zamora Nikmati Peran Baru sebagai Ibu",Fimela,0
5 Ciri Kepribadian Orang yang Mandiri dengan Penghasilan Sendiri,Fimela,0
SAPTO DJOJOKARTIKO Buka Babak Baru #SAPTOJOHeritage Lewat Menswear yang Tenang dan Berkarakter,Fimela,0
"Usaha Bisa dari Mana Saja, Riryine berhasil Bangun Karier Profesional dari Kamar Tidur Saat Pandemi",Fimela,0
5 Ciri Kepribadian Orang yang Terbiasa Mengucapkan Afirmasi Positif,Fimela,0
"Bukan Beret, Deretan Gaya Stylish Enzy Storia Pakai Topi Hoodie Saat Liburan di Paris",Fimela,0
7 Karakter Orang yang Tetap Bekerja Keras walau Sering Diremehkan,Fimela,0
Pola Asuh Green Living yang Membantu Anak Lebih Tenang Secara Emosional,Fimela,0
"Perkuat Eksistensi Tas Kulit Lokal Berkelas Internasional, Begini Cara Acapcop Berekspansi",Fimela,0
"Elegan Pakai Backless Dress, Gaya Salshabilla Adriani Liburan Tahun Baru 2026 Bareng Ibrahim Risyad ke Bali",Fimela,0
Gaya Kompak Serba Hitam Syifa Hadju dan Tissa Biani Hadiri Family Dinner Tahun Baru 2026 Bareng Kekasih dan Calon Mertua,Fimela,0
"Simpel tapi Bernilai Fantastis, Gaya Smart Casual Jennie BLACKPINK Bukti Ia Selalu Jadi Human Chanel",Fimela,1
Resep Nasi Panggang Tofu dan Sayur Fermentasi tanpa Minyak,Fimela,0
"Penampilan Istri Ahok, Puput Nastiti Devi Setelah Melahirkan Perayaan saat Hadir di Ulang Tahun ke-6 Putra Pertamanya",Fimela,0
7 Pesona Orang yang Lahir di Bulan Januari,Fimela,0
"Pernikahan Semakin Dekat, Ranty Maria Tampil Flawless Nyaris No Makeup di Foto Latar Biru dengan Calon Suaminya Rayn Wijaya",Fimela,0
Apa Perbedaan Blender dan Juicer Berdasarkan Fungsi dan Cara Kerjanya?,Fimela,1
"Fakta Mengejutkan, Satu dari Delapan Orang Alami Obesitas! Ini Cara Atasi Obesitas yang Efektif",Fimela,0
"Gaya Rama Duwaji, Istri Walikota New York dengan Pesona Street Style Berkarakter",Fimela,0
"Dari Elie Saab hingga Gaun Sang Ibu, Ini Kisah Gaun Pernikahan Holly Ramsay",Fimela,0
Terungkap! 13 Aroma Makanan Menggoda Ini Sedang Menguasai Industri Parfum Dunia,Fimela,1
"Pesona Riasan Soft Glam Ariana Grande di Critics Choice Award, Tampilan Soft Glam yang Memukau",Fimela,0
7 Tanda Orang Pura-Pura Kaya yang Terlihat dari Cara Bersikap,Fimela,1
8 Outfit Musim Dingin Jessica Iskandar saat Liburan ke Amerika Serikat Bersama Tiga Anaknya,Fimela,0
"Bukan Jumlah Uang, 7 Hal Ini Membuat Seseorang Tampak Kaya",Fimela,1
4 Tips Menyiapkan Makanan untuk Ibu Hamil,Fimela,1
"Deretan Best Dress di Critics Choice Awards 2026, Penampilan Red Carpet Paling Ikonik",Fimela,0
"Gaya Hermès Girl Prilly Latuconsina Rayakan Tahun Baru 2026 di Jepang, Jinjing Tas Mewah Ratusan Juta",Fimela,0
5 Dinamika Hubungan Virgo dan Sagitarius Jangka Panjang,Fimela,0
"Jelang Ulang Tahun ke-30, Jennie Blackpink Tampil Berbeda dengan Gaya Rambut Pendek hingga Outfit Era 60an",Fimela,0
5 Sisi Tenang Taurus saat Menghadapi Tekanan,Fimela,0
"Gaya Bumil Alyssa Daguise Liburan di Inggris, Selalu Modis Meski Berbadan Dua",Fimela,0
"Via Vallen Nikmati Liburan Akhir Tahun di Hokkaido Dibalut Pakaian Serba Coklat, Pamer Baby Bump Anak Kedua di Tengah Salju",Fimela,0
"Syifa Hadju Tampil Menawan Pakai Bando “Bride”, Tanda Pernikahan Semakin Dekat?",Fimela,1
4 Kalimat yang Membuat Anak Merasa Lebih Dicintai,Fimela,0
"Kylie Jenner Tampil Mengenakan Dress Hitam Versace Tahun 1996 saat Dampingi Kekasihnya, Timothee Chalamet Raih Penghargaan",Fimela,0
Penampilan Tasya Kamila Dengan Gaya Tropical di Ulang Tahun Putrinya ke-3 Bertema Mermaid,Fimela,0
5 Perbedaan Rasa Cemas dan Stres yang Sering Disalahartikan,Fimela,0
Nike Tech Fleece Rp3 Jutaan Viral Dikenakan Presiden Venezuela Nicolás Maduro Ditangkap,Fimela,1
Resep Sup Biji Gandum Rempah dengan Minyak Wijen,Fimela,0
"Aura Pengantin Terpancar, Foto Lengkap El Rumi & Syifa Hadju di Swiss Curi Perhatian",Fimela,0
"5 Potret Gaya Seleb Liburan saat Hamil, Tetap Stylish dengan Baby Bump, Susan Sameh hingga Alyssa Daguise",Fimela,1
6 Potret Titi Kamal dengan Outfit Jaket Winter saat Liburan Tahun Baru di Swiss Bersama Keluarga,Fimela,1
"Bukan Serat Kaca, Ini Sensasi Unik Perawatan Fiberglass Facial yang Bikin Kulit Mulus",Fimela,0
Kapan Boleh Olahraga Saat Sakit? Ini Panduan Lengkapnya,Fimela,0
Haruskah Kita Menganggap Serius Suplemen Gummy Meski Manisnya Menggoda?,Fimela,1
Gaya Layering Stylish Jennifer Coppen saat Family Trip Tahun Baru 2026 Bareng Keluarga Justin Hubner,Fimela,0
"Gaya Valerie Tifanka Jadi Bridesmaid, Tampil Anggun Berkebaya Bali",Fimela,0
Pesona Elegan Bunga Citra Lestari Dibalut Long Dress Strapless Merah saat Pesta Malam Tahun Baru Sekaligus Merayakan Ulang Tahun Suami,Fimela,0
Potret Nikita Willy saat Rayakan Tahun Baru 2026 Bersama Keluarga Besar Tampil dengan Dresscode Hitam,Fimela,0
5 Pasangan Zodiak Berlawanan yang Justru Stabil,Fimela,1
Raisa hingga Hindia Ramaikan KapanLagi Buka Bareng Festival 2026,Fimela,0
Mindful Parenting di Tengah Harmoni Karya dan Kehidupan Andien Aisyah,Fimela,0
"Glamour Reborn, Lanvin Hadirkan Pesona Megah yang Modern",Fimela,0
Cute Collaboration Alert! Review Kolaborasi Beauty Paling Gemes Akhir 2025,Fimela,0
Menyelami Keindahan dan Kehidupan di Tanjung Kelayang Reserve,Fimela,0
"Mengenali Masalah Lambung Pada Anak, Terutama Gerd & Intoleransi",Fimela,0
Generasi Muda Bangga Berkain: Lewat TikTok Melestarikan Warisan Nusantara,Fimela,0
"Seru-seruan di Vidio Penasaran 2026: Musik, Meet & Greet, dan Ruang Interaktif",Fimela,0
"Arya Saloka Debut di Action Series Lewat Vidio Original Algojo, Siap Tayang 16 Januari 2026",Fimela,0
"ULTRAVERSE FESTIVAL Hadirkan Format Baru Konser Musik: 1 Waktu, 3 Kota, Terhubung tanpa Jeda",Fimela,0
Tiket Early Bird KapanLagi Buka Bareng 2026 Terjual Habis hanya Dalam 1 Jam,Fimela,0
"Bertabur Bintang, Ini Daftar Pemeran Series Algojo yang Segera Tayang di Vidio",Fimela,1
Amankan Tiket Early Bird KLBB Festival 2026 Mulai Rp49 Ribuan yang Dibuka Mulai Hari Ini,Fimela,0
"Papa Zola The Movie Siap Tayang di Indonesia, Film Animasi Keluarga Penuh Makna",Fimela,0
Saat Doa Mengalahkan Gemerlap: Swara Prambanan 2025 Rayakan Tahun Baru dengan Makna,Fimela,0
"Fakta Menarik Hakubo (Twilight), Anime Slice of Life dengan Visual Senja yang Estetik di Vidio",Fimela,0
"Fakta Menarik Anime My Daughter Left the Nest and Returned an S-Rank Adventurer, Tayang di Vidio",Fimela,0
"Cara Caitlin Halderman Membentuk Icha, Karakter Perempuan Kuat di Series Algojo",Fimela,0
Resep Sup Kacang Hijau Rempah tanpa Santan,Fimela,0
Merayakan Akhir Tahun Lewat Pengalaman Sederhana yang Dekat di Hati Bersama RAN,Fimela,0
7 Alat Styling Rambut yang Wajib Dimiliki untuk Penampilan Sempurna,Fimela,0
Arya Saloka Masuk Jajaran Jagoan Action Vidio lewat Series Algojo,Fimela,0
"Hendra Carabao Promotor Kelas Dunia, Hadirkan Legenda Biliar dari Efren Reyes hingga Florian Kohler",Fimela,0
“Avatar: Fire and Ash” Hadirkan Babak Baru Pandora yang Lebih Gelap dan Sarat Emosi,Fimela,0
"Yura Yunita Tutup Livin’ Fest Music di Surabaya, Rayakan Harmoni Indonesia Bernuansa Jawa Timur",Fimela,0
"Tembus 100 Ribu Penonton, Aksi Kocak Bunda Corla di Mertua Ngeri Kali Banjir Pujian",Fimela,0
Aksi Seru dan Chemistry Hangat yang Bikin Cerita Makin Hidup Dalam Drama Korea “Heroes Next Door”,Fimela,0
Kisah Emosional di Balik Debut Lagu Via Octora,Fimela,0
Pertunjukan Sri Asih 1989 Mengukuhkan DNA Seni Pertunjukan Sukabumi Lewat Sejarah Teater Lokal,Fimela,0
"Tipe Cowok Idaman Para Pemain di Series Sugar Baby Vidio, Ternyata Sederhana Banget",Fimela,1
Vietnam Ubah Serat nanas Jadi Tekstil Ramah Lingkungan,Fimela,0
Transformasi PILLAR: Menghidupkan Kembali Ikon-Ikon Visual di Ruang yang Lebih Modern,Fimela,0
Gaya Modest Preppy Delina Putri Liburan di China dengan Rok Tartan dan Cropped Jacket,Fimela,0
Potret Serasi Tasyi Athasyia dan Syech Zaki Rayakan Bak Pasangan Kerajaan Rusia Saat Anniversary 11 Tahun di China,Fimela,1
"Chanel hingga Hermes, Tasya Farasya Jinjing 5 Tas Branded Selama Perjalanan Umroh",Fimela,0
5 Aroma Parfum Tenang yang Tidak Menyengat untuk Kesegaran Sehari-hari,Fimela,0
"Gaya Lady Boss Tasya Farasya di Kantor Baru MOP yang Fairy, Tampil Bold dengan Setelan Ungu dan Tas Rp98 Jutaan",Fimela,0
"7 Model Cincin Nikah Emas London yang Memukau, Simbol Cinta dengan Pasangan",Fimela,0
"9 Inspirasi Model Baju Bridesmaid Emak Emak, Potongan Longgar dan Stylish",Fimela,0
"9 Jenis Pakaian yang Sebaiknya Tidak Dibeli Bekas, Ini Peringatan Para Ahli!",Fimela,1
"Tampilan Modest Outdoor Tiara Andini Saat Kirim Bantuan Bencana ke Aceh, Padukan Hijab dengan Rompi Volunteer",Fimela,0
Glamour Modern Serpenti Bvlgari 2026 Lewat Gaya Anne Hathaway dan Priyanka Chopra Jonas,Fimela,0
"Sambut Valentine, Rihanna Rilis Lingerie yang Terinspirasi dari Dewi Aphrodite dengan Motif Mawar Merah",Fimela,0
"Childhood Dream Terpenuhi, Prilly Latunconsina Tampil Serba Cokelat dengan Tas Hermes Saat Bertemu Doraemon di Jepang",Fimela,0
"Cucu Soeharto Segera Menikah, Prewedding Darma Mangkuluhur dan Patricia Schuldtz Tampil Bak Pasangan Ningrat",Fimela,1
Ariana Grande Bangkitkan Vibes Glinda di Critics Choice Awards 2026 dengan Dress Pink dan Rambut Berponi,Fimela,0
"7 Inspirasi Model Gamis Batik Duyung, Siap Bikin Penampilanmu Memikat",Fimela,0
"Liburan Tahun Baru 2026, Lyodra Ginting Tampil Stylish dengan Winter Outfit Serba Hitam di Norwegia",Fimela,0
Potret Bumil Stylish Alyssa Daguise Jadi Madam Chanel Saat Liburan di London,Fimela,0
Panduan Memilih Parfum Berdasarkan Aktivitas Harian untuk Kesan yang Tepat,Fimela,0
"Merayakan Tradisi dan Kreativitas, Mauliate Hadirkan Pesona Baru Wastra Batak",Fimela,0
Statement Gaya Fashion Rama Duwaji Sebagai Ibu Wali Kota NYC,Fimela,0
"Jelang Bulan Ramadan, Aaliyah Massaid Tampil Kompak Bersama Suami dan Putranya Kenakan Busana Muslim Serba Hitam",Fimela,0
Gaya Kompak Jessica Mila Liburan Akhir Tahun Bareng Kakak Ipar dan Mertua di Australia,Fimela,0
Gaya European Enzy Storia Liburan Musim Dingin ke Amsterdam Bersama Suami,Fimela,0
"Penampilan Serba Putih Publik Figur Hadir di Bridal Shower Ranty Maria dari Dea Annisa, Laura Theux, hingga Sarah Keihl",Fimela,0
"Sebentar Lagi Menikah, Gaya Ranty Maria Menjelma Peri Cantik dalam Balutan Dress Bunga di Momen Bridal Shower",Fimela,0
"Kompak Serba Putih di Hamparan Salju, Beda Gaya Shandy Aulia dan Nia Ramadhani Saat Main Ski di Swiss",Fimela,0
"Reuni Geng Mermaid In Love di Tahun Baru 2026, Rebecca Klopper hingga Syifa Hadju Kompak Tampil Kasual",Fimela,0
"Kemewahan Tanpa Batas, Kim Kardashian Hadiahi North West Kalung Berlian 106 Karat untuk Natal",Fimela,0
"Gaya Prilly Latuconsina Nikmati Salju di Shirakawago, Tas Chanel Burgundy Puluhan Juta Jadi Statement",Fimela,0
"Gaya Kompak Serba Putih Pangeran Brunei Abdul Mateen & Anisha Rosnah, Rayakan Tahun Baru 2026 dengan Maternity Photoshoot Terbaru",Fimela,0
"Gaya Jennifer Coppen Rayakan Tahun Baru Perdana sebagai Calon Istri Justin Hubner, Kompak Serba Hitam",Fimela,0
"Gaya Layering Natasha Rizky Liburan Musim Dingin ke Korea Selatan, Hangat dan Effortless Bareng Tiga Anak",Fimela,0
Gaya Modis Shandy Aulia Main Ski Serasi di Tengah Hamparan Salju Swiss,Fimela,0
"Gaya Desta & Natasha Rizky Remake Foto Liburan Korea Selatan 2019, Tahun Baru Tetap Kompak Dibalut Hanbok",Fimela,0
"Gaya Zoe Abbas Jackson Rayakan Ultah ke-23 dengan Mendaki Gunung Huangshan, Keluar dari Zona Nyaman",Fimela,0
"Hamil Tetap On Point, Alyssa Daguise Pamer Baby Bump dengan Coat Bulu & Perhiasan Nyaris Rp1 Miliar Saat Liburan Tahun Baru 2026 di London",Fimela,0
Tampilan Manis Serba Pink Tasya Farasya Jajal Es Krim Rose Viral di Madinah,Fimela,1
"Rayakan Ulang Tahun ke-31, Jisoo BLACKPINK Tampil Smart Casual Saat Traktir Fans Makan hingga Bagi Hadiah iPhone",Fimela,0
"Penghormatan Tertinggi, Direktur Artistik Louis Vuitton Dianugerahi Gelar Ksatria oleh Pemerintah Prancis",Fimela,0
Levi’s Blue Tab Hadirkan Craftsmanship Premium ala Kreator Muda Indonesia,Fimela,0
OMEGA Rayakan Peluncuran Global Planet Ocean Terbaru di Chongqing dengan Kemewahan Ikonik,Fimela,0
Traveling ke Negara Dingin? Begini Cara Packing Pakaian Agar Lebih Efisien,Fimela,0
Langkah Kecil yang Bisa Jadi Awal Hidup Lebih Ramah Lingkungan di 2026,Fimela,0
"5 Gaya Artis Rayakan Tahun Baru 2026 Bareng Pasangan, dari El Rumi–Syifa Hadju hingga Prilly Latuconsina–Omara Esteghlal",Fimela,0
"Tampil Berani di Panggung Tahun Baru 2026, Gaya Ayu Ting Ting Curi Perhatian Pakai Baju Lace Hitam",Fimela,0
"Gaya Kompak Atta dan Aurel Hermansyah Saat Dinner Akhir Tahun 2025 Bersama Keluarga Besar di Hong Kong, Elegan dalam Nuansa Hitam-Abu",Fimela,0
Cara Memulai Kebiasaan Thrifting yang Tetap Stylish dan Bertanggung Jawab,Fimela,0
"Jauh dari Pesta, Gaya Cinta Laura dan Arya Vasco Rayakan Akhir Tahun 2025 dengan Meditasi di Thailand",Fimela,0
"Rayakan Tahun Baru 2026 dengan Piyama Serasi, Gaya Keluarga Felicya Angelista & Caesar Hito Tetap Hangat dan Stylish",Fimela,0
"Bikin Pangling Tampil Berhijab, Pesona Tasya Farasya dengan Makeup Natural Flawless Saat Berangkat Umrah",Fimela,0
"Pesona Tasya Farasya dalam Balutan Hijab Syar’i dan Cadar, Sambut Tahun Baru 2026 dengan Umrah",Fimela,0
"Feel What’s Possible, Cole Haan Hadirkan Inovasi Kenyamanan di Winter 2025",Fimela,0
"Tren Aksesori 2026: Tas, Perhiasan, dan Kacamata yang Harus Dimiliki",Fimela,0
"Gaya Winter Chic Naura Ayu Saat Liburan Akhir Tahun di Paris, Effortless tapi Tetap Stylish",Fimela,0
Tips Memilih Celana untuk Paha Besar yang Bikin Percaya Diri,Fimela,0
Cara Styling Atasan untuk Dada Besar: Tips Fashion yang Menyanjung,Fimela,0
Tips Berpakaian untuk Perempuan Bertubuh Curvy: Rahasia Menonjolkan Lekuk Tubuh,Fimela,1
Fashion untuk Tubuh Lurus agar Terlihat Berlekuk: Tips dan Trik Menarik,Fimela,1
Manglingi! Michelle Ziudith Tampil Bak Barbie Hidup di Gala Premiere Film Alas Roban,Fimela,0
"Potret Hangat Audi Marissa dan Putra Semata Wayangnya Anzel, Kompak Berbalut Cardigan Beige",Fimela,0
Padu Padan Gaya Parisian Chic dari Enzy Story dengan Rok Tartan di Paris,Fimela,0
"6 Pesona Tampilan Segar Luna Maya dengan Potongan Rambut Baru, Sambut 2026",Fimela,0
"Penampilan Denada di Usia 47 Tahun, Tampil Glamor dikelilingi Hadiah Gemerlap",Fimela,1
"Casual hingga Office Look, Mahalini Raharja Tampil Boyish dengan Tas Louis Vuitton Rp46Jutaan",Fimela,0
6 Potret OOTD Mahalini dengan Gaya Office Look Stylish Kenakan Dasi Dipadu Korset dan Tas Louis Vuitton,Fimela,1
"Gaya Gemas Lily, Liburan Musin Dingin dengan Outfit Jutaan Rupiah",Fimela,0
"Deretan Gaya Liburan Musim Dingin Nagita Slavina, Outfit Layering Super Stylish Jadi Panutan",Fimela,0
"Bak Pinang Dibelah Dua, Potret Cantik Nia Ramadhani dan Mikhayla Bakrie Liburan di Eropa",Fimela,0
"Jadi Tren Natal 2025, 8 Selebritis Kenakan Baju Piyama saat Foto Natal dari Jennifer Lopez hingga Jessica Iskandar",Fimela,0
"Gaya Serasi Calon Manten Sarah Menzel dan Azriel Hermansyah dalam Busana Netral Liburan Bareng Keluarga ke China,",Fimela,0
"Parade Busana Serba Merah Selebriti Rayakan Natal, dari Jessica Mila hingga Wulan Guritno",Fimela,0
"10 Gaya Selebritis Tanah Air Rayakan Natal 2025 Bersama Keluarga yang Penuh Kehangatan, Amanda Manopo, Bernadya, hingga Shandy Aulia",Fimela,0
"8 Gaya Selebritis Korea Selatan Berfoto Bersama Pohon Natal 2025, Yoona SNSD hingga Park Shin Hye",Fimela,0
Pesona Leticia Joseph di Panggung Gadis Sampul 2025 hingga Tampilan Daily yang Memesona,Fimela,0
"Elegan, Nyaman, dan Modern, 6 Ispirasi Gaya Fashion Alyssa Daguise di Masa Kehamilan",Fimela,0
Potret OOTD Syifa Hadju Kenakan Brand Lokal dengan Look Feminine hingga Kasual,Fimela,0
Tampilan Adem Marsha Aruan Berkerudung Sambil Jinjing Tas Rp67 Jutaan Saat Kunjungi Masjid Agung di Dubai,Fimela,0
"8 Potret Para Artis Unggah Foto Bersama Ibu Mereka di Hari Ibu, Dian Sastrowardoyo hingga Syifa Hadju",Fimela,1
"9 Potret Hangat Selebriti Tanah Air Rayakan Hari Ibu, Dari Aaliyah Massaid hingga Tissa Biani",Fimela,1
6 Potret Jennie Blackpink Dibalut Busana Terinspirasi Korea hingga Jaket Bertuliskan Namanya Dibuat Selama 200 Jam di MMA 2025,Fimela,1
"Tiru Gaya Rosalinda, Marion Jola Tampil Memikat Bak Artis Telenovela dengan Kulit Eksotis",Fimela,0
"8 Gaya Rambut Pendek Artis Indonesia hingga Korea Selatan yang Tren di Tahun 2025, Ada Song Hye Kyo Sampai Luna Maya",Fimela,0
Alessandro Michele Bangkitkan Gaya 80an yang Vibrant di Koleksi Pre-Fall Valentino 2026,Fimela,0
"Tampilan Glamor Luna Maya dan Alexa Key Hadiri Acara Bvlgari di Dubai, Bertabur Berlian Bak Sultan",Fimela,0
6 Potret Lyodra Tampil Bak Sekuntum Mawar Merah Lewat Gaun yang Membalut Dirinya,Fimela,1
"Mengakhiri Konser Dunianya di Seoul, G-DRAGON Mengenakan Bros Chanel Emas Putih dan Berlian Tahun 1932",Fimela,0
6 Potret Perayaan Ulang Tahun ke-27 Natasha Wilona Tampil Bak Baby Doll Dibalut Mini Dress Pink,Fimela,1
"Superbank Cetak Momen Istimewa, Jadi Salah Satu IPO Terbesar di BEI Sepanjang 2025",Fimela,1
6 Potret Ghea Indrawari Padukan Gaya Tradisional dengan Modern Kenakan Kebaya dan Heels Boots,Fimela,1
"Dari Limbah Jadi Energi, Cara AYANA Bali Menerapkan Circular Economy di Industri Hospitality",Fimela,0
Tampilan Edgy Maudy Ayunda Saat Kenakan Kebaya dengan Gaya Teknik Layering,Fimela,0
"Liburan ke Korea Selatan, Gaya Kompak Siti Badriah dan Putrinya Kenakan Hanbok Musim Dingin",Fimela,0
"Beda Pesona Prilly Latuconsina Saat Jinjing Dua Tas Branded yang Berbeda, Mana yang Jadi Favoritmu?",Fimela,1
"Emtek Group Tunjukkan Kepedulian Lewat Bantuan Kemanusiaan untuk Wilayah Terdampak Bencana di Sumatra Barat, Sumatra Utara, dan Aceh",Fimela,0
Kebiasaan Sehat untuk Usia 40-an: Tips Menjaga Vitalitas dan Kesehatan,Fimela,0
"Kesemutan dan Kebas Bisa Jadi Tanda Penyakit Serius, Ini Jawaban Menurut Para Ahli",Fimela,0
Sering Kram dan Kesemutan di Usia Muda? Bisa Jadi Ini Alarm dari Tubuh,Fimela,0
"Olahraga Paling Sederhana untuk Mendorong Kinerja Otak, Cuma Jalan Kaki",Fimela,0
Bolehkah Langsung Mandi Setelah Olahraga? Ini Penjelasannya,Fimela,0
"Bukan Sekadar Batuk Pilek Biasa, Pneumonia Harus Diwaspadai Sejak Dini",Fimela,1
Jam Berapa Paling Ideal untuk Kegiatan Pagi yang Menyehatkan? Berikut Penjelasannya,Fimela,0
Begini Cara Memulai Rahasia Kegiatan Pagi yang Menyehatkan Ini Wajib Dicoba,Fimela,1
7 Kegiatan Pagi yang Menyehatkan agar Tubuh Ideal,Fimela,0
"12 Manfaat Rumput Mutiara untuk Kesehatan, Beragam Khasiat Penting Diketahui",Fimela,1
5 Cara Mengatasi Sakit Kepala Secara Alami yang Ampuh dan Mudah,Fimela,1
Alasan Nasi Dingin Memengaruhi Gula Darah,Fimela,0
Alasan Mengapa Nasi Dingin Lebih Baik daripada Nasi Panas untuk Kesehatan,Fimela,0
Tips Mengatasi Perut Buncit: Cara Efektif untuk Kesehatan yang Lebih Baik,Fimela,0
4 Manfaat Berenang untuk Kesehatan Mental,Fimela,1
Ini Lho 7 Cara Atasi Kesehatan Mental Menurut Ahli yang Wajib Dicoba!,Fimela,1
5 Langkah Nyata Meningkatkan Motivasi Fitness Tanpa Paksaan,Fimela,1
4 Manfaat Biji Bunga Matahari untuk Kesehatan Tubuh,Fimela,1
"Mengungkap Rahasia Bubuk Protein, Apa Perbedaan Whey Protein Isolate dan Concentrate?",Fimela,1
Manfaat Kunyit untuk Asam Lambung: Solusi Alami yang Menarik,Fimela,0
5 Penyebab Batuk Berdahak yang Perlu Kamu Ketahui,Fimela,0
Apakah Intermittent Fasting Memengaruhi Konsentrasi? Temuan Baru Menjawab,Fimela,0
"Influenza H3N2, Ancaman Flu Musiman yang Perlu Diwaspadai",Fimela,1
Jangan Diabaikan! Ini Tanda Tubuhmu Mengalami Defisiensi Vitamin D,Fimela,0
Rutinitas Skincare Harian dengan Konsep Ceria dan Busa Lembut,grid,0
"Mom Guilt, Antara Tuntutan Peran dan Kebutuhan Diri",grid,0
Menjadi Perempuan yang Lebih Siap Hadapi Tantangan Hidup,grid,0
Grid Network Mendapat Penghargaan Media Of The Year 2025 pada Acara seedbacklink Summit 2026,grid,0
Tips Memilih Jam Tangan yang Sesuai untuk Hadiah di Momen Akhir Tahun,grid,0
"Skincare Tidak Mempan, 3 Makanan Ini Penyebab Wajah Kusam dan Jerawatan",grid,0
Benarkah Minyak Kelapa Efektif Hilangkan Jerawat? Cek Faktanya Berikut,grid,1
Kenapa Ketiak Bau Menyengat? Ini Penyebabnya yang Wajib Tahu!,grid,1
"Inilah Penyebab Ketiak Bau saat Musim Hujan, Ini Tips Bikin Badan Wangi",grid,1
"Akhir Tahun Makin Stylish, Fashion Global Ini Resmi Hadir di Indonesia",grid,0
"Manfaat Air Tawas untuk Ketiak Bau dan Hitam, Begini Cara Pakainya!",grid,1
"Ngotot Eksfoliasi Ketiak Pakai Odol, Seorang Dokter Beberkan Akibatnya! Jangan Coba-coba",grid,1
"Bau Ketiak Hilang Pakai Sabun Mandi yang Tepat, Ini Cara Memilihnya",grid,0
"5 Rekomendasi Produk Pencerah Ketiak Terbaik 2024, Ringan dan Enggak Lengket!",grid,0
Benjolan di Ketiak Karena Kecapekan itu Apa? Cari Tahu Selengkapnya,grid,0
"Baru Tahu, Ini Perbedaan Jerawat PIH dan PIE Serta Cara Hilangkannya",grid,0
Turnamen Mini Padel Queen Clash Jadi Ruang Nyaman untuk Pemain Beginner,grid,0
Cara Ampuh Agar Tubuh Selalu Wangi Saat Beraktivitas Seharian,grid,0
"Cara Mengatasi Rambut Rontok pada Pria dengan Vitamin Ini, Cek!",grid,1
"Jangan Dibuang Dulu, Ini Trik Memperbaiki Ritsleting Tas yang Rusak!",grid,0
"Trik Jitu Cuci Baju Anti Apek di Musim Hujan, Kamu Wajib Coba!",grid,1
"Kenali 6 Tanda Kulit Dehidrasi, Jangan Keliru dengan Kulit Kering!",grid,1
"Jangan Asal Pilih, Ini Tips Memilih Tumbler Sesuai Kepribadianmu!",grid,0
Khasiat Baik Minyak Zaitun untuk Kesehatan Rambut Kamu! Berani Coba?,grid,1
"Manfaat Toner untuk Kulit Tampak Sehat dan Segar, Ini Tipsnya!",grid,0
Tiga Manfaat Ajaib Bawang Putih Sebagai Ramuan Alami Kecantikan Kulit,grid,0
Tips Efektif Mengeringkan Sepatu Basah Terkena Hujan Memakai Koran,grid,0
Kenali Penyebab Kuku Kaki Hitam dan Tips Merawatnya Menjadi Sehat!,grid,0
"Event Salon Kreatif Hadir Lagi, Pengalaman Rambut Premium untuk Pecinta Fashion Jakarta",grid,0
"'Wrapped in Love', Referensi Kado Natal untuk Rayakan Momen Penuh Kehangatan dan Kepedulian",grid,0
"Begini Cara Membersihkan Noda Minyak Pada Hijab, Ternyata Mudah",grid,1
"Meet & Grow 2025, Hadirkan Momen Penuh Inspirasi dan Kebersamaan",grid,0
"Terima Penghargaan Pro Ecclesia et Pontifice, Lilik Oetama Jadi Simbol Dedikasi untuk Gereja dan Kemanusiaan",grid,0
"Perawatan Rambut Cowok yang Kering dan Ngembang, Ternyata Gampang Kok",grid,1
Ternyata Ini Rahasia Wajah Atlet Tetap Glowing Walau Latihan Terus,grid,1
Apa Kelebihan dan Kekurangan Celana Dalam Berbahan Polyester? Simak,grid,1
Parapuan dan GridOto Luncurkan Kanal “HER WHEELS”: Ruang Inspirasi Perempuan di Dunia Otomotif,grid,0
Kenapa Area Ketiak Jadi Hitam dan Kering? Begini Cara Mengatasinya,grid,0
"Sampo Apa yang Bikin Rambut Lembut? Ada 3 Rekomendasinya, Ini Dia",grid,1
"Baru Tahu, Tips Memilih Baju Olahraga yang Sehat, Nyaman dan Stylish",grid,0
"Tips Memilih Outfit Lari Marathon Untuk Hijabers, Kece dan Nyaman",grid,0
"Tampil Menawan di Setiap Momen, TRESemmé Bawa Ribuan Inspirasi Gaya Rambut ke JFW 2026",grid,0
"Kemeja Flannel Kembali Jadi Favorit, Begini Cara Gen Z dan Milenial Memakainya",grid,0
"Gerai Terbaru BIMBA Y LOLA di Grand Indonesia, Tampilkan Koleksi Penuh Warna dan Gaya",grid,0
Manjakan Kulit dengan Inovasi Skincare Beraroma Kopi yang Menenangkan,grid,0
Women Go To Campus: LSPR Institute of Communication and Business Hadirkan Seminar Kesetaraan Gender,grid,0
"Inspirasi OOTD Hijab ke Kantor Dengan Teknik Layering, Yuk Ikuti",grid,0
"5 Warna Hijab yang Bisa Bikin Wajah Lebih Cerah, Wajib Punya Nih",grid,0
"Belanja Kebutuhan Dapur: 30 Menit Sampai, Gratis Ongkir Berkali-kali",grid,0
Hearts Beyond with Stylo Ajak Remaja Kenali Ukuran Bra yang Tepat,grid,0
Keindahan Budaya Indonesia dalam Ilustrasi Wastana Haikal di Jam Tangan Seni,grid,0
October Wanders at PIK : Jelajahi Pilihan Event dan Aktivitas Hiburan Tematik di Pantai Indah Kapuk,grid,0
Sabrina Anggraini Hadirkan Ruang Cerita Bagi Para Ibu untuk Saling Menguatkan,grid,0
Indonesia Women Fest Gelar Workshop Fashion Grooming di Institut Pariwisata Trisakti,grid,0
Innity Indonesia Raih Penghargaan MarTech of the Year di NEXT Awards 2025,grid,0
"Moon Ga Young Tiba di Indonesia, Hadiri Grand Opening Toko Brand Makeup Mewah Kelas Dunia",grid,0
"AW25 Autograph Collection, Perpaduan Gaya dan Kualitas sekaligus Keistimewaan",grid,0
"Petualangan Pak Janggut & Deni Manusia Ikan Vol 3 Hadir Lagi, Ikuti Pre-Order Sekarang!",grid,0
Majalah Bobo Hadir di JICAF 2025: Rayakan Kreativitas dan Nostalgia Bersama Kak Yoyok,grid,0
Zumba Merah Putih hingga Joget Balon Warnai Pre-Event IWF 2026,grid,0
Ramalan Zodiak Minggu 9 Mei 2021: Saatnya Istirahat dan Me Time!,grid,0
Cerita Pertama Kali Berhijab Tiara Tri Hapsari: Merasakan Hati Tersentuh untuk Berhijab Ketika Melakukan Solo Travelling Tur Eropa,grid,0
"Penampilan Amanda Manopo Curi Perhatian Saat Endorse di Instagram, Harga Topinya Bikin Menjerit!",grid,0
BERITA TERPOPULER: dari Penampilan Puput Nastiti Bikin Netizen Salfok hingga Jaket Mewah Amanda Manopo,grid,1
"Take Adegan Larian-larian di Ikatan Cinta, Amanda Manopo Bawa Tas Seharga Rp33 Juta!",grid,0
"Menantunya Dikenal Selalu Tampil Mewah, Ibunda Atta Halilintar Tak Mau Kalah Tenteng Tas Mewah Ratusan Juta Rupiah!",grid,0
"Bak Sultan Klaim Kekayaannya 1,3 Triliun, Nikita Mirzani Pamer Bayar THR Karyawan Hingga 300 Juta Rupiah Cuma Untuk 10 Orang!",grid,0
Rekomendasi Online Shop yang Jual Dress Putih untuk Lebaran Harga 100 Ribuan Aja!,grid,0
"Ayu Ting Ting Kesal Lihat Raffi Ahmad Unggah Foto Keluarga Hingga Sindir Pakai Kaus 'Nomor Dua Tapi Juara', Ayu Dewi Beberkan Fakta Mengejutkan!",grid,1
"Beredar Foto Puput Nastiti Devi Sedang Jalan Pagi Bersama Keluarga, Netizen Justru Salah Fokus dengan Lengan Istri Ahok, Kenapa?",grid,1
"Stylish Abis Sampai Anti Pakai Daster, Ibunda Tasya Farasya Pilih Kenakan Jaket dan Legging, Sandalnya Tetap Hermès!",grid,0
Ramalan Zodiak Sabtu 8 Mei 2021: Aries Merasa Jengkel Seharian?,grid,1
"Makan Bakso dengan Dua Topping Penambahan Rasa Ini, Ternyata Bisa Ancam Nyawa!",grid,1
"Tak Pernah Gagal Padu Padan Baju Murah, Lihat Blus Renda Elsa Ikatan Cinta yang Harganya Terjangkau!",grid,1
Tren Baju Lebaran 2021: Rekomendasi Tunik Cantik ala Liza Rosalita,grid,0
Jangan Dibuang! Ternyata Ada Cara Mudah Mengatasi Sepatu Kebesaran,grid,1
"Nikita Mirzani Siap Nikah yang Keempat Kalinya, Foto Duda Tajir Kekasih Barunya Diumbar di Akun Instagram!",grid,0
"Cerita Pertama Kali Berhijab Ida Nastiti: Awalnya Tak PD dengan Model Rambut, Kemudian Tergerak dari Hati Ingin Belajar Pakai Hijab",grid,0
"Selalu Dikaitkan Jadi Orang Ketiga dalam Rumah Tangga Celine Evangelista, Natasha Wilona Tak Akan Satu Sinetron Lagi dengan Stefan William, Kenapa?",grid,1
"Info Lowongan Kerja 2021 untuk Perempuan Posisi Crew Outlet Full Time Domisili Bandung dan Jakarta, Gaji Rp3,6 Juta!",grid,1
"Jadi Crazy Rich Mei 2021, 3 Zodiak Ini Meraih Kesuksesan dari Kerja Kerasnya!",grid,0
BERITA TERPOPULER: Mulan Jameela Ternyata Bukan Istri Kedua Hingga Aurel Hermansyah Makin Terlihat Tajir Saat Tenteng Tas Ratusan Juta,grid,1
"Pamer Wajah Simetris Saat Main TikTok, Lihat Gaya Simpel Rose Blackpink Pakai Kalung Cantik!",grid,1
"Meski Terasa Canggung, Ternyata Banyak Manfaat Jika Menikah dengan Sahabat",grid,1
"Amanda Manopo Pemeran Andin Ikatan Cinta Suntik Vitamin C di Bibir, Ternyata Ini Manfaatnya!",grid,1
"Jarang Terekspos, Intip Penampilan Nyentrik Mertua Aurel Hermansyah, Geni Faruk Kenakan Tas Mewah yang Tak Kalah Cetar dari Sang Mantu!",grid,0
"Sudah Jadi Ibu, Penampilan Zaskia Sungkar Tetap Modis Pakai Sepatu Branded Belasan Juta Rupiah!",grid,0
"Gairah Jangan Ditahan, Simak 5 Cara Aman Bercinta Setelah Melahirkan",grid,1
"Habis se-Indonesia Ketipu Ahmad Dhani, Mulan Jameela Ternyata Bukan Istri Kedua Ketika Mantan Suami Maia Estianty Bongkar Sendiri di Depan Orang Ini: Mulan Itu Istri Ketiga!",grid,1
Mata Cetar Bak Selebriti Saat Lebaran dengan Makeup dari Brand Artis Indonesia,grid,0
"Tren Baju Lebaran 2021: Mukena, Hijab Instan, dan Busana Sarimbit Paling Diminati! Sudah Punya Belum?",grid,1
"Cerita Pertama Kali Berhijab Ayu Ihsana: Berproses Mencari dan Mengenal Tuhan, Membuka Jalanku untuk Berhijab",grid,0
Waspada Merokok Timbulkan Bau Mulut! Kamu Harus Tau Alasannya!,grid,1
"4 Zodiak Ini Beruntung Seumur Hidup, Nggak Heran Kalau Sukses!",grid,0
"Jadi Bumil Pakai Sandal, Harga Alas Kaki Nagita Slavina Auto Bikin Syok Netizen",grid,1
"Selalu Memihak Elsa Dibanding Andin Ikatan Cinta, Gaya Fashion Pemeran Mama Sarah Malah Kompak dengan Andin, Mewah!",grid,1
"Nagita Slavina Pamer Case HP Baru, Netizen: Lagi Sahur Langsung Kenyang Liat Harganya!",grid,0
3 Cara Atasi Iritasi dan Kemerahan Kulit Wajah Secara Instan Serta Rekomendasi Produknya,grid,1
3 Cara Mudah Menjaga Kesehatan Gigi agar Putih dan Tidak Bau Mulut,grid,1
"Kenakan Jaket Mewah di Ikatan Cinta, Netizen Sindir Artis Inisial N yang Sebut Amanda Manopo Pansos ke Billy Syahputra!",grid,0
"Waktu Masih Gadis Hobi Umbar Aurat, Kini Aurel Hermansyah Makin Santun Saat Tampil Berbalut Gamis Syar'i, Langsung Dipuji Habis-habisan!",grid,0
4 Rekomendasi Body Lotion untuk Atasi Kulit Kering dan Bersisik di Bawah Rp 50 Ribu,grid,0
"Inspirasi Mix and Match Rok Plisket Putih ala Selebgram Thafanyads, Fashionable Banget!",grid,0
Tips Memakai Sunscreen Spray dan Sunscreen Stick untuk Perlindungan Maksimal!,grid,0
4 Rekomendasi Sheet Mask Anti Aging untuk Wajah Cerah dan Awet Muda di Bawah Rp 30 Ribu,grid,0
"Punya Suami Tajir Melintir, Netizen Kaget Aurel Hermansyah Masih Pakai Baju yang Sama Dua Kali: Itu-itu Aja!",grid,0
"Destry Angryana: Pernah Diejek Karena Tubuh Kurus dan Wajah Tak Mulus, Kini Sukses Wujudkan Cita-cita Sebagai Beauty Creator #InspirasiCantik",grid,0
"3 Rekomendasi Serum Berbahan Dasar Ikan yang Bisa Bikin Wajah Awet Muda, Sudah Punya Belum?",grid,1
"Batang Hidungnya Tak Terlihat Saat Mark Sungkar Bebas dari Penjara, Ternyata Ini Alasan Zaskia Sungkar dan Shireen Sungkar Enggan Jemput Sang Ayah!",grid,1
"Cek Hoax Soal Produk Skincare: Cleansing Oil Bikin Jerawatan Hingga Clay Mask Bisa Detoks Kulit, Ini Faktanya!",grid,1
"Rumah Mewah Bak Istana Terpaksa Disulap Jadi Warung Geprek, Anak Muzdalifah Ikut Bantu Ekonomi dengan Jualan Kue, Beneran Bangkrut?",grid,1
BERITA TERPOPULER: Mayangsari Muak Dijuluki Pelakor Senior Hingga Tampilan Sultan Andara Nagita Slavina Pakai Baju Hampers Gratisan,grid,1
Cara Mengatasi Kaki Pecah-pecah dengan 3 Pilihan Krim Berikut Ini!,grid,0
"Rekomendasi Makeup Glowing untuk Lebaran 2021, Awet Seharian!",grid,0
"Heboh Perceraian Bill Gates dan Melinda, Penerjemah Zhe Wang Dituding Jadi Pihak Ketiga",grid,1
"Karakter Aldebaran di Ikatan Cinta Jadi Sorotan, Ini Ciri Pria yang Suka Sembunyikan Sesuatu dari Pasangan!",grid,0
"5 Cara Hilangkan Bekas Gigitan Cinta dari Pasangan, Biar Enggak Ketahuan Habis Berhubungan Intim!",grid,1
Salah Pilih Sampo Bisa Bikin Rambut Rontok! Kamu Harus Tau Cara Mengatasinya!,grid,0
"Pose Nyender di Balkon Tanpa Makeup, Lengan Via Vallen Terekspos Kenakan Jam Tangan Mewah!",grid,0
"Berisiko Timbul Jerawat dan Iristasi, Yuk Rutin Cuci Spons Makeup dengan Tiga Macam Bahan Ini",grid,0
"Pulang dari Jepang Langsung Tampil Alim Pakai Hijab, Syahrini Tetap Pamer Kemewahan Tenteng Tas Rp4 Miliar",grid,0
10 Aksesori Tren Fashion Spring-Summer 2021 yang Patut Dicoba,grid,0
"Muak Terus-terusan Dijuluki Pelakor Senior, Mayangsari Beberkan Alasan yang Buat Pasangan Berpaling dan Lebih Pilih Orang Lain: Intropeksi Diri!",grid,0
Mata Cetar Bak Selebriti Saat Lebaran dengan Eyeshadow Palette dari Brand Artis Indonesia,grid,0
"Duel Tone Up Sunscreen yang Bisa Bikin Wajah Cerah Y.O.U VS Skin Aqua, Mana Jagoanmu?",grid,1
"Didapuk Jadi Ratu Hermes, Gaya Syahrini Tenteng Tas Mewah Jadi Bahan Nyiyiran Netizen, Begini Potretnya!",grid,0
"Cuma Momong Anak Semata Wayang di Rumah, Harga Kaos Zaskia Sungkar Ini Bisa Buat Beli Motor Bekas!",grid,0
"Ngebet Punya Anak, Contek Posisi Yoga Atta - Aurel Agar Cepat Dapat Momongan!",grid,0
3 Cara Atasi Kulit Wajah Kering Secara Instan dan Rekomendasi Produknya,grid,1
"4 Zodiak Paling Nggak Semangat Cari Pahala Saat Puasa, Kamu Termasuk?",grid,1
"Liburan Keluarga ke Sea World Cuma Pakai Tank Top Tali, Vanessa Angel Diserbu Netizen Saat Tangan Suami Nakal Pegang Dada",grid,0
Tren Fashion Spring-Summer 2021: Inspirasi Outfit Bohemian Style yang Wajib Kamu Coba!,grid,0
Deretan Fashion Item Mewah yang Dipakai Selvi Ananda Saat Bertugas Sebagai Ketua PKK dan Istri Wali Kota Solo,grid,0
3 Langkah Atasi Lipatan Tubuh Menghitam Akibat Obesitas dan Rekomendasi Produknya,grid,1
Pertama Kali Berhijab Rachmad Vinda Pratiwi: Mencoba Istiqomah untuk Berhijab Pasca Didiagnosis Penyakit Autoimun,grid,0
"Inilah Kadar Niacinamide yang Aman untuk Kulit, Jangan Lebih dari Sekian Persen!",grid,1
"Info Lowongan Kerja 2021 untuk Perempuan Posisi Marketing Communication Full Time Domisili Jakarta, Gaji Hingga Rp7,5 Juta!",grid,1
Cantiknya Aurel Hermansyah Berbalut Hijab Tenteng Tas Ratusan Juta Rupiah! Seperti apa?,grid,1
"Drama Vincenzo Tamat, Begini Harga Deretan Blazer Jeon Yeo Bin! Pantas Keliatan Mewah!",grid,0
Pilihan Online Shop yang Jual Busana Plisket Untuk Hijabers yang Bisa Dipakai Saat Lebaran,grid,0
3 Rekomendasi Sabun Cuci Muka untuk Kulit Kombinasi di Bawah Rp 50 Ribu,grid,0
"Bukan Level Suvenir, Harga Pouch Makeup Mungil Nagita Slavina Bikin Netizen Sungkem!",grid,0
"Cathy Sharon, Bahas Tuntas Soal Makeup dan Perempuan di Hari Kartini: Memberi Kebahagiaan dan Mempertegas Kecantikan!",grid,0
5 Rekomendasi Toner untuk Kulit Berjerawat di Bawah Rp 50 Ribu,grid,0
"Dituding Punya Kelainan Seksual Sebelum Jadi Duda oleh Orang Tua Tsania Marwa, Atalarik Syah Ungkap Rasa Trauma Masa Lalu!",grid,0
"Lagi-lagi Curi Perhatian Pakai Rok Warna-warni Saat Syuting Ikatan Cinta Episode 261, Amanda Manopo Disebut Bisa Beli Pabrik Gucci!",grid,0
"Mitos Cara Memilih Warna Foundation Ini Kurang Tepat, Simak Triknya!",grid,1
Tren Baju Lebaran 2021: Inspirasi Gamis Cantik ala Cut Indah Sundari,grid,0
"Baru Nikah Tapi Sudah Pisah Ranjang dengan Sang Gladiator, Kalina Ocktaranny Putuskan Susul Vicky Prasetyo yang Tak Kunjung Pulang: Nggak Ketemu 3 Hari",grid,0
"Kecantikannya Disebut 11 12 dengan Andin, Pemeran Michi Ikatan Cinta Banjir Pujian Saat Unggah Foto Gombalin Netizen!",grid,0
5 Produk Skincare Menenangkan Kulit Sensitif Iritasi dari Brand Lokal,grid,0
"Padahal Penghasilan Tembus 1 Milyar Tapi Saldo ATM 0, Ayu Ting Ting Pernah Malu Tak Bisa Bayar Belanjaan, Terkuak Kemana Larinya Gaji Sang Biduan",grid,0
BERITA TERPOPULER: Ayu Ting Ting Dituding Duplikat Fashion Nagita Slavina Lagi Kepergok Punya Cincin Mewah yang Sama Hingga Cantiknya Kakak Amanda Manopo Pakai Vest Korean Style,grid,1
"Tidak Perlu Khawatir, Inilah 3 Cara Membuat Hubungan Semakin Harmonis Meskipun LDR!",grid,1
Tren Aksesoris Lebaran 2021: Pilihan Bros Modern untuk Gaya Hijab Simpel,grid,0
"Selalu Berbuka Puasa dengan Gorengan, Hati-hati Jerawat Mengintai! Simak Penjelasannya Yuk!",grid,1
"Pasien Covid-19 dengan Mutasi Baru Dikabarkan Meninggal Dunia, Ini Penjelasan Lengkapnya!",grid,0
"CANIEXPO 2025 - Education Fair Kembali Hadir di Jakarta, Mengangkat Tema Learning amid Disruption",grid,0
12 Lagu Disney Diubah Jadi Bahasa Indonesia! Mau Denger?,grid,1
"Puspawarna, Lagu Indonesia Pertama Yang Mengudara di Luar Angkasa",grid,0
Lagu Indonesia Raya Dulunya Berjudul Indonesia Raja (1928),grid,0
Ini 5 Lirik Lagu Punk yang Cocok Buat Caption Foto Kelulusan Kamu di IG! Anak SMA Wajib Baca!,grid,0
"Ahmad Dhani Ungkap Asal Usul Nama Dewa 19: Angka '19' Itu Judul Album Perdana, Bukan Nama Band",grid,0
5 Lagu Dewa 19 dengan Nama Perempuan Sebagai Judul! Mana Favorit Lo?,grid,1
"Nggak Serem Ternyata, Ini Daftar Kata-kata yang Paling Sering Digunakan Dalam Lirik Lagu Slipknot",grid,1
10 Kata-kata Sad Aesthetic dari Lirik Lagu Emo Buat Jadi Caption Medsos,grid,0
"""Kini Saatnya"" Single Baru Gorga Bersama Barry Likumahuwa Hadirkan Makna Mendalam",grid,0
10 Lirik Lagu Keren Yang Bisa Kamu Jadikan Caption Instagram,grid,0
"Misteri Lirik Rap Lagu ""Makhluk Tuhan Paling Sexy"" Akhirnya Terjawab",grid,1
"Wajib Tahu, Lirik Risalah Hati Dewa 19 Ternyata Diambil dari Lagu Ini",grid,1
10 Quotes Lirik Lagu Indie Indonesia Keren untuk Caption Instagram,grid,0
Ari Lasso Sebut Lagu Rahasia Perempuan Ada Lirik yang Dibuang,grid,1
"Pengguna Paylater Akan Mudah Mendapatkan Kredit Hunian Impian, Cek Caranya",grid,1
"Jangan Sembarang Lempar Kata, Ini Arti Kata 'Sakkulu' yang Viral di TikTok",grid,1
Klasik! Ini 5 Motor Jadul yang Masih Eksis di Indonesia Sampai Sekarang,grid,0
"Apa Itu Out Play, TB, Poke di Mobile Legends? Ini Pengertiannya",grid,0
"7 Kesalahan Ngecharge yang Bikin Hape Cepat Rusak, Ngisi Full Salah Satunya",grid,0
"Di Update Baru: Pemain ""Feeder"" di Mobile Legends Bakal Dapat Hukuman Juga",grid,0
Ini 3 Pilihan Sepatu New Balance yang Keren dan Nyaman untuk Dipakai ke Konser Musik!,grid,0
5 Daftar Lagu yang Jadi Biang Kerok Terciptanya Istilah 'Anak Senja',grid,0
"Dari BTS di Kokas Hingga Beyonce di Mangga Dua, Ini 5 Musisi yang Pernah Konser di Lokasi Unik di Jakarta",grid,0
"Eksim Itu Bukan Penyakit Gatal Karena Jamur, Bro. Ini 5 Hal Yang Perlu Kamu Ketahui",grid,1
Kampung Klepon di Sidoarjo Jadi Bukti Kalo Jajanan Tradisional Ini Legenda di Masyarakat,grid,0
"Nggak Cuma Mpus, Ini Dia 17 Macam Panggilan Kucing di Berbagai Negara di Dunia",grid,1
4 Perbedaan Sekolah Keberbakatan Olahraga dan SMA Pada Umumnya,grid,0
Ini Dia Fakta Dibalik Core Memory yang Penting untuk Kesehatan Otak,grid,1
Puisi-Puisi Rako Prijanto di AADC,grid,0
"Ini 3 HP Gaming Terbaik Tahun 2024, Harganya Cuma Rp 3 Jutaan!",grid,0
26 Kata-kata Inspiratif untuk Bikin Semangat Hidup Kamu Kembali,grid,0
"Masih Jarang Diketahui hingga Janjikan Gaji Tinggi, Ini 5 Fakta Menarik Soal Jurusan Kuliah Aktuaria",grid,1
"Minat Kuliah Jurusan Kimia? Ini Prospek Kerjanya, dari D3 sampai S1",grid,0
Minat Masuk Jurusan Teknik Lingkungan? Cek Daftar Kampus dan Prospek Kerjanya,grid,1
"Inilah 6 Profesi bagi Lulusan Ilmu Hukum, Nggak Cuma Jadi Pengacara!",grid,1
5 Tips Rawat Telinga Buat Lo Yang Sering Pake Headset,grid,1
5 Tips untuk Menghilangkan Kebiasaan Menunda-nunda Pekerjaan,grid,1
Tips Merawat Rambut Gondrong Versi Virzha. Anti Mahal dan Anti Ribet!,grid,0
3 Negara Ini Ternyata Nggak Menggunakan Google Lho,grid,1
"Reikko Rilis Problems, Sebuah Lagu Dis untuk Hubungan Toksik",grid,0
"Madinah Jadi Kota Paling Sehat di Dunia Tahun 2021, WHO: Lingkungan Fisik dan Sosialnya Berkembang",grid,0
"Pendiri Vans, Paul Van Doren Meninggal Dunia di Usia 90 Tahun",grid,1
"Belanda Latih Lebah buat Ngedeteksi Sampel Covid-19, Hasil Tesnya Keluar dalam Detik!",grid,0
"Dua Tahun Nggak Bisa Mudik, Sal Priadi Kirim Pesan Pake Baliho untuk Keluarga di Malang",grid,0
"Tonton Aksi Willow Smith Jadi Vokalis Band Metal Ibunya, Wicked Wisdom",grid,0
"Nggak Bisa Pulang Lebaran, 7 Musisi Siap Bawakan Suasana Rumah Lewat #Collabonation Konser Silaturahmi Ramadan",grid,0
"Diduga Masalah Utang, Sebuah Restoran Dapat ‘Hadiah’ Ribuan Kecoak",grid,0
Ngerasa Jadi Orang yang Nggak Enakan? Coba 3 Hal Ini Biar Lo Bisa Tetap Bahagia,grid,1
"Ketawa-Ketiwi setelah Timnya Dikalahin Chelsea, Eden Hazard Minta Maaf ke Fans Real Madrid",grid,0
"Video Hujan Lokal Antar-RT Viral, Ini Penjelasan Ilmiahnya?",grid,1
"Dua Personel Cabut dari Band, David Bayu Berkata Naif Belum Bubar",grid,0
"Mudik Lokal Ikut Dilarang, Kendaraan yang Ogah Putar Balik Bakal Kena Hukuman",grid,0
"Akibat Kecapekan Rapat Online, CEO Zoom Ngaku Alami 'Zoom Fatigue'",grid,0
Amy Lee Ungkap Sosok di Balik Inspirasi Lagu ‘Bring Me To Life’,grid,1
Minat Ikut Jalur SIMAK UI 2021? Cek Dulu Daya Tampung Prodi S1 dan Biaya Kuliahnya di Sini,grid,1
"Pamungkas Bakal Jadi Pembuka Live Intimate Concert LANY, Tayang Malam Ini di Mola Chill Fridays",grid,0
Waspada dan Kenali 3 Varian Baru Virus Corona yang Telah Masuk ke Indonesia,grid,1
"Sempat Boleh Mudik Lokal, Namun Kini Pemerintah Tegas Melarang!",grid,0
Keren Banget! Kakek Ini Bikin Lukisan Masterpiece Pake Microsoft Excel,grid,0
Canggih Nih! Sampoerna University Gandeng Danacita untuk Permudah Akses Dana Pendidikan,grid,0
Ilmuwan Sebut Musik Mampu Menyinkronkan Gelombang Otak Manusia,grid,0
Wawancara Eksklusif Wolf Alice: Bocoran Album Blue Weekend & Single Smile,grid,1
5 Rekomendasi Sneakers Low Brand Lokal Putih Gum Harga Terjangkau,grid,0
Spice Girls Dikabarkan Bakal Bikin Film Sekuel 'Spice World',grid,0
"Unik! Brand Mainan Anak Luncurkan Smart Sajadah, Ini Beragam Fitur-nya",grid,0
Update Twitter Terbaru Bikin Format Meme “Open for Suprise’ Nggak Berlaku Lagi,grid,0
"6 Menu Sahur dan Buka Puasa Yang Nggak Mudah Basi, Cocok Buat Stok Pas Pandemi",grid,0
"Modder Ubah Zombie Jadi Barney di Demo Resident Evil: Village, Bikin Nggak Seram Lagi",grid,0
"Ternyata Angka di Papan Nama Stasiun Bukan Menunjukkan Jarak, Tapi Demi Keselamatan",grid,1
"Rumor Kembali untuk Black Panther 2, Michael B. Jordan: Never Say Never",grid,0
"Najwa Shihab Sakit Usus, Sudah 3 Hari Dirawat di RS, Banyak Doa Tak Banyak yang Jenguk",grid,0
Reza Rahadian dan Dian Sastrowardoyo Adu Akting di Film Pendek Konfabulasi,grid,0
"EZVIZ Luncurkan 10 Produk Smarthome di 2021 untuk Rumah Aman, Nyaman dan Teknologinya Lengkap!",grid,0
5 Rekomendasi Sneakers Low Brand Lokal Putih Gum Harga Terjangkau,grid,0
"Berujung Damai, Cowok yang Minta Jamaah Lepas Masker di Masjid Bekasi Jadi Duta Prokes",grid,0
"Wih, Cowok Filipina Ini Ngoleksi 20.000 Mainan dari Resto Cepat Saji",grid,0
"Bocoran Resmi Adegan House of the Dragon, Berikut 4 Fakta Serial Ini",grid,1
"Burger King Rilis Menu Plant-Based Whopper, Serupa Tapi Tak Sama",grid,0
U2 Kolaborasi dengan Martin Garrix Rilis Lagu Euro 2020 'We Are The People We've Been Waiting',grid,0
"Aturan Berubah, The Weeknd Konsisten Bakal Terus Boikot Grammy",grid,0
"Half Filter yang Bikin Wajah Jadi Cakep Viral di TikTok, Begini Cara Pakainya",grid,1
Minat Ikut Jalur Mandiri? Cek 10 PTN dengan Daya Tampung Paling Banyak,grid,1
"Resident Evil: Village Rilis 7 Mei 2021, Ini Sosok Lady Dimitrescu yang Bikin Penasaran",grid,1
"Untuk Pertama Kalinya, Penampakan Hajar Aswad dari Dekat Dibagikan",grid,0
Simak Cover 'Take On Me' A-HA Versi Band Metalcore Stick To Your Guns,grid,1
"Harbolnas 2021 Resmi Dibuka Hari Ini, Belanja Bakal Gratis Ongkir!",grid,0
"HAI Demos: Warrior, Hardcore Punk Mentok dari Jalanan Prabumulih",grid,0
"Gojira Rilis Album 'Fortitude', Hasil Lelang Amal Capai 4 Kali Lipat dari Target!",grid,0
Udah Dibuka! Simak Persyaratan dan Jadwal Seleksi Beasiswa LPDP 2021,grid,1
Adam Sandler Tanggapi Video TikTok yang Viral Saat Dia Tinggalkan Toko Pancake,grid,1
"Nggak Cuma Manusia, 8 Singa di India Pun Terjangkit Covid-19",grid,0
8.080 Warga DIY Ikut #JalanBersama Lawan Covid-19 Demi Kembalikan Pariwisata yang Normal,grid,0
Descendents Segera Rilis Album Baru Bareng Formasi Awal Band,grid,1
"Raisa Kolaborasi Bareng Kamengski, Rilis Sejumlah Koleksi Keren",grid,0
Netflix Bakal Rilis Serial Animasi League of Legends 'Arcane' Akhir Tahun Ini,grid,0
Marvel Bocorin Adegan Film Eternals dan Angelina Jolie Sebagai Thena,grid,0
"Mitski Rilis 'The End', Lengkapi OST. Novel 'This Is Where We Fall'",grid,0
5 Rekomendasi Celana Cargo Brand Lokal Warna Abu-abu di Bawah 200 Ribu,grid,0
Ini Tanggapan Andrew Garfield soal Rumor Dirinya Muncul dalam 'Spider-Man: No Way Home',grid,0
"Posting Foto Cover British Vogue, Billie Eilish Pecahkan Rekor Instagram untuk Kedua Kalinya",grid,0
Florence Pugh 'Midsommar' Bakal Main Film Thriller Baru 'The Wonder',grid,0
"Siap-Siap, UIN Jakarta Buka Seleksi Mandiri Mulai Pekan Depan",grid,0
ITB Gratiskan Biaya UKT Seleksi Mandiri 2021 bagi Pendaftar dengan KIP-K,grid,0
Ini Dia 3 Rahasia Berolahraga Sambil Berpuasa dari Bintang NBA,grid,1
"Bikin Terharu, Cowok Ini Beri Kejutan ke Ibunya Bilang Nggak Mudik Taunya Nyamar Jadi Kurir",grid,0
"Kabar Gembira, Daftar SIMAK UI Bisa Gunakan KIP Kuliah, Ini Syaratnya!",grid,1
Masyarakat Bisa Mudik ke 8 Kawasan yang Diperbolehkan Ini,grid,1
Memoar Japanese Breakfast 'Crying in H Mart' Capai Best Seller no.2 Versi The New York Times,grid,0
"Karena Hal Ini, Pelaut Terjebak di Kapal Terbuang Selama Empat Tahun",grid,0
Tentang Single 'Forever' dan Eksplorasi Patah Hati Gangga Kusuma,grid,0
Peneliti Temukan Ribuan Bangunan Misterius yang Diyakini Jadi Tempat Pemujaan Ternak di Arab Saudi,grid,0
TWICE Ungkap Tanggal Rilis Mini Album Terbarunya 'Taste Of Love',grid,0
"Tingkat Pengangguran Anak Muda Indonesia Jadi yang Tertinggi se-ASEAN, Apa Penyebabnya?",grid,1
Red Hot Chili Peppers Jual Katalog Lagu Mereka Seharga Rp 2 Triliun,grid,0
"TikTok Lite Udah Tersedia, Ini 4 Perbedaannya dengan Versi Biasa",grid,0
Simak Trailer Terbaru Rick & Morty Season 5 dengan Soundtrack dari Vampire Weekend,grid,1
"Mau Punya Mobil Listrik Tesla, Coba Nabung di UOB Indonesia & Pertahankan Saldonya",grid,0
"Kuliah di ITB lewat Seleksi Mandiri Bisa Gratis UKT, Gimana Caranya?",grid,1
5 Rekomendasi Celana Cargo Brand Lokal Warna Hijau Harga Terjangkau,grid,0
"Soal Single Barunya, Billie Eilish: Aku Ingin Orang Mendengar Laguku Bukan Cari Tahu Sosok Dibaliknya",grid,1
Marvel Studios Ungkap Tanggal Rilis Daftar Film yang Bakal Keluar Dua Tahun ke Depan Lewat Video,grid,0
Jangan Ghosting! Ini 4 Cara Akhiri Hubungan yang Nggak ‘Jahat’,grid,1
Kronologi Penangkapan Daniel 'DeadSquad': Berawal Dari Laporan Masyarakat,grid,0
"Banyak Rezeki Jelang Lebaran Perlu Hati-hati, Yuk Jadi Smart Shopper Biar Nggak Keblinger",grid,1
"Simak Trailer 'The Pedal Movie', Ada J Mascis Hingga Graham Coxon!",grid,1
Viral Video Lawas Duta Sheila On 7 Nyanyi di Kondangan Bikin Netizen Heboh,grid,1
"Millennial Susah Nabung, Begini Cara Cerdas Atur Keuangan Pribadi Anak Muda",grid,0
"Viral, Tadinya Sepi Pengunjung, Penyelenggara Bazar Inisiatif Bikin Konser Musik di Cilandak Sampe Bikin Kerumunan",grid,1
Siap-siap 5 Planet Ini Bakal Muncul Terang di Langit Bulan Mei 2021,grid,0
Anak Muda Terangkan Ramadan dengan Pakai realme 8 Pro Illuminating Yellow,grid,0
"Nggak Mau Kena Darah Tinggi di Usia Muda, Olahraga yang Benar Jadi Solusinya",grid,0
"Pembeli yang Todongkan Pistol ke Kurir Ditangkap, Ternyata Begini Alasannya",grid,1
"Cewek Pengirim Sate Beracun Ditangkap, Mengaku Menyesal Salah Sasaran",grid,0
Wingsfood Rilis Suplemen Kesehatan SD C-1000 Bantu Penuhi Daya Tahan Tubuh,grid,0
Daniel Mardhany 'DeadSquad' Mengaku Sudah Menggunakan Narkoba Selama 1 Tahun,grid,1
"Drummer yang Sudah Meninggal Ini 'Hadiri Pemakamannya Sendiri', Duduk di Drum Setnya",grid,0
Placebo Umumkan Album Terbaru Telah Selesai dan Segera Dirilis,grid,1
Vokalis Iron Maiden Garap Film Sarajevo bareng Sutradara Sacha Gervasi,grid,0
Noel Gallagher's High Flying Birds Rilis Lagu Baru lewat Album Greatest Hits,grid,0
"Kronologi Denada Digugat Gegara Telantarkan Anak Kandung, Disebut 24 Tahun Tak Mengakui dan Gak Mau Menafkahi",grid,1
"Kronologi Kasus Korupsi Kuota Haji, Eks Menag Yaqut Cholil Qoumas Kini Jadi Tersangka",grid,0
"5 Rekomendasi Tanaman Hias yang Disebut Bisa Bawa Keberuntungan saat Imlek 2026, Cocok Dijadikan Dekorasi",grid,0
"Gak Ada Lagi Joki, Polisi Bakal Permanenkan Suportas di Jalur Puncak",idntimes,0
"IHSG Diproyeksikan Melemah Lagi, 5 Saham Ini Bisa Kasih Cuan",idntimes,0
"Beban Kanker Dunia Membesar, Negara Miskin Paling Terdampak",idntimes,0
Persija vs Persib: Rekor Buruk Macan Kemayoran,idntimes,0
"Asal Usul Nama Bluetooth, Benarkah dari Raja Viking?",idntimes,1
⁠Kapan Waktu Terbaik Minum Kombucha?,idntimes,1
Arsenal vs Liverpool Live di TV mana? Ini Link Streamingnya,idntimes,0
Mengapa Harus Melepas Cover Paspor saat Scan di Autogate?,idntimes,1
Mengapa Amfibi Disebut Bioindikator Lingkungan?,idntimes,1
"Jadwal Tayang Drama Can This Love Be Translated?, Sinopsis, Pemain",idntimes,0
"27 Tempat Wisata di Bogor Terbaik, Cocok untuk Liburan Keluarga",idntimes,0
"[QUIZ] Tes Bahasa Inggris untuk Pemula, Cek Berapa Levelmu",idntimes,1
"Kalender Jawa 2026 Lengkap: Tanggalan Masehi, Hijriah, Weton",idntimes,0
"[QUIZ] Pilih Karakter Upin Ipin Favorit, Kami Tebak Tipe Pacar yang Cocok Untukmu",idntimes,0
"12 Font Canva Aesthetic, Bikin Desain Makin Outstanding",idntimes,0
"Bukan Sawit, Ini Penyebab Banjir Sumatra Menurut Pakar IPB",idntimes,0
Gubernur Aceh Perpanjang Status Tanggap Darurat hingga 22 Januari 2026,idntimes,0
"Bertambah 4, Total Korban Meninggal Dunia akibat Banjir Sumatra Jadi 1.182 Jiwa",idntimes,0
"Menko Polkam Klaim Huntap Warga Aceh Tahan Gempa, Siap Huni Sebelum Ramadan",idntimes,0
"Ada Penyakit Menular Pascabanjir, Kemenkes Fokus Imunisasi Campak",idntimes,0
"Tenda Pengungsi di Gaza Terbakar, Nenek dan Cucunya Tewas",idntimes,0
Jumlah Korban Tewas Genosida Israel di Gaza Capai 71.271 Orang,idntimes,0
Israel Hancurkan 25 Bangunan Kamp Pengungsi di Tepi Barat,idntimes,0
Somaliland Bantah Bakal Tampung Warga Gaza Demi Pengakuan Israel,idntimes,0
Somalia Sebut Israel Mau Pindahkan Warga Gaza ke Somaliland,idntimes,0
"[QUIZ] Jika Kamu Tersesat di Planet Asing, Bisakah Kamu Balik ke Bumi? Cari Tahu Disini!",idntimes,0
"[QUIZ] Dari Karakter Upin & Ipin Pilihanmu, Kami Tahu Gaya Nyetirmu",idntimes,0
"[QUIZ] Pilih Cikgu Favorit di Upin Ipin, Kamu Pandai Sains atau Bahasa?",idntimes,1
"[QUIZ] Dari Mobil Sport Impianmu, Siapa Member TWICE yang Menemanimu Night Ride?",idntimes,1
[QUIZ] Kamu Bakal Merasa Nyaman kalau Jadian Sama Dia,idntimes,0
"[QUIZ] Dari Karakter Upin dan Ipin Pilihan, Cek Kamu Jago IPA atau IPS!",idntimes,1
[QUIZ] Inisial Nama Ini Yakin Banget kalau Kamu adalah Cinta Sejatinya,idntimes,0
[QUIZ] Tes Pengetahuan: Seberapa Paham Arti Lampu Indikator di Mobil?,idntimes,1
[QUIZ] Siapa Sih yang Bakal Menolak Cintaku?,idntimes,1
"[QUIZ] Dari Cara Kamu Menyimpan Data Digital, Ini Karakter Aslimu",idntimes,0
Kapan Jumat Terakhir Bulan Rajab 1447 H? Cek Kalender Hijriah Lengkap,idntimes,1
5 Cara Mengatur Keuangan saat Harus Membantu Orangtua,idntimes,1
"3 Drakor Romcom Garapan Sutradara Park Won Gook, Terbaru Spring Fever",idntimes,0
"[QUIZ] Dari Bias di CORTIS, Kami Bisa Tebak MBTI-mu!",idntimes,0
KPK OTT Pegawai Kantor Pajak di Jakarta Utara,idntimes,0
"Fakta Coach Tezet, Pelatih Boostgate Esports Asal Indonesia di M7",idntimes,0
6 Kunci Menata Ruangan Tone Beige Agar Tidak Terlihat Kusam,idntimes,1
Kalender Hijriah Januari 2026: Jadwal Puasa dan Hari Penting Islam,idntimes,0
5 Tips Menggoreng Chicken Wings Tetap Crispy Pakai Sedikit Minyak,idntimes,1
"XLSMART Catat Kenaikan Trafik Periode Nataru, Didominasi Layanan Gim",idntimes,0
Apa Itu Rug Pull? Penipuan Kripto yang Perlu Dipahami Investor,idntimes,0
Arya Saloka Ngaku Ketagihan Syuting Series Action Usai Bintangi Algojo,idntimes,0
Otomotif Hack: Alasan Motor Terasa Lebih Enak pda Pagi Hari,idntimes,0
"Jadwal Puasa Ayyamul Bidh Bulan Januari-Februari 2026, Lengkap!",idntimes,0
Kenapa Jajan Pasar Cocok untuk Hidangan Meeting?,idntimes,1
5 Cara Ayah Atasi Rasa Bersalah karena Kurang Waktu Bersama Anak,idntimes,1
"Bulan Rajab 1447 H sampai Tanggal Berapa? Ini Awal, Akhir, dan Ibadah Sunahnya",idntimes,0
"Puma Hadirkan Future 9, Dukung Permainan Kreatif di Lapangan",idntimes,0
"4 Alat Canggih di Taksi Mewah Taxi Driver 3, Ada EMP Buatan Pak Park!",idntimes,0
10 Produk Unggulan Ekspor Indonesia ke Venezuela: Kendaraan hingga Tisu,idntimes,0
4 Tips Praktis Buat Taco Lezat ala Restoran di Rumah,idntimes,1
"15 Resep Capcay Paling Enak dan Mudah, Kamu Suka yang Mana?",idntimes,1
5 Kesalahan saat Membuat Dimsum yang Bikin Teksturnya Keras,idntimes,0
"5 Jenis Tepung Terbaik untuk Pancake dan Kegunaannya, Wajib Tahu!",idntimes,1
5 Tips Bikin Almond Cake yang Wangi Kacang dan Tetap Lembut,idntimes,1
20 Tempat Wisata di Bogor yang Murah,idntimes,0
15 Tempat Wisata di Jakarta Selatan yang Hits dan Wajib Dikunjungi,idntimes,0
"6 Tempat Wisata di Sumba Terindah, Serasa di Hawai",idntimes,0
Mama dengan Gangguan Mental Melahirkan Bayi Prematur di Buleleng,idntimes,0
"7 Fakta Keluarga Indra Jegel, Tumbuh dalam Lingkungan Agamis",idntimes,1
Kenapa Ya Anak Big Mom yang Punya Haoshoku Haki Hanya Katakuri?,idntimes,1
Opening Ceremony M7 World Championship Berjalan Meriah Didukung EKRAF,idntimes,0
"Semakin Luas, Jaringan agen46 Kini Rambah Kota Bima",idntimes,0
"Fakta-Fakta Perusahaan Love Scam di Sleman, Kantongi Rp30 M per Bulan",idntimes,0
"Keberatan Dipecat, Eks Dukuh Terlibat Pencurian Gamelan di Bantul Kirim Somasi",idntimes,0
Inflasi DIY pada Akhir 2025 Dipicu Skincare hingga Tembakau,idntimes,0
"Rumput Rusak, Lapangan Karang Kotagede Ditutup Sampai Juni 2026",idntimes,0
"Jadwal Pemadaman Listrik Jogja Hari Ini, 7-8 Januari 2026",idntimes,0
"Polisi Gerebek Markas Sindikat Scam di Sleman, Ini Kesaksian Warga",idntimes,0
Pustral UGM Rilis Tingkat Kepuasan Masyarakat Terkait Angkutan Nataru,idntimes,0
"Spicy Lips & Bergamot Koffie, Kuliner Kolaborasi Tradisi dan Gaya Hidup",idntimes,0
"Kalah dari Kendal Tornado FC, Pemain PSS Tak Puas Kinerja Wasit",idntimes,0
"Libur Nataru, Wisatawan di Jogja Keluhkan Parkir Nuthuk dan Kemacetan",idntimes,0
"Bank Indonesia DIY Catat Rp1,34 Triliun Uang Keluar Bulan Desember 2025",idntimes,0
Menapaki Pesona Labirin di Pusat Jogja Bersama Kolektif Gang-Gangan,idntimes,0
Pemandangan Tepi Pantai Sepanjang Usai Ratusan Kios Dibongkar,idntimes,0
"Retribusi Obwis di Gunungkidul Bocor, Puluhan Petugas TPR Diganti",idntimes,0
4 Pantai di Bantul Asyik untuk Tujuan Wisata Bersepeda,idntimes,0
Skuad PSIM Jogja Pincang Saat Melawan Madura United,idntimes,0
"Laga Pekan 17, PSIM Jogja Diuji Tekad Besar Madura United",idntimes,0
"Hujan Gol, Persiba Bantul Gasak Waanal Brothers FC 4-2",idntimes,0
"Tanpa 5 Pemain Inti, Ini Strategi PSIM Hadapi Madura United",idntimes,0
Penampakan Perbaikan Sementara Jalan Amblas di Srikeminut Bantul,idntimes,0
KAI Bandara YIA Layani 177.205 Penumpang Selama Libur Nataru,idntimes,0
Tantangan Literasi Anak Muda di Tengah AI dan Zombie Scrolling,idntimes,0
"Selain Tendangan Kungfu, Laga KAFI vs UAD juga Diwarnai 2 Kartu Merah",idntimes,0
Pemain Muda PSIM Iksan Chan Dipinjamkan ke Bekasi City,idntimes,0
"PSS Sleman Rekrut Tiga Pemain Baru, Ini Penjelasan Pieter Huistra",idntimes,0
"Ze Valente Mainkan Laga ke-100 di Liga 1 Indonesia, Ini Komentarnya",idntimes,0
"Buntut Tendangan Kungfu, Klub Liga 4 Kafi Jogja Pecat Dwi Pilihanto",idntimes,0
"Arka Coffee and Space, Kafe WFC Nyaman di Dekat Tamansari Jogja",idntimes,0
"Resmi Jadi Pemain Baru PSS Sleman, Ini Target Lucao",idntimes,0
PSS Sleman Rekrut Pemain Baru Lucao Gantikan Cleberson,idntimes,0
PSS Sleman Putus Kontrak Pemain Muda Ifan Nanda,idntimes,0
"Imbas Tendangan Kungfu, Pemain Klub Liga 4 DIY Disanksi Seumur Hidup",idntimes,0
"Sirkuit Mandalika Padat Event 2026, dari MotoGP hingga Festival of Speed",idntimes,0
Jadwal dan Tiket Kapal Rute Lombok-Banyuwangi Sabtu 10 Januari 2026,idntimes,0
Jadwal Kapal DLN Oasis Rute Surabaya-Lombok Sabtu 10 Januari 2026,idntimes,0
Jadwal Lengkap Kapal Feri Rute Lombok-Bali Sabtu 10 Januari 2026,idntimes,0
"Pansel Serahkan Hasil ke Gubernur NTB, Dua Calon Sekda ""Impor"" Masuk 3 Besar",idntimes,0
"Meritokrasi ala Gubernur NTB, Dokter Diangkat Jadi Kepala Bapenda",idntimes,0
"Gubernur NTB Rombak Kepala OPD, Lima Pejabat Turun Eselon",idntimes,0
"Mesin Kapal Rusak, 6 Nelayan NTT Terdampar Berhari-hari di Timor Leste",idntimes,0
Kru Kapal Jadi Tersangka Tewasnya Pelatih Valencia dan Keluarga,idntimes,0
Jadwal dan Tiket Kapal Rute Lombok-Banyuwangi Jumat 9 Januari 2026,idntimes,0
Jadwal Lengkap Kapal Feri Rute Lombok-Bali Jumat 9 Januari 2026,idntimes,0
Kapendam Buka Suara Soal Penjemputan dan Penahanan Ayah Prada Lucky,idntimes,0
Prof Sukardi Terpilih Jadi Rektor Unram Periode 2026-2030,idntimes,0
Kejati NTB Beri Sinyal Ada Tersangka Baru Kasus Lahan MXGP Samota,idntimes,0
Kejati NTB Tahan Dua Tersangka Korupsi Pengadaan Lahan MXGP Samota,idntimes,0
"22 Penganiaya Ajukan Banding, Ibu Prada Lucky Harap Semua Tetap Dipecat",idntimes,0
"Bupati Lombok Timur Buka ""Keran"" Jenjang Karier bagi PPPK",idntimes,0
Viral Video Ayah Prada Lucky Turun Kapal dan Langsung Ditahan TNI,idntimes,1
"Banjir Terjang Dompu: Makam Jebol, Jenazah Hanyut Terseret Arus",idntimes,0
"[QUIZ] Cek Karakter Upin & Ipin yang Cocok Temani Kamu Liburan di Lombok, Yuk!",idntimes,1
Jadwal Kapal DLN Batu Layar Rute Surabaya-Lombok Kamis 8 Januari 2026,idntimes,0
Tartufo Dessert Italia dari Es Krim,idntimes,0
5 Makanan Tradisional Kanazawa yang Cocok di Lidah Orang Indonesia,idntimes,0
Iga Bakar Saus Bulgogi,idntimes,0
"Tren Makanan Kukus Mendadak Viral, Anak Muda Sadar Kesehatan?",idntimes,1
Chai Spiced Shortbread Cookies,idntimes,0
13 Resep Makanan Sehat yang Bikin Tubuh Bugar,idntimes,1
Resep Iced Dubai Chocolate Matcha ala Cafe yang Mudah Dibuat,idntimes,0
5 Perbedaan Hakau dan Siomay yang Sering Dianggap Sama,idntimes,0
"Resep Chocolate Muffin Low Sugar, Rasa Manisnya Pas Banget!",idntimes,0
5 Tips Bikin Chocolate Fudge Cake yang Super Rich tapi Gak Eneg,idntimes,1
5 Rahasia Membuat Tiramisu Cake yang Gak Lembek dan Tetap Creamy,idntimes,1
"5 Olahan Pisang untuk Teman Minum Kopi, Gak Cuma Digoreng!",idntimes,0
5 Tips Bikin Carrot Cake Lembap dengan Rasa Rempah yang Balance,idntimes,1
5 Resep Kerang Kupas Bikin Selera Makan Meningkat,idntimes,1
"10 Resep Sop Buah Segar Sederhana, Redakan Dahaga Saat Terik",idntimes,1
10 Resep Daging Slice Sederhana dan Mudah Dibuat,idntimes,1
3 Resep Dimsum Goreng yang Lembut dan Renyah,idntimes,1
5 Tips Mengolah Jus Lidah Buaya yang Kenyal dan Bebas Bau Langu,idntimes,1
Resep Kue Jahe 1 Kg untuk Sajian Spesial Natal,idntimes,0
Resep Bomboloni Mini Cookies untuk Camilan saat Natal,idntimes,0
7 Resep Kue Cokelat Natal Enak dan Praktis,idntimes,1
"Resep Cranberry Butter Cake untuk Suguhan Hari Natal, Manis!",idntimes,0
"Resep Fruit Cake, Kue Natal Khas Inggris yang Lembut",idntimes,0
"Resep Muffin Monkey Bread untuk Hari Natal, Lembut di Lidah",idntimes,0
"5 Resep Kue Natal untuk Hampers, dari Klasik sampai Kekinian",idntimes,1
"Resep Black Forest Cake, Kue Natal Khas Jerman yang Istimewa",idntimes,0
Resep Kue Bulan Sabit Almond untuk Natal,idntimes,0
"Resep Christmas Tree Cupcakes, Kue untuk Meriahkan Natal",idntimes,0
"Resep Cream Puff Christmas Tree, Kreasi Kue Natal Kekinian",idntimes,0
"Resep Soft Cookies untuk Hampers Natal, Lembut dan Manis",idntimes,0
"BioskopKeren Ilegal, Ini 5 Situs Nonton Film Box Office Terbaru",idntimes,0
Berapa Jam Latihan Atlet M7 World Championship?,idntimes,1
7 Game Open World yang Terinspirasi dari Seri GTA,idntimes,0
"Daftar 7 Games Rockstar Terbaik, Mana Favoritmu?",idntimes,1
"100 Nama FF Keren dan Unik, Bikin Terlihat Lebih Menonjol",idntimes,1
"250 Nama Guild FF yang Seram dan Keren, Apa Favoritmu?",idntimes,1
Plaud Update Alat Perekam Suara AI NotePin S dengan Tombol Baru,idntimes,0
[QUIZ] Apakah Data Pribadimu di Internet Aman? Cek dari Kuis Ini,idntimes,1
"Link Streaming Golden Disc Awards 2026, Bisa Nonton Gratis",idntimes,0
"SarangFilm21 Ilegal, Ini 7 Situs Nonton Film Terbaru yang Aman",idntimes,0
"Chrome di Android Upgrade Fitur Reading Mode, Tanpa Gangguan Iklan",idntimes,0
Cara Cek Serial Number Laptop Windows dan Mac,idntimes,1
Google Classroom Tambahkan Fitur Gemini,idntimes,0
7 Game yang Membebaskan Pemain Memilih Ceritanya Sendiri,idntimes,0
"4 Robot AI Imut di CES 2026, Ada Mirumi dan Cocomo",idntimes,0
"Rekam Jejak ONIC di M-Series, Nyaris Bawa Pulang Piala M5!",idntimes,0
"Boostgate Esports, Juara Wildcard M7 yang akan Lawan ONIC",idntimes,0
Apakah Intel Celeron Masih Layak Digunakan pada Tahun 2026?,idntimes,1
"5 Cara Membuat Halaman di Word, Bikin Nomor Halaman Berbeda",idntimes,1
"Alternatif Shinigami ID, Ini 5 Platform Baca Manhwa Online",idntimes,0
"Otakudesu Bahaya, Ini 7 Link Nonton Anime Sub Indo",idntimes,1
"Jadwal Laga Bola 10 Januari 2026, Man City Jalani Piala FA",idntimes,0
Persija Nantikan Lagi Sambutan Baik Bobotoh Persib di Bandung,idntimes,0
Jadwal Laga 2 Wakil Indonesia di Semifinal Malaysia Open 2026,idntimes,0
"Paradoks Timnas U-23: Dulu Semifinalis, Kini Penonton Piala Asia",idntimes,0
5 Pemain Termuda di Skuad Feyenoord 2025/2026,idntimes,0
Berlanjutnya Tren Apik Bali United di Super League 2025/26,idntimes,0
Pembelian Termahal West Ham dari Serie A per 9 Januari 2026,idntimes,0
"5 Debutan Pekan 19 Serie A 2025/2026, Ada Supersub!",idntimes,0
5 Pemain Turki dengan Gol Terbanyak di LaLiga,idntimes,0
5 Manajer Premier League yang Belum Dikalahkan Mikel Arteta,idntimes,0
Sabar/Reza Tumbang Lawan Tuan Rumah di Malaysia Open 2026,idntimes,0
"Kolaborasi Dengan Anargya, Persija Luncurkan Produk Reksa Dana",idntimes,0
El Clasico di Final Piala Super Spanyol: Madrid Mampu Balas Dendam?,idntimes,1
"Pulih, Kylian Mbappe Susul Madrid ke Arab Buat El Clasico",idntimes,0
"Jelang Lawan Persib,The Jakmania Semangati Persija di Sawangan",idntimes,0
Fajar/Fikri Kunci Tiket ke Semifinal Malaysia Open 2026,idntimes,0
Pemain Asing Baru Persija Tak Sabar Naik Rantis di Bandung,idntimes,0
4 Penampil di Laga Arsenal vs Liverpool EPL untuk Kedua Tim,idntimes,0
Persija dan Pelita Jaya Ditargetkan Juara Saat Jakarta HUT ke-500,idntimes,0
"Jadwal Proliga 2026 Hari Ini: Jumat, 9 Januari",idntimes,0
11 Pemain Bulu Tangkis Terbaik Indonesia Sepanjang Masa,idntimes,0
6 Ganda Putra Bulutangkis Terbaik yang Pernah Dimiliki Indonesia,idntimes,0
Atletico Madrid vs Real Madrid Live di TV Mana? Ini Link Streamingnya,idntimes,0
8 Atlet Bulu Tangkis Indonesia yang Meraih Emas di Olimpiade,idntimes,0
5 Atlet Tunggal Putra Indonesia di Era 90an Sebelum Jonatan,idntimes,0
"Ambisi Terpendam Atletico Madrid, Angkat Trofi Liga Champions",idntimes,0
"Liverpool Akhirnya Keluar dari Krisis, Kembali Berkibar",idntimes,1
Enzo Maresca Ungkap Harapan Chelsea di 2026: Bukan Soal Trofi,idntimes,0
Juventus yang Mulai Stabil di Serie A,idntimes,0
4 Kegagalan Athletic Bilbao Cetak Gol hingga Matchday 6 UCL 2025/2026,idntimes,0
3 Klub Mantan Juara yang Absen di Liga Champions 2025/2026,idntimes,0
4 Pemain Tersubur Kontra Tim Asuhan Pep Guardiola di UCL,idntimes,0
3 Gol Ricardo Pepi untuk PSV Eindhoven di UCL per Desember,idntimes,0
5 Pemain Newcastle dengan Gol Terbanyak di UCL,idntimes,0
5 Klub yang Cetak 2 Gol Penalti dalam 1 Laga UCL 2025/2026 per MD6,idntimes,0
3 Gol Leandro Andrade untuk Garabag di UCL 2025 per Desember,idntimes,0
4 Pemain Belgia Assist Terbanyak di UCL per Desember 2025,idntimes,0
"Arsenal Ditahan Liverpool, Mikel Arteta Keluarkan Unek-Unek",idntimes,0
6 Pemain Terbaik pada Pekan 21 Premier League 2025/2026,idntimes,0
5 Pemain Chelsea yang Kartu Merah per Pekan 21 EPL 2025/2026,idntimes,0
Saat Liam Rosenior Bertemu Enzo Maresca di EFL Championship 2023/2024,idntimes,0
"Jadwal Malaysia Open 2026 Hari Ini: Jumat, 9 Januari 2026",idntimes,0
"Jadwal Malaysia Open 2026 Hari Ini: Kamis, 8 Januari 2026",idntimes,0
Juara Umum 5 Edisi Terakhir Malaysia Open per 2025,idntimes,0
Resmi! Sistem Promosi-Degradasi Pelatnas PBSI Diubah,idntimes,0
Pesan Hokky Caraka buat John Herdman: Jadikan Timnas Terbaik di Asia,idntimes,0
"Wahai John Herdman, Segera Kenali Para Pemain Timnas Indonesia",idntimes,1
8 Eks Anak Asuh John Herdman di Liga Top Eropa 2025/2026,idntimes,0
"Bersama John Herdman, Timnas Indonesia Mulai dari Nol Lagi",idntimes,0
Apakah Anjing Boleh Makan Es Krim? Ini Penjelasannya!,idntimes,0
"7 Fakta Lumba-lumba Moncong Panjang, Juaranya Atraksi di Udara!",idntimes,1
"7 Fakta Eksoplanet, Ada yang Mirip dengan Bumi?",idntimes,1
"5 Fakta Blue Throated Macaw, Burung Nuri Langka dengan Nilai Ekologis",idntimes,1
"5 Fakta Gurney’s Pitta, Burung Berwarna Cerah yang Terancam Punah",idntimes,1
"5 Fakta Menarik Kaunas, Kota Kreatif dengan Jejak Sejarah Kuat",idntimes,1
"5 Fakta Kota Philadelphia, Saksi Bisu Lahirnya Negara Amerika Serikat",idntimes,1
"5 Fakta Chrysopa Perla, Serangga Hijau Cantik Penjaga Kebun",idntimes,1
"5 Fakta Sains dalam Serial Stranger Things, Tangki Air hingga Penciuman Lintas Dimensi",idntimes,1
5 Perempuan Era Renaisans yang Membentuk Sejarah Politik Eropa,idntimes,0
"5 Fakta Vanellus Miles, Burung Trulek Topeng dengan Sifat Agresif",idntimes,1
"Jadwal Gerhana 2026, Tahun Ini Akan Ada 4 Fenomena",idntimes,0
"[QUIZ] Dari Lukisan Ini, Kami Tahu Seberapa Kuat Mental Kamu",idntimes,0
"5 Fakta Penyu Sisik yang Bikin Takjub, si Cantik yang Terancam",idntimes,1
4 Tips Menata Area Bermain Anjing di Rumah agar Tetap Aman,idntimes,1
"5 Fakta Unik Owa Jawa, Primata Setia dari Tanah Jawa",idntimes,1
"5 Fakta Perpustakaan Alexandria, Sejarah Dunia yang Bangkit Kembali",idntimes,1
5 Fakta Menarik tentang Revolusi Amerika yang Jarang Diketahui,idntimes,1
"5 Fakta Menarik Burung Cekakak Suci, Dianggap Keramat oleh Suku Kuno",idntimes,1
[QUIZ] Seberapa Kenal Kamu dengan Tata Surya? Cek Di Sini!,idntimes,1
[QUIZ] Kamu Cocok Tinggal di Mars atau Bulan? Cari Tahu Disini!,idntimes,0
10 Hewan Paling Soliter di Dunia yang Mandiri dan Hidup Sendiri,idntimes,0
"7 Burung yang Bisa Bicara, Apa Saja?",idntimes,1
"Antarlini PSM Vs Bali United, Sektor Tengah Jadi Kunci Hasil Akhir",idntimes,0
"Head to Head PSM Vs Bali United, Juku Eja Belum Menang Sejak 2022",idntimes,0
Kontak Tembak di Yuguru: TPNPB-OPM Klaim Tewaskan Satu Anggota TNI,idntimes,0
Pengungsi Banjir Bandang Pulau Siau Sulut Butuh Pakaian-Alat Mandi,idntimes,0
"904 Bencana Terjadi di Sulsel Sepanjang 2025, Kerugian Capai Rp35,6 M",idntimes,0
"Belum Ada Kasus Superflu di Sulsel, Dinkes Imbau Warga Tetap Waspada",idntimes,1
8 Sebutan Bagian Tubuh dalam Bahasa Makassar,idntimes,0
6 Kata Beda Arti dalam Bahasa Makassar,idntimes,0
8 Tanaman Sayur yang Bisa Ditanam di Halaman Rumah,idntimes,0
Petugas Bandara Hasanuddin Temukan 65 Proyektil Amunisi dalam Paket Kiriman,idntimes,0
5 Gaya Hidup Krusial yang Perlu Diubah dari Mulai Sekarang,idntimes,0
"Kemantapan Jalan Makassar 97 Persen, Munafri Targetkan Naik di 2026",idntimes,0
"3 Nelayan Pangkep Hilang Kontak, Basarnas Kerahkan KN SAR Kamajaya 104",idntimes,0
"Liburan Nyaman Tanpa Takut Hujan, Ini 5 Spot Wisata Indoor di Makassar",idntimes,0
"Kalah Empat Laga Beruntun, Pelatih PSM Sebut Bagian dari Proses",idntimes,0
PKB Sulsel Buka Ruang Diskusi soal Skema Pilkada Lewat DPRD,idntimes,0
Makassar Siap Jadi Tuan Rumah Rakernas PSI 2026,idntimes,0
Polisi Identifikasi 6 Jenazah Korban Kebakaran Panti Wreda di Manado,idntimes,0
Waspada Pohon Tumbang? Begini Cara Warga Makassar Bisa Melapor,idntimes,1
"Modus Pengobatan, Pria Ngaku Dukun di Gowa Cabuli dan Perkosa 2 Wanita",idntimes,0
"PSM di Bursa Transfer Januari: Cari Pemain Pelapis, Pagari Victor Luiz",idntimes,0
Korban Tenggelam di Waduk Nipa-Nipa Ditemukan Meninggal Dunia,idntimes,0
Polisi Tangkap Pengirim Paket 65 Butir Amunisi dari Makassar ke Semarang,idntimes,0
"PSM Kalah Lagi, Takluk 0-2 Lawan Bali United di Kandang Sendiri",idntimes,0
Kerinduan Pangeran Diponegoro pada Sang Ibu Saat Diasingkan di Makassar,idntimes,0
Warga Gowa yang Hilang Saat Mencari Ikan Ditemukan Meninggal,idntimes,0
"Kunjungan Kapal Pelindo Regional 4 Naik 6,3 Persen saat Nataru",idntimes,0
Paman Geri Korban Kebakaran Rumah di Denpasar Terpukul,idntimes,0
Kasus Suspek Rabies Kembali Mencuat di Karangasem,idntimes,0
Nenek di Bali Dilaporkan Hilang Setelah 6 Hari Tidak Pulang,idntimes,0
"Cuaca Bali 9 Januari 2026, 8 Wilayah Berpotensi Hujan Lebat Hari Ini",idntimes,0
Harga Daging di Bali 9 Januari 2026 dan Pangan Lainnya,idntimes,0
"[QUIZ] Makanan Bali Favorit, Chef Culinary Class Wars Ini Masak Untukmu",idntimes,0
"Hari Baik Menurut Hindu Bali 8 Januari 2026, Baik Menanam Umbi-umbian",idntimes,0
Bangunan di Area Cafe 9 Jimbaran Rusak Tertiup Angin Kencang,idntimes,0
"Sepekan Pertama 2026, Ada 6 Upaya Akhiri Hidup di Bali",idntimes,0
"Kasus Super Flu Belum Ada di Tabanan, Warga Tetap Waspada",idntimes,1
Hari Ini Bangli dan Karangasem Berpotensi Hujan Lebat,idntimes,0
Waspada Gelombang Laut 4 Meter di Tiga Wilayah Bali,idntimes,1
Bagian 2: Menyelami Orang-Orang Lama di Balik Wira,idntimes,0
Setrum Oligarki Rahardja: dari Nikel di Malut hingga Listrik di Bali,idntimes,0
Jalan Nasional di Desa Meliling Tabanan Amblas Sedalam 7 Meter,idntimes,0
Kebakaran Rumah Mantan Pramugari Diduga Karena Korsleting Listrik,idntimes,0
Tiket Masuk Pantai Sarinande Seminyak dan Tips Berkunjung,idntimes,0
5 Rekomendasi Matcha Cafe di Kota Denpasar,idntimes,0
"Hari Baik Menurut Hindu Bali 9 Januari 2026, Baik Mulai Berjualan",idntimes,0
"Cuaca Ekstrem Terjang Selat Bali, Pelayanan Pelabuhan Gilimanuk Sempat Buka-Tutup",idntimes,0
8 Proyek Pengadaan Jalan di Tabanan Dikenakan Sanksi Denda,idntimes,0
"Shortcut Singaraja–Mengwitani Dilanjutkan, Ruas Jalan Berisiko Tinggi",idntimes,0
Harga Beras di Bali 8 Januari 2026 dan Pangan Lainnya,idntimes,0
"Banjir Terjang Mesuji, 15 Desa di Lima Kecamatan Terdampak",idntimes,0
"Nekat Bawa Kabur Laptop Pelanggan, Driver Ojek Online Ditangkap",idntimes,0
"Deretan Event Seru Januari 2026 di Lampung, Catat Tanggalnya!",idntimes,0
"Libur Nataru Sepi Wisatawan, Okupansi Hotel Lampung Turun",idntimes,0
"Dugaan Korupsi SPAM, Zulkifli Anwar: Bukan Soal Aliran Dana",idntimes,0
"Pelaku Penikaman Pria Tewas di Lapo Tuak Pringsewu Dibekuk, Sisa 1 DPO",idntimes,0
"Sinopsis Oshi No Ko Season 3, Jadwal Tayang dan Situs Nonton",kapanlagi,0
"Biasa Main Film, Rio Dewanto Ungkap Alasan Mau 'Turun Gunung' Main Sinetron Stripping Lagi",kapanlagi,0
Pihak Wardatina Mawa Tantang Inara Rusli Tunjukkan Bukti Nikah Siri,kapanlagi,0
"25 Rekomendasi Drama Korea Romantis Bikin Gagal Move On, Romance Comedy Hingga Kisah Cinta Tragis",kapanlagi,1
'PAPA ZOLA THE MOVIE' Siap Gempur Bioskop Indonesia,kapanlagi,0
7 Potret Wendy Walters Mendaki Gunung Inerie di Awal Tahun 2026,kapanlagi,1
"Adly Fairuz Ngaku 'Jenderal Ahmad', Bikin Pengacara Korban Kaget Saat Ketemuan",kapanlagi,0
15 Rekomendasi Anime Terbaik Tahun 90-an yang Nggak Mati Zaman - Masih Banyak Ditonton Sampai Saat Ini,kapanlagi,1
"Adly Fairuz Janjikan Lulus Akpol Lewat Jalur Belakang, Diduga Tipu Korban hingga Rp3,6 Miliar",kapanlagi,0
21 Rekomendasi Anime Adventure Fantasy yang Populer dan Punya Rating Tinggi,kapanlagi,0
Mayka Anak Rifat Sungkar Ikut Mewakili Team BSJ Indonesia di Abu Dhabi Cup 2026,kapanlagi,0
10 Rekomendasi Anime Vampire Terbaru dengan Alur Kisah yang Seru dan Menegangkan,kapanlagi,0
15 Referensi Nonton Film Dewasa Barat Rekomendasi Netflix Terbaik dengan Cerita Seru dan Menarik,kapanlagi,0
"10 Rekomendasi Anime MC Wanita Kuat, Penuh Aksi Memukau",kapanlagi,0
"16 Rekomendasi Drakor yang Dibintangi Park Hyung Sik, Begitu Kece Jadi Pengacara Sampai Polisi Hadapi Zombie!",kapanlagi,0
"Belajar Jadi Ilmuwan Kecil, Serunya Eksplorasi Science Centre Singapore Bareng Anak",kapanlagi,0
"Eksplor Budaya Asia dari Berbagai Era, Asian Civilisation Museum Jadi Destinasi Wajib Saat Liburan ke Singapura",kapanlagi,0
"Liburan Bareng Bestie Makin Pecah, Jelajahi Keseruan HomeTeamNS Khatib di Singapura",kapanlagi,0
"Menepi Sejenak di Tengah Perjalanan, Rasakan Pengalaman Wellness Berbeda di Jewel Changi Airport",kapanlagi,0
"Orchard Road Nggak Cuma Punya Uncle Ice Cream, Lanjutkan Jelajah Surga Sporty di adidas Brand Centre!",kapanlagi,0
"Rayakan Momen Spesial Bareng Pasangan di Singapore Flyer, Dinner dengan View 360 Derajat Kota Singapura!",kapanlagi,0
Suami Boiyen Akhirnya Dilaporkan Oleh Rekan Bisnis Atas Dugaan Penipuan Investasi Usaha Kuliner,kapanlagi,1
"Polemik Skincare Berlanjut, Richard Lee Sudah Ditetapkan Sebagai Tersangka",kapanlagi,0
"Penampilan Baru Denada Setelah Oplas Wajah dan Bagian Dada, Terlihat Muda - Keriput Hilang",kapanlagi,1
"5 Film Terbaik Timothee Chalamet Wajib Ditonton, DUNE Hingga WONKA",kapanlagi,0
"Selain Timothée Chalamet, Inilah Daftar Aktor & Aktris Yang Bersinar di SAG Awards 2025!",kapanlagi,1
"Menang Sebagai Best Actor di SAG Awards 2025, Ini Perjalanan Karier Timothee Chalamet",kapanlagi,0
"Sinopsis Film Biografi Bob Dylan 'A Complete Unknown', Antarkan Timothee Chalamet Raih Best Actor",kapanlagi,0
"Tembus 1 Miliar Dolar, Review AVATAR 3 FIRE AND ASH",kapanlagi,0
AVATAR 3 FIRE AND ASH Box Office Tembus 1 Miliar Dolar,kapanlagi,0
"AVATAR: Fire and Ash Meledak di Bioskop Indonesia, Raih Rp93 Miliar di Minggu Pertama",kapanlagi,0
"AVATAR: Fire and Ash Tayang Perdana, Raup USD 12 Juta di Box Office",kapanlagi,0
"Idgitaf Buka Lembaran Baru di 2026 dengan Rilis Rutinitas, Penuh Refleksi Diri!",kapanlagi,0
"Lirik Lagu-Lagu Terpopuler Idgitaf, Ada 'SEDIA AKU SEBELUM HUJAN' Dan 'TAKUT'",kapanlagi,1
"Dere, Idgitaf, Kunto Aji, Sal Priadi, dan Tulus Sukses Tampil di Yogyakarta dalam Tur SAMA SAMA - Bawakan 'Mercusuar' hingga ‘Tujuh Belas’",kapanlagi,0
"Perjalanan Musik Tulus, Kunto Aji, Sal Priadi, Dere dan Idgitaf, Berubah karena Tur SAMA SAMA",kapanlagi,0
"Line Up Resmi KapanLagi Buka Bareng Festival 2026: Ada For Revenge, Raisa dan Masih Banyak Lainnya!",kapanlagi,0
Tiket Early Bird KapanLagi Buka Bareng 2026 Sold Out Dalam Waktu 1 Jam!,kapanlagi,0
"Tiket Early Bird KapanLagi Buka Bareng 2026 Resmi Dibuka Hari Ini, Jangan Sampai Kehabisan!",kapanlagi,1
"Lirik Lagu-Lagu Terpopuler Feel Koplo, Dijamin Bikin Goyang",kapanlagi,1
"Lirik Lagu-Lagu Terpopuler Barasuara, Ada 'PANCARONA' Sampai 'TERBUANG DALAM WAKTU'",kapanlagi,1
"Wardatina Mawa Mantap Ceraikan Insanul Fahmi, Ogah Dimadu",kapanlagi,0
"Kenangan Kemesraan Manohara dan Kristian Hansen, Kini Putus",kapanlagi,0
"Aurelie Moeremans Tulis Buku Kisah Hidup, Digrooming Sejak Usia 15 Tahun",kapanlagi,1
"Manohara Putus dari Kristian Hansen, Ada Perempuan Lain",kapanlagi,0
Insanul Fahmi Rela Sujud di Kaki Wardatina Mawa dan Minta Maaf,kapanlagi,0
Baskara Mahendra Rayakan Ultah ke-33 di Thailand Bareng Sahabat,kapanlagi,0
Nadin Amizah Diduga Idap Gangguan Pita Suara,kapanlagi,0
15 Potret Kampung Halaman Pacar Manohara Kristian Hansen di Denmark,kapanlagi,1
Suami Boiyen Resmi Dipolisikan Atas Dugaan Penipuan Investasi Kuliner Senilai Rp400 Juta,kapanlagi,0
"13 Rekomendasi Film Sad Ending Barat yang Populer, Cocok Ditonton saat Pingin Nangis",kapanlagi,0
13 Rekomendasi Film Live Action Anime Terbaik dan Populer dari Berbagai Genre,kapanlagi,0
"20 Rekomendasi Variety Show Korea yang Cocok untuk Self-Healing, Dijamin Bikin Mood Naik!",kapanlagi,1
Jenazah Istri Mansyur S Dimakamkan Diiringi Isak Tangis Keluarga,kapanlagi,0
"Bunda Corla Cerita Pengalaman Dibenci Calon Mertua, Naysilla Harus Putus Karena Beda Keyakinan",kapanlagi,0
FULL Bunda Corla & Naysilla Mirdad! Dari Masuk Aja Sudah Bikin Heboh,kapanlagi,1
"Menjiwai Jadi Mertua Jahat, Penonton Dimarahin Bunda Corla Sampai Nangis",kapanlagi,0
"Bunda Corla Cerita Pengalaman Dibenci Calon Mertua, Naysilla Harus Putus Karena Beda Keyakinan",kapanlagi,0
"ROCKET ROCKERS: Rumit, Kolaborasi Dengan Rizky Irmansyah, 26 Berkarya, Album Baru",kapanlagi,0
"Shabrina Leanor Disakiti Sebelum Manggung, Kisah Di Balik MV Sembuh Kembali",kapanlagi,0
"Shabrina Leanor Sering Dikomentari Soal Fisik, Dibilang Gembrot & Dibandingin Sama Winner Idol Lain",kapanlagi,0
Pasangan Visual! ? Angga Yunanda & Shenina Cinnamon Ungkap Rasanya Jadi Lawan Main,kapanlagi,0
"Shenina Cinnamon Gak Cemburu Angga Yunanda Main Cewek Lain, Tapi...",kapanlagi,0
Shenina Cinnamon: Semua Orang Harus Tahu Rasanya Jadi Aku Karena Kamu Sempurna,kapanlagi,0
"Sneakers Kekinian yang Lagi Jadi Andalan Gen Z, Wajib Masuk Wishlist!",kapanlagi,0
Celana Jeans Ala Anak Skena: Pilihan Straight sampai Baggy yang Wajib Dicoba,kapanlagi,0
"Makeup Anti Geser Saat Nonton Konser, 5 Cushion Ini Jadi Favorit Gen Z",kapanlagi,0
"Anti Boring, Ini 5 Casing HP Estetik yang Jadi Andalan Gen Z",kapanlagi,0
5 Lampu Tidur Estetik yang Bikin Kamar Gen Z Makin Cozy,kapanlagi,0
Rekomendasi Panci Listrik Serbaguna yang Praktis dan Hemat untuk Anak Kos,kapanlagi,0
"Solo Leveling Live Action Mulai Masuk Tahap Produksi, Ini Perkiraan Jadwal Tayangnya",kapanlagi,0
17 Rekomendasi Drakor Thriller yang Penuh Misteri - Adegan Menegangkan Sepanjang Episode,kapanlagi,0
20 Drakor Rekomendasi Tentang Zombie Terbaik dan Menegangkan dari Berbagai Tahun,kapanlagi,0
Daftar Idol K-Pop yang Masuk Nominasi iHeart Radio Music Awards 2026,kapanlagi,0
"20 Rekomendasi Series BL Thailand yang Wajib Ditonton, Jangan Sampai Terlewatkan",kapanlagi,1
"Karina aespa Diam-diam jadi Relawan, Momong Bocil di Penitipan Anak",kapanlagi,0
"Kenalan dengan Inka Williams, Model Bali yang Jadi Pacar Baru Channing Tatum!",kapanlagi,0
"Inara Rusli Ngotot Ingin Jadi Istri Sah Insanul Fahmi, Mawa Pilih Mundur",kapanlagi,0
"Yasmin Napper dan Giorgino Abraham Putus Setelah 4 Tahun Pacaran, Alasan Jadi Urusan Pribadi",kapanlagi,1
"Usai Bercerai dari Na Daehoon, Jule Kembali Jadi Perbincangan Gara-gara Video Tanpa Hijab!",kapanlagi,0
KABAR DUKA: Kakek Verrell Bramasta Sekaligus Ayah Venna Melinda Meninggal Dunia,kapanlagi,0
"(KL TALK) Pertama Kali Naik Gunung, Randy Martin & Ersya Aurelia Alami Kejadian Horor di Lokasi Syuting",kapanlagi,0
Potret Kebersamaan Desta & Natasha Rizky Remake Foto Keluarga di Korea,kapanlagi,0
"(KL KEPO) Randy Martin Spill Pertama Kali Pacaran, Kenakalan Saat Masih SMP Sampai Masuk BK",kapanlagi,0
"Putuskan Bercerai, Andhara Early Akui Rumah Tangganya dengan Bugi Ramadhana Tidak Sehat",kapanlagi,0
HOT NEWS!! JENNIFER COPPEN DILAMAR JUSTIN HUBNER,kapanlagi,0
"[EXCLUSIVE INTERVIEW] Kepoin SHAUN Penyanyi 'WAY BACK HOME', Suka Busking di Hongdae Pas SMA",kapanlagi,0
Yasamin Ngaku Selalu Semangat Casting Karena Suka Tampil di Depan Kamera!,kapanlagi,0
"Perjalanan Mercedes Ron di 'CULPA NUESTRA', dari Wattpad ke Layar Lebar",kapanlagi,0
Jirayut Pernah Nyanyi 'Seperti Mati Lampu' Lalu Beneran Mati Lampu,kapanlagi,0
Arbani Yasiz Beberkan Kemiripan 'SAMPAI TITIK TERAKHIRMU' dengan Kejadian Asli,kapanlagi,0
"Gilang Gombloh Ceritakan Dapur Rumahnya Alami Kebakaran, Sampai Dilarikan ke IGD",kapanlagi,1
"Mawar de Jongh Ungkap Perbedaan 'WHAT'S UP WITH SECRETARY KIM' dengan Versi Asli, Ada Unsur Indonesia",kapanlagi,0
Deretan Aktor Korea yang Sukses dengan Peran Bromance Terbaik,kapanlagi,0
"Ria Ricis Nikmati Keindahan Aurora, Moana Happy Main Salju",kapanlagi,0
"Prilly Latuconsina Datangi Museum Doraemon, Wujudkan Nostalgia Masa Kecil",kapanlagi,0
"Dahi Arie Untung Bocor di Mekkah, Alami Insiden Tak Terduga Saat Umrah",kapanlagi,0
Potret Harneel Anak Bunga Zainal Makin Ganteng & Berpostur Tinggi,kapanlagi,0
"8 Potret Kantor Tasya Farasya yang Sudah Jadi, Desain Mewah Bak Hotel",kapanlagi,1
"SPRING FEVER, Rekomendasi Drama Rom-com Dibintangi Ahn Bo Hyun dan Lee Joo Been",kapanlagi,0
"Shin Min Ah dan Kim Woo Bin Honeymoon di Barcelona, Pengantin Baru Full Senyum",kapanlagi,0
"Anak Demam Tinggi Panggil Nama Mpok Alpa, Hati Aji Darmaji Terasa 'Ces'",kapanlagi,0
"7 Potret Atta Halilintar Ketemu Kaka dan Neymar, Bikin Fans Bola Iri",kapanlagi,1
"Deretan Aktor Top Korea di Pemakaman Ahn Sung Ki, Ada Ju Ji Hoon - Hyun Bin",kapanlagi,0
"Richa Novisha Pengajian 40 Hari Perginya Gary Iskak, Khidmat dan Sederhana",kapanlagi,0
"Profil Timothee Chalamet, Raih Nominasi Pemeran Utama Pria Terbaik Actor Awards 2026",kapanlagi,0
"Ammar Zoni Berharap Bebas Tahun Ini, Mau Ketemu Anak dan Berkarya Lagi",kapanlagi,0
"Kiky Saputri Tegas soal Anak, Kakek Dilarang Gendong Kalau Habis Merokok!",kapanlagi,0
"Profil & Kabar Terbaru Channing Tatum, Bakal Tampil Sebagai Gambit di AVENGERS: DOOMSDAY",kapanlagi,0
"Rekomendasi Drama Korea On Going Rating Tinggi Awal Tahun 2026, Lengkap Berbagai Genre",kapanlagi,0
"Mantan Suami Jadi Ojol, Andhara Early Pastikan Nafkah Anak Tetap Aman",kapanlagi,0
Goldilocks and the Three Bears: Death and Porridge (2024) - Film,kapanlagi,0
Inhuman Kiss: The Last Breath (2023) - Film,kapanlagi,0
I Saw the TV Glow (2024) - Film,kapanlagi,0
Finding Harmony: A King's Vision - Film,kapanlagi,0
Twilight of the Warriors: Walled In (2024) - Film,kapanlagi,0
Gilang Dirga Ungkap Kondisi Ayahnya Sebelum Meninggal Dunia: Almarhum Nggak Mau Terlihat Lemah,kapanlagi,1
Kronologi Rumah Komedian Diding Boneng Di Matraman Ambruk Memang Saya Yang Salah,kapanlagi,0
Bella Bonita Istri Denny Caknan Jadi Tukang Parkir Dadakan Gara-Gara Rumahnya Viral Dipakai COD,kapanlagi,1
Anak Olla Ramlan Pasang Badan Setelah Ibunya Dikritik Karena Pacaran Dengan Tristan Molina,kapanlagi,0
"DRAMA KELUARGA! David Beckham & Istrinya Ketahuan Unfollow Sang Anak, Ada Masalah Dengan Menantu?",kapanlagi,1
"Cerita Michelle Ziudith Terapkan Hidup Ramah Lingkungan, Mulai Kebiasaan Kecil",kapanlagi,0
"Disinggung Dulu Kecintaan Sama Vadel, Lolly Meizani Kini Move On: Sudah Dari Kemarin Sadarnya!",kapanlagi,0
Komentar Tobat Resbob Saat Ditangkap Polisi: Minta Maaf & Janji Tak Akan Mengulang,kapanlagi,0
"Tren 'Ya Allah Lindungi Bilqis' Viral di TikTok, Ayu Ting Ting Hingga Sejumlah Artis Ikutan Mencoba",kapanlagi,1
"Aya Balqis Unggah Bukti Chat Dengan Pacar Jule, Klarifikasi Isu Perselingkuhan Yang Viral",kapanlagi,1
Viral Rumah Denny Caknan Dijadikan Pusat COD: Ada Yang Minta Wifi Hingga Review Nyaman Di Google,kapanlagi,1
"Detik-Detik Nama April Diumumkan Jadi Juara 3 DA 7, Saweran Jutaan - Hadiah Single Perdana",kapanlagi,1
Ahmad Dhani Akui Jadwal Manggung Dewa 19 Menurun Sepanjang 2025,kapanlagi,0
"Lirik Lengkap Lagu-Lagu Terpopuler Wali, Ada 'YANK' Sampai 'AKU BUKAN BANG TOYIB'",kapanlagi,1
"Lirik Lengkap 10 Lagu Terpopuler For Revenge, ada Serana hingga Penyangkalan",kapanlagi,1
Lirik Lengkap Soundtrack 'RANGGA & CINTA': Album Emosional yang Bikin Nostalgia!,kapanlagi,0
10 Musisi Indonesia Dengan Jumlah Pendengar Terbanyak di Spotify 2025,kapanlagi,0
"Cerita Musikal 'Bukan Cinta Galih/Ratna', Plot Twist Tak Terduga",kapanlagi,0
"Praz Teguh Cover Lagu Idgitaf 'Sedia Aku Sebelum Hujan' Versi Rock, Bukti Artis Multi Talenta",kapanlagi,0
"Ifan Seventeen Rilis Lagu Baru 'Jangan Paksa Rindu (Beda)', Angkat Kisah Pasangan yang Bertahan Karena Terpaksa",kapanlagi,0
Ultraverse Festival 2026 Hadirkan 12 Musisi di 3 Kota dalam Satu Panggung Virtual,kapanlagi,0
"BTS Shoot Iconic KATSEYE Pakai Plastik Wrap di Lagu Gnarly, Hasilnya Memukau",kapanlagi,0
Arti dan Makna Lagu Malibu Nights LANY Jadi Simbol Kesepian Setelah Patah Hati,kapanlagi,0
DJ Yasmin dan Clarissa Wijaya Antusias Tampil di Stereo Fest Jakarta 26 Awal Tahun 2026,kapanlagi,0
Arti dan Makna Lagu Mary On A Cross Ghost yang Mengungkap Soal Perjuangan Batin,kapanlagi,0
Arti dan Makna Lagu Stargazing - Myles Smith Tentang Cinta dan Harapan,kapanlagi,0
Arti dan Makna Lagu See You Again yang Jadi Simbol Perpisahan Abadi,kapanlagi,0
"Arti dan Makna Lagu Love Again Dua Lipa, Tentang Menemukan Cinta Kembali",kapanlagi,0
DJ Boboboyz Siap Hibur Penonton Dengan Konsep Spesial di Pertengahan Januari 2026,kapanlagi,0
"Arti dan Makna Lagu Sweet Cigarettes After Sex, Tentang Hubungan Romantis Sepasang Kekasih",kapanlagi,0
"Slank Resmi Rilis Lagu Baru 'Republik Fufufafa', Rayakan 42 Tahun Berkarya",kapanlagi,1
"Deretan Lagu Hits 2025: Genre Hipdut Bikin Candu, 'Alamak' Membekas di Pikiran",kapanlagi,0
Arti dan Makna Lagu Dessert Dawin yang Menggambarkan Cinta Penuh Godaan,kapanlagi,0
"Makna Lagu Keep On Loving You dari Cigarettes After Sex, Cinta Tak Pernah Padam",kapanlagi,0
"Arti dan Makna Lagu Space Song Beach House, Pesan Mendalam Usai Putus Cinta",kapanlagi,0
"Slank Rayakan 42 Tahun dengan Konser di Bali, Donasikan Keuntungan untuk Sumatera",kapanlagi,1
Arti dan Makna Lagu Deslocado NAPA Jadi Simbol Keberanian Gen Z,kapanlagi,0
Aida Ihsan Akan Donasikan Seluruh Royalti Lagu Hilang Waras untuk Korban Bencana di Aceh,kapanlagi,0
Arti dan Makna Lagu Untouchable Taylor Swift Tentang Cinta Indah Namun Tak Tergapai,kapanlagi,0
"Arti dan Makna Lagu Feels Like We're Still A Lover Aldi Haqq, Pertemuan hingga Nostalgia",kapanlagi,0
"Peduli Korban Bencana Sumatera, Grup Merdeka Salurkan Donasi Rp 977 Juta melalui Baznas RI",kompas,0
"87 Tahun Sinar Mas, Konsisten Menjawab Tantangan Global lewat Transformasi Berkelanjutan",kompas,1
"Konsisten Terapkan ESG, Grup Merdeka Catat Prestasi Gemilang Sepanjang 2025",kompas,0
"Grup Merdeka Perkuat Konservasi Biodiversitas, dari Pelepasliaran Maleo hingga Perlindungan Anoa",kompas,0
"Dukung Peran Pertahanan Negara, Ratusan Insan Sinar Mas Tuntaskan Pendidikan Komponen Cadangan",kompas,0
"Di IISF 2025, Sinar Mas Paparkan Upaya Percepat Transisi Perekonomian Indonesia yang Inklusif dan Berkelanjutan",kompas,0
"Perjalanan 87 Tahun Sinar Mas, Konsisten Tumbuh Bersama UMKM",kompas,1
"Jatuh Bangun Pengasuh Ponpes Ubah Limbah Aren Jadi Media Tanam Jamur Merang, Kini Hasilkan 80 Kg Jamur Per Hari",kompas,0
"Komitmen ANJ Hadapi Isu Lingkungan, dari Perubahan Iklim hingga Energi Terbarukan",kompas,0
Cerita Mitra Dealer SPBU Shell Modular Blitar: Bangun NFR Penginapan untuk Maksimalkan Keuntungan Bisnis,kompas,0
MDKA Berkomitmen Kembangkan Kompetensi Karyawan dan Pekerja Lokal,kompas,0
"IWIP Berikan Pelatihan Kerja Gratis untuk 17.358 Orang, Tingkat Pengangguran di Halmahera Tengah Turun",kompas,0
Bagaimana Teknologi Menarik Petani Muda dan Mendorong Swasembada Pangan?,kompas,1
Harfia Dorong Produktivitas Petani lewat Penggunaan Alsintan Modern,kompas,0
Harfia Bantu Percepatan Program Swasembada Pangan di Indonesia,kompas,0
Dian Swastatika Gandeng EDC Filipina Garap Potensi Besar Panas Bumi Indonesia,kompas,0
"Langkah Sinar Mas di 2025, dari Inovasi Bisnis, Aksi Sosial hingga Bela Negara",kompas,0
Sinar Mas Gandeng Mitra Prancis untuk Perkuat Logistik Maritim dan Budi Daya Sawit,kompas,0
Sinar Mas Wakafkan Lebih dari 30.000 Al-Qur’an dan Salurkan 30 Juta Liter Minyak Goreng Kemasan,kompas,0
"Penuhi Hak Kreditur melalui Private Placement Tahap 4, WSBP Siap Terbitkan 751,47 Juta Saham Seri C",kompas,0
"Bulan K3 Nasional, IWIP Edukasi Karyawan Pentingnya Penerapan K3 di Dunia Kerja",kompas,0
"MDKA Pacu Proyek Strategis, Perkuat Posisi di Industri Pertambangan",kompas,0
Kompas.com Kembali Jadi Pemenang Kategori Media Online Tepercaya,kompas,0
"Lomba Berkonten Ria bersama IndiHome Rampung, Ini Daftar 30 Pemenangnya",kompas,0
"Berkontribusi untuk Papua, FM Venusiana Raih International Dedication Award 2023",kompas,0
"Siapkan Tim Teknis Siaga, IndiHome Jamin Layanan Tetap Optimal Sepanjang Libur Lebaran",kompas,0
"Gratis dan Bebas Calo, Masyarakat Antusias Ikut Mudik bersama IndiHome-Telkom Group",kompas,0
IndiHome Gelar Content Creation Competition Berhadiah Rp 165 Juta,kompas,0
"Mudik Gratis IndiHome, Pelanggan, Karyawan dan Masyarakat Umum Bisa Ikutan!",kompas,0
"Cetak Atlet Esports Berkualitas, LEAD Campus Bakal Hadir di 7 Kota di Indonesia",kompas,0
"Sukses dengan Musim Pertama, IndiHome Hadirkan Musim Kedua ""Teknisi Magang""",kompas,0
"Nostalgia Bareng Si Unyil, IndiHome Hadirkan Serial Podcast Seru dan Edukatif",kompas,0
"Siap-siap, Liztomania Vol. 8 Bakal Hadirkan Ardhito Pramono",kompas,0
"Bareng Salsa dan Ibrahim ""Jodoh atau Bukan"", WeTV Kenalkan Ekosistem Digital ke 1.000 Pelajar di Bandung",kompas,0
"Cara Konsumsi Internet Berubah, IndiHome Bersiap Jadi Layanan Paling Lengkap",kompas,0
IndiHome Optimistis Capai Target Kenaikan Jumlah Pelanggan pada 2023,kompas,0
"Utamakan Kebutuhan Masyarakat, IndiHome Hadirkan Kecepatan Internet Tinggi hingga Paket Add On",kompas,0
"Rekomendasi Film Romantis di IndiHome TV, Cocok Ditonton Saat Hari Valentine bersama Pasangan",kompas,0
Dokter Ungkap Menu Favorit di Restoran yang Bisa Membahayakan Jantung,kompas,1
"AS Ubah Pedoman Diet, Daging dan Susu Tinggi Lemak Jadi Fokus Utama",kompas,0
"Ibu Hamil Perlu Tahu, Ini Tips Mencegah Anemia Defisiensi Besi pada Anak",kompas,0
"Gejala, Penyebab, Pengobatan",kompas,0
Penyakit Abdominal Migrain (Migrain Perut),kompas,0
"Pubertas Dini pada Anak Bisa Meningkatkan Risiko Perundungan, Apa yang Harus Dilakukan Orangtua?",kompas,1
Dokter Ungkap Tanda-tanda Pubertas Dini pada Anak yang Memerlukan Pemeriksaan Medis,kompas,0
Penelitian Ungkap Kaitan Kafein dalam Darah dengan Lemak Tubuh dan Risiko Diabetes Tipe 2,kompas,0
Penelitian Ungkap Musik Bisa Lindungi Lansia dari Risiko Demensia,kompas,0
Dokter Jelaskan Dampak Psikologis Pubertas Dini pada Anak yang Perlu Diketahui,kompas,0
Pola Hidup Sehat untuk Menekan Risiko Pubertas Dini pada Anak Menurut Dokter,kompas,0
Cara Skrining BPJS Kesehatan 2026 untuk Pemeriksaan Kesehatan Mandiri,kompas,0
"Terapi Penunda Pubertas pada Anak, Aman atau Berisiko Menurut Dokter?",kompas,1
"Mengenal Apa Itu Ptosis, Kondisi Mata Gibran yang Disinggung Pandji Pragiwaksono",kompas,0
"Aktor Squid Game Ahn Sung Ki Meninggal Dunia, Diduga Alami Serangan Jantung",kompas,0
"Insomnia Dapat Meningkatkan Risiko Penyakit Jantung, Jangan Abaikan",kompas,0
Mental Pengungsi Aceh Tamiang Relatif Stabil Pascabanjir,kompas,0
3 Hal yang Perlu Dilakukan Saat Jadi Pendamping Korban Bencana,kompas,1
Pentingnya Skrining Dini untuk Mencegah Kanker Serviks,kompas,0
Cara Mempercepat Penyembuhan Super Flu Menurut Dokter,kompas,0
Kondisi Terkini Pelayanan Pasien Anak di RSUD Aceh Tamiang Pascabanjir,kompas,0
"Anak Alami Pubertas Dini, Ini Pemeriksaan Medis yang Perlu Dilakukan Menurut Dokter",kompas,0
"Dampak Pubertas Dini pada Anak, Tinggi Badan Terhambat dan Risiko Kesehatan Meningkat",kompas,0
"Ramai Disebut Superflu, Begini Cara Mencegah Influenza A Tipe H3N2",kompas,0
"Bekas Menag Yaqut Tersangka Korupsi Kuota Haji, PBNU Tegaskan Tidak Terkait",kompas,0
KPK Tetapkan Bekas Menag Yaqut Cholil dan Staf Khususnya Tersangka Korupsi Kuota Haji,kompas,0
Titik Terang Kasus Dugaan Korupsi Haji Kemenag 2023-2024,kompas,0
Apa Kata Trump dan Pejabat AS soal Hukum Internasional?,kompas,1
Kemenlu Rusia Kecam Keras AS soal Penangkapan Tanker,kompas,0
"Meski Keluar, AS Tetap Wajib Danai Organisasi Internasional",kompas,0
"Kritik Seni yang Kehilangan Ukuran, Bukan Sekadar Keberanian",kompas,0
"Paus Leo Dorong Multilateralisme, Kecam Aksi Militer",kompas,0
"Kritik Seni yang Kehilangan Ukuran, Bukan Sekadar Keberanian",kompas,0
Analisis Budaya: Terbang ke Dalam Hurikan,kompas,0
Apa Kata Trump dan Pejabat AS soal Hukum Internasional?,kompas,1
Ikhtiar Anak Muda di Pusaran Industri Hilirisasi,kompas,0
Tantangan 2026: Dari Tuntutan Hijau Nikel hingga Risiko Politik Domestik,kompas,0
Tiang Monorel Mangkrak di Jakarta Segera Dibongkar,kompas,1
Sampah Jakarta dan Bekasi Terus Menggunung,kompas,0
"OTT, KPK Tangkap Pegawai Pajak di Jakarta Utara",kompas,0
Ketika China Larang Film Bertema CEO Nikahi Gadis Miskin...,kompas,0
"Jika Trump Mau Beli Greenland, Berapa Harganya?",kompas,1
BMKG Ungkap 12 Wilayah yang Memasuki Puncak Musim Hujan Januari 2026,kompas,0
Elon Musk Batasi Fitur Edit Foto AI Grok di X gara-gara Konten Tak Senonoh,kompas,0
Wacana Pilkada Melalui DPRD Direspons Negatif oleh Publik di Media Sosial,kompas,0
"Trump Tegaskan Tak Butuh Hukum Internasional, Hanya Satu Hal yang Bisa Menghentikannya",kompas,0
Pelapor Pandji Angkat Bicara Usai Tak Diakui oleh PP Muhammadiyah,kompas,0
"Denada Digugat Rp 7 Miliar, Dituding Telantarkan Anak Puluhan Tahun",kompas,0
Ketika China Larang Film Bertema CEO Nikahi Gadis Miskin...,kompas,0
"Jalan Tol Menuju IKN di Balikpapan Patah Usai Hujan Deras, Akses Ditutup",kompas,0
"Fenomena Lubang Raksasa Limapuluh Kota: Air Jernih Tapi Tampak Biru, Ini Penjelasan Pakar",kompas,0
"Denada Unggah Foto Bersama Emilia Contessa, Ucap Rindu dan Minta Doa",kompas,0
"Tangis Keluarga Pecah, Jenazah Kopda Satria TNI yang Gugur Melawan KKB Tiba di Kupang",kompas,0
Amerika Serikat dan Krisis Hukum Internasional: Dari Venezuela hingga Palestina,kompas,0
"Beredar Video MBG Dikemas di Kantong Plastik, SPPG Beri Klarifikasi",kompas,0
Ini Jenis Kendaraan yang Tidak Kena Pajak Progresif,kompas,0
6 Kesalahan Membersihkan Rumah yang Sering Dilakukan,kompas,0
"OTT Pegawai Pajak Jakut, KPK Tangkap 8 Orang",kompas,0
"Panduan Wisata 3 Hari 2 Malam di Sumba, Contek Itinerary Ini",kompas,0
Delpedro Minta Menko Yusril Rutin Pantau Pelayanan Kesehatan di Rutan,kompas,0
"Hari-hari Iran ""Membara"" Diguncang Demonstrasi, Harga Bahan Pokok Melonjak Drastis!",kompas,0
Warga Denmark Kecam Ambisi Trump Kuasai Greenland: Kuno dan Bodoh!,kompas,0
"China Pamer Robot di Amerika, Persaingan AI Antarnegara di Dunia Terasa",kompas,0
"Superflu Menyebar Cepat, Bagaimana Tingkat Bahayanya?",kompas,1
Keras! Presiden Jerman Sebut AS Hancurkan Tatanan Dunia,kompas,0
"Potret Kekacauan di Iran, Khamanei: Hanya Senangkan Presiden Negara Lain",kompas,0
"Meksiko Masuk Radar Amerika Serikat, Jadi Target Militer Selanjutnya?",kompas,1
AS Kembali Sita Kapal Tanker Minyak yang Terobos Blokade di Venezuela,kompas,0
"Harga Bitcoin (BTC) Masih Bergejolak, Turun 0,6 Persen",kompas,0
"RI Swasembada Beras, Bulog Dorong Kebijakan Satu Harga Nasional",kompas,0
Berapa Lama Proses Pindah Status BPJS Kesehatan Mandiri ke PBI?,kompas,1
Aksi Nakal Selamatkan AC Milan,kompas,0
"Meski Keluar, AS Tetap Wajib Danai Organisasi Internasional",kompas,0
"Kebut Pendataan Pascabencana, Tito Verifikasi 52 Daerah Terdampak di Sumatera",kompas,0
"Dorong Ekonomi Kerakyatan, Bank Mandiri Salurkan KUR Rp 41 Triliun Sepanjang 2025",kompas,0
"Percepat Rehabilitasi Bencana Sumatera, Tito Tancap Gas Petakan Permasalahan",kompas,0
Dilema Tiananmen di Jantung Teheran,kompas,0
Amerika Serikat dan Krisis Hukum Internasional: Dari Venezuela hingga Palestina,kompas,0
Strategis Pengembangan Industri Gambir,kompas,0
Ketika China Mengoreksi Arah Budaya Populer Digital,kompas,0
"AI, Tubuh, dan Kekerasan Visual: Membaca ""Grok Pornification"" di X",kompas,0
"OTT, KPK Tangkap Pegawai Pajak di Jakarta Utara",kompas,0
"Banjir Rendam 6 Kampung di Blega Bangkalan, Jalan Menuju Sampang Macet",kompas,0
Benarkah Oli pada Mobil yang Overheating Harus Diganti?,kompas,1
"Oreshnik, Rudal Rusia Berkecepatan 13.000 Km Per Jam yang Hantam Ukraina",kompas,0
"AS Bidik Minyak Venezuela, Importir Terbesar Justru Fokus Transisi Energi",kompas,1
Video: 2.000 Mobil Terbang Akan &quot;Melayang&quot; di AS,kompas,0
"Tak Semua Daging Tinggi Protein Baik untuk Kesehatan, Mana yang Terbaik Menurut Ahli Gizi?",kompas,1
"Figur Pilihan Roy Keane untuk Latih Man United, Bukan Solskjaer",kompas,0
Legenda Man United Sebut Gabriel Martinelli Usai Insiden dengan bek Liverpool,kompas,0
"Jadebotabek-Punjur Terancam Banjir dan Longsor, Perpres 60 Direvisi",kompas,0
"Utang Pinjol Warga RI Nyaris Rp 100 Triliun, Risiko Kredit Naik",kompas,0
"Kontroversi AI ""Grok"": Tentang Kecerdasan, namun Tidak Melindungi Privasi Pengguna",kompas,0
6 Fakta Menarik Tentang Tuna Rp 54 Miliar di Jepang,kompas,1
"Dua Jalan, Satu Tujuan",kompas,0
Meraba Masa Depan dengan AI sebagai Copilot,kompas,0
"Lenovo Pamer Laptop Gaming dengan Layar Gulung, 16 Inci Jadi 24 Inci",kompas,0
Suku Cadang Copotan Mobil Matik: Hemat Tapi Berisiko,kompas,0
"Daftar Gelar yang Bisa Ditambahkan di Nama KTP, Apa Saja?",kompas,1
"Tangis Keluarga Pecah, Jenazah Kopda Satria TNI yang Gugur Melawan KKB Tiba di Kupang",kompas,0
Apa Itu Agen ICE AS dan Mengapa Boleh Menggunakan Kekerasan?,kompas,1
"Jaga-jaga Kim Jong Un Diculik AS, Korea Utara Langsung Susun Strategi",kompas,0
Presiden Kolombia Diminta ke Gedung Putih Usai Diancam Trump,kompas,0
Apa Sebenarnya Rencana AS untuk Venezuela Usai Tangkap Presiden Maduro?,kompas,1
"Perjuangan Melelahkan Agung Uji Pangestu, Tuntaskan Kuliah Sambil Mengajar dan Jadi Kurir Makanan",kompas,0
"Biaya Hidup Naik, Ini Strategi Berhemat agar Keuangan Tetap Terkendali",kompas,0
"Cerita Penjaga Warkop di Surabaya, Kerja 24 Jam adalah Rezeki Tambahan",kompas,0
"Bukan Nabung dengan Jumlah Besar, Ini Cara Unik Gen Z Kelola Keuangan",kompas,0
"Sederet Aset Properti Yaqut Cholil, Tersangka Kasus Kuota Haji",kompas,0
Lamar Kerja di Bidang Kreatif? Intip 5 Prompt AI agar Cover Letter Dilirik Rekruter,kompas,0
"RI Ajak China Dongkrak Investasi di Sektor EBT, EV, hingga Data Center",kompas,0
New Veloz Hybrid Sudah Terpesan 260 Unit di Jateng dan DIY,kompas,0
"10 PTN Buka Jurusan Kedokteran Jalur OSIS, Tak Perlu Tes Lagi",kompas,0
BERITA FOTO: Penampakan Becak Listrik Bantuan Presiden Prabowo,kompas,0
"BERITA FOTO: Penampakan Tol Yogyakarta-Bawen, Diresmikan 2026?",kompas,1
"BERITA FOTO: Saat Warga Berbondong-bondong ""Serbu"" Bandung Zoo meski Masih Tutup",kompas,0
BERITA FOTO: Natal di Pengungsian,kompas,0
"BERITA FOTO: Bus PO Cahaya Trans Ringsek Parah Usai Kecelakaan Maut di Tol Krapyak Semarang, 16 Penumpang Tewas",kompas,0
"Harga Emas Antam di Pegadaian 10 Januari 2026 Naik, Cek Rinciannya",kompas,1
"AFC Soroti Skandal Naturalisasi, Malaysia Terancam Dikucilkan Jika Kalah di CAS",kompas,0
"Berbulan-bulan Diprotes Warga, TPS Dekat Rusunawa PIK 2 Akhirnya Ditutup",kompas,1
"Wajah Berubah Seiring Usia, Ini Syarat dan Cara Mudah Ganti Foto KTP",kompas,0
"Harga Emas di Pegadaian 10 Januari 2026, Galeri 24 dan UBS Naik",kompas,0
"Video: Rute Tanker &quot;Hantu&quot; Rusia Kelabui Kejaran AS, Matikan Radar hingga Dikawal Kapal Selam Nuklir",kompas,0
"Jalan Tol Menuju IKN di Balikpapan Patah Usai Hujan Deras, Akses Ditutup",kompas,0
Delpedro Minta Menko Yusril Rutin Pantau Pelayanan Kesehatan di Rutan,kompas,0
"Jalan Haji Nawi Berlaku Satu Arah, Ada Proyek Dinas Sumber Daya Air",kompas,0
Rekomendasi 8 Kanal YouTube untuk Belajar Materi CPNS,kompas,0
"Ruas Jalan di Jaksel Direkayasa karena Proyek Tata Air, Ini Daftarnya",kompas,0
"Merajut Harmoni Membangun Kebersamaan, Walkot Munafri Arifuddin Ungkap Visi Modern dan Beradab Kota Makassar di Usia ke-418 Tahun",kompas,1
Profil Presiden Prabowo yang Hari Ini Genap Berusia 74 Tahun,kompas,1
"HUT Ke-25 Banten, Semangat ""Kolaborasi Kuat"" Jadi Kunci Wujudkan Daerah Maju, Adil Merata dan Tidak Korupsi",kompas,0
"Merayakan Keberlanjutan, Lestari Awards 2025 Anugerahkan 16 Penghargaan, Ini Daftar Pemenangnya",kompas,0
"Tiga Dekade Kompas.com, Menyalakan Semangat Literasi di Era Disrupsi",kompas,0
Indro Warkop Tanggapi Polemik Mens Rea Pandji Pragiwaksono,kompas,0
"Aceh Utara Banjir Lagi, Status Kembali ke Tanggap Darurat",kompas,0
Cek Harga Emas Hari Ini 10 Januari 2026 Pagi: Ada Kenaikan Tipis,kompas,1
Tertawa Sebelum Menghakimi Negara,kompas,0
BMKG: Ini Wilayah Berpotensi Hujan Lebat dan Angin Kencang pada 10-11 Januari 2026,kompas,0
"Tak Sembarang Orang Bisa Jadi Mitra Grab, Berikut Syarat dan Tahapan Seleksinya",kompas,0
Grab Bagikan 5 Tips Aman Menggunakan Taksi Online,kompas,1
"Wujudkan Transportasi Bebas Kekerasan Seksual, Ini Upaya Kolaboratif Komnas Perempuan dan Grab",kompas,0
"Wujudkan Transportasi Inklusif, Grab Jadi Transportasi Online Pertama di Aplikasi JakLingko",kompas,0
GrabMerchant Awards 2021 Beri Apresiasi pada Ratusan Mitra Merchant GrabFood dari 14 Kota di Indonesia,kompas,0
"Dukung Pelaku Usaha Ultra Mikro, BLU PIP dan Grab Indonesia Jalin Kerja Sama",kompas,0
"Berdayakan UMKM dan Pelaku Pasar Tradisional, Grab Kerja Sama dengan Asparindo",kompas,0
Rahasia Toko Kelontong 4 Generasi di Bandung Bertahan di Tengah Pandemi,kompas,1
"Jadi Inspirasi Perusahaan, Grab Pajang Dua Foto Mitra Difabel Asal Indonesia di Menara NASDAQ",kompas,0
"Gandeng PMI, Grab Hadirkan Layanan Pertama Antar Kantong Darah di Kota Makassar",kompas,0
"Mega Festival Kuliner GrabFood Makanthon Hadir Lagi, Kini dengan Total Hadiah Rp 2 Miliar",kompas,0
"Saling Bantu Saat Pandemi, UMKM Balikpapan Bagikan Bekal untuk Sopir Ojek Online",kompas,0
"Pengalaman Unik Sopir Taksi Online di Masa Pandemi, dari Mengantar Pasien Covid-19 hingga Nyaris Dibayar dengan Gula",kompas,0
"Andalkan Layanan Pesan Antar Online, Omzet Sego Krenyes Milik Sofwan Adi Melonjak hingga 80 Persen",kompas,0
"Makan Hemat dan Lezat, Ini 4 Rekomendasi Pilihan Menu GrabFood #Mulai10Rb",kompas,0
"Tinggalkan Gengsi, Wanita Berusia 24 Tahun Ini Sukses Naikkan Omzet Bisnis Sayurnya",kompas,1
Grab Gandeng Kementerian Investasi untuk Dorong UMKM Dapatkan Perizinan Bisnis Secara Online,kompas,0
"TNI Swadaya Tangani Bencana di Sumatera, Said Abdullah Dorong Percepatan Koordinasi Anggaran",kompas,0
Regenerasi Politik Muda Warnai Kepengurusan Baru PDI-P Jateng,kompas,0
"Viral Toko Roti Tolak Pembayaran Tunai, Said Abdullah Ingatkan Ancaman Pidana",kompas,1
"Puan Ucapkan Selamat Natal 2025, Tekankan Solidaritas dan Empati di Tengah Bencana",kompas,0
Said Abdullah Tekankan Kepedulian Sosial Lintas Iman di Momentum Natal,kompas,0
"Said Abdullah Soroti Wacana Pilkada lewat DPRD, Usulkan Perkuat Penegakan Hukum",kompas,0
"Hari Ibu 2025, Puan Gaungkan Peran Perempuan sebagai ""Mothers of the Earth"" Penjaga Lingkungan",kompas,0
"Bahlil Siap Perangi Mafia Migas, Minta Dukungan Ulama",kompas,0
"Terbukti, Jokowi Menaruh Harapan Besar pada PNS Muda",kompas,0
"Alam Ganjar Serap Aspirasi Anak Muda Jogja, dari Masalah Pendidikan hingga Internet",kompas,0
"Ahmad Ali: PSI Targetkan Tiga Besar Pemilu 2029, Kalbar Jadi Lumbung Suara",kompas,0
"Tren Pemimpin Muda, Sekjen Gelora Sebut Kehadiran Gibran Sejalan dengan Fenomena Sekarang",kompas,0
"Perkuat Kesiapsiagaan Bencana, Kaisar Said Putra Hadirkan Tim Ambulans SobatKaisar",kompas,0
"Jadikan Buruh Pelaku Aktif Pembangunan, Ini 4 Catatan Fahira Idris",kompas,0
"Acara di Semarang, Puan Ajak Doa Bersama Bagi Korban Bencana Banjir dan Longsor",kompas,0
"Said Abdullah: Reshuffle Kabinet Harus Berbasis KPI Jelas, Hindari ""Kinerja Kamuflatif"" Menteri",kompas,0
"Konfercab PDI Perjuangan Sukses, Said Abdullah: Komposisi Pas",kompas,0
"Soal Sinyal PKS Tinggalkan Anies dan Gabung KIM Plus, Zulhas: Politik Jangan Baperan",kompas,0
"Ahmad Syaikhu Janji Ciptakan 3 Juta Lapangan Kerja, Fokus Kembangkan Potensi Desa di Jabar",kompas,0
"Senam Sehat Bareng Warga, Andra Soni Paparkan Program Sekolah Gratis hingga Antikorupsi",kompas,0
Didit Hediprasetyo Foundation dan Global Sevilla School Sukses Gelar Workshop “Day of Mindfulness”,kompas,0
"Cerita Harlah Ke-27 PKB, dari Prabowo yang Merasa Nyaman hingga Komitmen Wujudkan Indonesia Produktif",kompas,0
Anies Apresiasi Wartawan yang Ikut Kegiatan Kampanye Nonstop,kompas,0
"Bersiap Hadapi Pemilu 2029, PDI Perjuangan Jatim Fokus Garap Pemilih Gen Z dan Alpha",kompas,0
"Terpilih Jadi Ketua DPD PDI Perjuangan Jatim 2025-2030, Ini Target Said Abdullah",kompas,0
"Pimpin Kembali PDI-P Jatim, Said Abdullah Soroti Kaderisasi dan Tanggap Bencana",kompas,0
Said Abdullah Targetkan Program Penanganan Bencana PDI-P Jatim Masuk APBD,kompas,0
Said Abdullah Kembali Terpilih sebagai Ketua DPD PDI-P Jatim 2025–2030,kompas,0
Said Abdullah Larang Kader PDI-P Gunakan Politik Jargonistik: Utamakan Kepentingan Masyarakat,kompas,0
Said Abdullah Ajak Kader PDI-P Jatim Tinggalkan “Politik Salon” dan Jaring Masukan Gen Z,kompas,0
"PDI-P Jatim Akhiri Kepengurusan di Konferda, Said Abdullah: Kita Keluarga Selamanya",kompas,0
"Harga Emas Antam Hari Ini 10 Januari 2026: Rp 2,57 Juta per Gram, Cek Daftarnya",kompas,1
"Faktor Ekonomi, 61.116 Warga Malaysia Lepas Kewarganegaraan",kompas,0
"Kemenkeu Tarik Utang Rp 736,3 Triliun Sepanjang 2025",kompas,0
"10 Cara Orang Kaya Membangun Aset, Saat Orang Miskin Terjebak Utang",kompas,1
"Indonesia dan China Sepakati 16 Proyek Investasi Rp 36,4 Triliun",kompas,0
Cara Cek BPNT 2026 Rp 600.000: Ini Link Resmi dan Panduannya,kompas,1
"Arus Modal Asing Rp 1,44 Triliun Masuk RI dalam Sepekan Ini",kompas,0
"Wall Street Ditutup Menguat, S&P 500 Cetak Rekor ATH",kompas,0
"Daftar Kereta Tarif Khusus Go Show dari Jogja dan Solo Januari 2026, Tiket Mulai Rp 45.000",kompas,0
OJK: Penarikan Dana Pemerintah Rp 75 T Tak Ganggu Likuiditas Himbara,kompas,0
"Biaya Tambah Daya Listrik Januari 2026 Diskon 50 Persen, Tarif Mulai Rp 210 Ribuan",kompas,0
Strategi Menabung Realistis di Tengah Tekanan Biaya Hidup,kompas,0
Siswa Indonesia Ubah Gelombang Otak Jadi Komunikasi Penyandang Disabilitas,kompas,0
Cek 20 SD Negeri dan Swasta Terbaik di Indonesia Versi Puspresnas,kompas,1
"Kisah Ardi: Dulu Driver Ojol, Kini Supervisor Nikel Morowali",kompas,0
Tabel KUR BRI 2025: Pinjaman hingga Rp 100-200 Juta dan Angsurannya,kompas,0
Kelas 12 Wajib Tahu! Jadwal Lengkap SNPMB dan Cara Cek Kuotanya,kompas,1
"Rerata Nilai TKA Matematika dan Bahasa Inggris Merosot, Apa Penyebabnya?",kompas,1
"Harga Token Listrik 22-28 Desember 2025, Rp 100 Ribu Dapat Berapa kWh?",kompas,1
"Harga Tembaga Hampir Sentuh Rekor, Investor Borong Logam Industri",kompas,0
"Harga Pertamax Hari Ini: Sabtu, 10 Januari 2026 di SPBU Seluruh Provinsi",kompas,0
Jadwal KRL Jogja-Solo pada 10 dan 11 Januari 2026,kompas,0
Jadwal KRL Solo-Jogja pada 10 dan 11 Januari 2026,kompas,0
"Modus Manipulasi Emosi dalam Love Scam, Kerugian Capai Rp 49,19 Miliar",kompas,0
Hutama Karya Kebut Perbaikan Tol Binjai–Langsa Usai Banjir Bandang,kompas,0
"OJK Pantau Konflik AS–Venezuela, Risiko Jangka Panjang Diwaspadai",kompas,1
Siswa Indonesia Ubah Gelombang Otak Jadi Komunikasi Penyandang Disabilitas,kompas,0
Cek 20 SD Negeri dan Swasta Terbaik di Indonesia Versi Puspresnas,kompas,1
"Kisah Ardi: Dulu Driver Ojol, Kini Supervisor Nikel Morowali",kompas,0
Tabel KUR BRI 2025: Pinjaman hingga Rp 100-200 Juta dan Angsurannya,kompas,0
Kelas 12 Wajib Tahu! Jadwal Lengkap SNPMB dan Cara Cek Kuotanya,kompas,1
"Rerata Nilai TKA Matematika dan Bahasa Inggris Merosot, Apa Penyebabnya?",kompas,1
"Dorong Ekonomi Kerakyatan, Bank Mandiri Salurkan KUR Rp 41 Triliun Sepanjang 2025",kompas,0
"Jelang Proliga 2026 Putri, Bank Mandiri Luncurkan Skuad JLM dan Susunan Lengkap Pemain",kompas,0
Bank Mandiri dan Kemenhan Bangun Lima Jembatan Bailey di Wilayah Terdampak Bencana Sumatera,kompas,0
"Dukung Pemulihan Pascabencana Sumatera, Bank Mandiri Siap Bangun Huntara di Aceh Tamiang",kompas,0
"Pertumbuhan Kredit Kuat dan DPK Meningkat, Fungsi Intermediasi Bank Mandiri Solid di Akhir Tahun",kompas,0
Bank Mandiri Berikan Perlakuan Khusus Kredit untuk Debitur Terdampak Bencana Sumatera,kompas,0
"Bank Mandiri Segarkan Komisaris, Pertebal Pengawasan di Tengah Ekspansi",kompas,1
"Dukung UMKM dan Solopreneur, Kemenkop UKM Kunjungi Booth Bank Saqu di JakCloth",kompas,0
"Kolaborasi dengan PT Jalin, Nasabah Bank DKI Bisa Tarik Tunai Tanpa Kartu di ATM BRI",kompas,0
Mandiri Inclusivity Summit 2025: Strategi Bank Mandiri Dorong UMKM Disabilitas Naik Kelas,kompas,0
Dirut dan Direksi Bank Mandiri Tinjau Langsung Kesiapan Bantuan untuk Korban Bencana di Sumatera,kompas,0
Bank Mandiri Kembali Salurkan Bantuan Bencana ke Tiga Titik di Sumut,kompas,0
"Investasi Aman, Kopra by Mandiri Luncurkan Kredit Agunan Deposito Digital yang ""Seamless""",kompas,0
"Konsisten Jaga Kualitas Laporan Publik, Bank Mandiri Kembali Raih Juara 1 di ARA 2024",kompas,0
"Bank Mandiri Raih 5 Penghargaan dari BI, Tegaskan Peran Strategis dalam Stabilitas Ekonomi Nasional",kompas,0
"Livin’ Fest 2025 Resmi Hadir di Bali, Bank Mandiri Angkat Potensi UMKM dan Industri Kreatif",kompas,0
Bank Mandiri Percepat Penyaluran 67.000 Bantuan Bencana untuk Warga Sumatera,kompas,0
"Bank Mandiri Hadir untuk Sumatera, Ribuan Bantuan Tanggap Darurat Disalurkan bagi Warga Terdampak Bencana",kompas,0
"Wujudkan Ekonomi Hijau Inklusif, Bank Mandiri Perkuat Strategi Pembiayaan untuk Sektor Energi Terbarukan",kompas,0
Dilema Tiananmen di Jantung Teheran,kompas,0
Amerika Serikat dan Krisis Hukum Internasional: Dari Venezuela hingga Palestina,kompas,0
Strategis Pengembangan Industri Gambir,kompas,0
Trump: Iran Dalam Masalah Besar,kumparan,0
"Harga Emas Antam Makin Meroket, Hari Ini Naik Rp 25.000 Jadi Rp 2,60 Juta/Gram",kumparan,0
Pelaporan Pandji Pragiwaksono Terkait Materi Stand Up 'Mens Rea',kumparan,0
Saat Gus Yaqut Tersangka Korupsi Kuota Haji: Siap Koperatif-Respons Gus Yahya,kumparan,0
Modal Rp 40 Jutaan Suzuki S-Presso Disulap Jadi Mini Jimny,kumparan,0
"Viral Pemotor Palak Pengendara Mobil di Karawang, Modus Lempar Helm ke Kolong",kumparan,1
"Hasrat AS Kuasai Greenland, Bayar Warga Rp1,6 Miliar–Opsi Militer",kumparan,0
Demo di Iran Masih Terus Berjalan: Internet Padam-AS Dituding Dalangi,kumparan,0
KPK OTT Pegawai Kantor Pajak Jakarta Utara,kumparan,0
Jadwal Malaysia Open: Jonatan Christie & Fajar/Fikri Berjuang di Semifinal,kumparan,0
Dari Ceramah ke Klik: Apa yang Hilang di Antaranya?,kumparan,1
"Henti Jantung Bisa Terjadi di Sekitar Kita, Apakah Kita Siap Menolong?",kumparan,1
"Venezuela, Hegemoni AS, dan Tatanan Dunia Baru",kumparan,0
Dari Rekayasa Pendidikan ke Pembongkaran Paradigma,kumparan,0
Humor yang Menghargai Batasan dalam Stand-Up Comedy,kumparan,0
"2,8 Hari Menuju Kegelapan: Ketika ""Langit"" Runtuh dan Peradaban Digital Terhenti",kumparan,0
"Perpustakaan, Angka, dan Ilusi Mutu",kumparan,0
Ketika Swasembada Pangan Tak Lagi Bisa Ditunda,kumparan,0
Ceritakan Pencapaianmu di Tahun Ini dan Menangi Hadiahnya!,kumparan,0
Bagikan Cerita Healing Paling Berkesan dan Menangkan Hadiahnya!,kumparan,0
Ceritakan Kenangan dan Pengalaman Kamu tentang Jakarta dan Dapatkan Hadiahnya!,kumparan,0
Ceritakan Kisahmu Bersama Ibu dan Dapatkan Uang Tunai Jutaan Rupiah!,kumparan,0
Ceritakan UMKM Indonesia Kesukaan Kamu dan Menangi 5 Juta Rupiah!,kumparan,0
kumparanMOM Festival Hari Anak 2025 Membuka Ruang Bermain dan Belajar yang Seru dan Ramah untuk Anak,kumparan,0
Berita Hari Ini Terkini,kumparan,0
"Kumpulan Hoaks Terkait Yaqut Cholil Qoumas, Simak Daftarnya",liputan6,1
"Hoaks Terkini yang Mencatut Program Kementerian, Simak Daftarnya",liputan6,1
Tanggal 16 Januari 2026 Libur Apa? Siap-siap Nikmati Long Weekend Lagi,liputan6,0
Cek Fakta: Tidak Benar Link Pendaftaran Pegawai Haji 2026 dari BPKH,liputan6,1
"Antisipasi Kepadatan Massa di Stadion GBLA, Wali Kota Bandung Imbau Nobar Laga Persib vs Persija",liputan6,0
8 Gaya BCL dan Tiko Aryawardhana Kondangan Nikahan Ranggaz Laksmana di Maroko,liputan6,0
"Imbas Kekurangan Chip, Honda Kembali Tunda Pengoperasian Pabrik",liputan6,0
"Kumpulan Hoaks Seputar Pendaftaran Petugas Haji 2026, Simak Daftarnya",liputan6,1
"Cristiano Ronaldo Berpotensi Tinggalkan Vila Impian Senilai Rp600 Miliar, Ada Masalah Apa?",liputan6,1
"Warga Pidie Jaya Bingung Bersihkan Lumpur Tebal di Rumah Mereka: Tenaga Sudah Habis, Bayar Orang Tak Punya Uang",liputan6,0
"Akhir Drama Kasus Perburuan Burung Cendet di TN Baluran, Kakek Masir Bebas Penjara",liputan6,1
Barcelona Terancam Kehilangan Potensi Pendapatan Karena Camp Nou Ternyata Belum Sepenuhnya Siap,liputan6,1
Kasus Ade Kuswara: Eks Kajari Kabupaten Bekasi Diperiksa KPK di Pusdiklat Kejaksaan,liputan6,0
"Banjir Rendam Permukiman, Kawasan Masjid dan Makam Sunan Kudus",liputan6,1
MIND ID-Pertamina Siapkan Strategi Kebut Hilirisasi Batu Bara Jadi Energi Alternatif,liputan6,0
"Operasi Pencarian Korban Tenggelamnya KM Putri Sakinah Berakhir, Ini Identitas Korban Belum Ditemukan",liputan6,1
Kemenhub Pastikan Operasional Bandara Juanda Terkendali Usai Puting Beliung,liputan6,0
Bukayo Saka Sepakat Perpanjang Kontrak Jangka Panjang di Arsenal hingga 2031,liputan6,0
"Integritas, Likuiditas dan Ekonomi Hijau jadi Prioritas Pasar Modal Indonesia pada 2026",liputan6,0
Apa Itu One Meal a Day? Diet yang Tengah Dijalani Jung Kook BTS,liputan6,0
"Waspada, Sepeda Motor Paling Rawan Terlibat Kecelakaan Jalan Raya",liputan6,1
Pertamina dan Mind ID Sepakat Percepat Hilirisasi Batu Bara Jadi Alternatif Pengganti LPG,liputan6,0
"Polisi Tutup Kasus Kematian Arya Daru, Keluarga Ungkap Banyak Kejanggalan",liputan6,0
"Jaksa Gadungan di Sulsel Diringkus usai Tipu Warga Ratusan Juta, Ngaku Bisa Urus Perkara dan CPNS",liputan6,0
Bursa Sepekan: Pencatatan 3 Obligasi dan 1 Sukuk,liputan6,0
"Daftar Harga Emas Pegadaian 10 Januari 2026, Ada yang Naik Rp 15.000!",liputan6,0
Carlos Pena Puji Persita Usai Cetak Sejarah Kalahkan Borneo FC,liputan6,0
"Borneo FC Terpeleset, Fabio Lefundes Bicara Realistis soal Klasemen",liputan6,0
"Kebobolan Menit Awal, Fabio Lefundes Nilai Borneo FC Sulit Bangkit",liputan6,0
"El Clasico Indonesia, Mauricio Souza Tegaskan Persija Jakarta Raih 3 Poin di Laga Kontra Persib!",liputan6,0
Sangar! Rizky Ridho Berikan Sambutan Berapi-api di Depan The Jakmania Jelang Laga Gengsi Vs Persib,liputan6,0
"Harbolnas 2025 Catat Transaksi Rp 36,4 Triliun, 45% dari Produk Lokal",liputan6,0
Meeting Online Makin Profesional dengan 5 Webcam Berkualitas,liputan6,0
Mesin Kopi Multifungsi untuk Pecinta Kopi: Simak Rekomendasinya!,liputan6,1
3 Parfum Mobil Favorit yang Bikin Kabin Wangi Tahan Lama dan Bebas Bau,liputan6,0
"Jangan Abaikan Panas Berlebih, Ini 5 Cooling Pad Laptop yang Patut Dipertimbangkan",liputan6,0
Jangan Tunda Beli! 10 Laptop RAM Besar Ini Diprediksi Naik Harga dan Langka di Tahun Depan,liputan6,0
Ifan Seventeen Ajak Pendengar Jujur pada Perasaan Lewat Single Jangan Paksa Rindu (Beda),liputan6,0
"Top 3 News: Kabar Gembira, Pemprov DKI Bakal Bangun Monorel di Ragunan hingga Setu Babakan",liputan6,1
"7 Cara Bikin Sambal Kangkung Pedas, Menggugah Selera Makan",liputan6,1
Sinopsis Episode Terakhir Series Sugar Baby: Akhir Kebohongan dan Pilihan Hidup Darma,liputan6,0
"Saksikan FTV Kisah Nyata Pagi di Indosiar, Sabtu 10 Januari Via Live Streaming Pukul 08.30 WIB",liputan6,0
"Perkuat Ekonomi Kerakyatan, Bank Mandiri Salurkan KUR Rp 40,99 Triliun Sepanjang 2025",liputan6,0
"Scarlett Indonesia Buka Lowongan Kerja Terbaru, Kesempatan Karier di Industri Kecantikan!",liputan6,0
"Syuting Film Alas Roban, Taskya Namya Akui Michelle Ziudith Lawan Main Menyenangkan Tapi Random",liputan6,0
"Manchester United Siaga Tinggi, Pelatih Pilihan Cristiano Ronaldo Buka Peluang Bergabung",liputan6,0
Manchester United dan Liverpool Dipaksa Rogoh Kocek Dalam demi Gaet Talenta Muda Pantai Gading,liputan6,1
Ole Gunnar Solskjaer Kembali ke Manchester United? Bakal Sangat Aneh!,liputan6,0
"Solskjaer Bakal Alami Reuni Canggung Jika Gabung Manchester United Lagi, Beri Komentar Negatif",liputan6,0
"Manchester United Buru Pelatih Anyar, Fabrizio Romano Bongkar Kriteria Utamanya",liputan6,0
"Manuver Panas Manchester United: Incar Bradley Barcola, Penyerang Ini Bakal Dikorbankan",liputan6,0
Liverpool Ganggu Rencana Manchester United Gaet Pelatih Ulung Liga Inggris,liputan6,0
Manchester United Punya Peluang Besar Untuk Menggaet Eks Pelatih Barcelona Ini,liputan6,0
"Tinjau Langsung Taman Gapura Muka di Cakung Jaktim, Pramono Kejar Target Perbanyak Ruang Terbuka Hijau",liputan6,0
Hari Gerakan Satu Juta Pohon 10 Januari: Menakar Dampaknya bagi Lingkungan Hidup,liputan6,0
Indef: Pemilahan Kunci Keberlanjutan Program Pengolahan Sampah jadi Energi Listrik di Indonesia,liputan6,0
"Modal Sampah Hasilkan Rupiah, Panduan Budidaya Maggot BSF dari Nol Hingga Panen",liputan6,0
"Menaker Yassierli Ingatkan Penerapan K3, Tingkatkan Perlindungan hingga Kinerja Pekerja",liputan6,0
"Harga Emas Dunia Menguat, Data Payroll AS dan Geopolitik Jadi Pendorong",liputan6,0
"Harga Emas Antam Hari ini 9 Januari 2026 Naik, Mau Jual?",liputan6,1
"Harga Emas Pegadaian 9 Januari 2026 Kompak Turun Rp 11.000, Ini Daftar Lengkapnya!",liputan6,0
"Cerita Para Peliput Timnas Indonesia Tahun 2025: Hampa, Lebih Banyak Sedihnya",liputan6,0
"Prabowo Terkejut Hitung Medali Martina Ayu, Bonus SEA Games Tembus Rp3,4 Miliar",liputan6,0
"Depan Panglima TNI, Menggelegar Perintah Prabowo Sampai Tonjok Podium: Harap Muncul Terhormat",liputan6,0
Kode Tangan Didit Bicara ke Prabowo saat Bilang 'Pelanggaran' Nama Anak Presiden Lupa Disebut,liputan6,0
"Prabowo Ingatkan Atlet SEA Games 2025: Ini Penghargaan Negara, Bukan Upah!",liputan6,0
Cair! Prabowo Serahkan Bonus Rp1 Miliar untuk Atlet Emas SEA Games 2025,liputan6,0
BMKG Ingatkan Potensi Hujan Ringan Disertai Petir Saat Akhir Pekan Sabtu 10 Januari 2026,liputan6,0
"BNPB: Pembangunan 270 Jembatan Bailey Dikebut, Hubungkan Jalan Nasional hingga Desa",liputan6,0
Jelang Persib vs Persija: Siapa Klub Paling Mahal?,liputan6,1
Harga Minyak Dunia Menguat di Tengah Pengendalian Ekspor Venezuela oleh AS,liputan6,0
"Beri Dukungan Jelang Lawan Persib Bandung, The Jakmania Geruduk Persija Training Ground",liputan6,0
"Tunjukkan Pelayanan Standar RSUD, Puskesmas Kebayoran Lama Sanggup Layani 600 hingga 700 Pasien per Hari",liputan6,0
"Kalah dari Persita Tangerang, Posisi Borneo FC Terancam Tergusur",liputan6,0
"Saksikan FTV Kisah Nyata Pagi di Indosiar, Sabtu 10 Januari Via Live Streaming Pukul 07.00 WIB",liputan6,0
Top 3 Berita Bola: Penjualan Caoimhin Kelleher ke Brentford Dinilai Merugikan Liverpool,liputan6,1
"Persib vs Persija: Thom Haye Antusias, Rizky Ridho Umbar Semangat",liputan6,0
Pembalap Indonesia Qarrar Firhand Debut di Formula 4 Juli 2026,liputan6,0
"10 Januari 1954: Pesawat BOAC Jatuh di Laut Mediterania, 35 Orang Dilaporkan Hilang",liputan6,0
"Trump: Kuba Bergantung pada Venezuela, Baik untuk Uang Maupun Minyak",liputan6,0
Rusia Prediksi Nasib Maduro di Tangan AS: Dibebaskan Diam-Diam atau Jadi Mandela Baru,liputan6,0
Trump: China Takkan Rebut Taiwan Selama Saya Jadi Presiden!,liputan6,0
Memainkan Game Ini Bisa Membuatmu Dipenjara di China,liputan6,0
Love Exploration? Here Are 5 Best Sandbox Video Games,liputan6,0
Love Challenges? Here Are 5 Most Difficult AAA Video Games,liputan6,0
The 5 Best War Movies With Strong Female Leads You Need to Watch,liputan6,0
45 Progress Quotes to Motivate You to Keep Going On,liputan6,0
Top 5 Scary Facts About Outer Space You May Not Know!,liputan6,1
"135 Birthday Wishes for a Man: Family, Friend, Crush, and Lover",liputan6,0
Chloe Kim: Shoulder Injury Threatens Her Ahead of Winter Olympics 2026,liputan6,0
5 Zodiac Signs Who Hate Being Single,liputan6,0
"Netflix's Mystery Thriller Series 'His & Hers' Premieres, What Are the Reviews?",liputan6,1
50 Manifesting Quotes to Make Your Dream Comes True,liputan6,0
"Grey's Anatomy Season 22: The Medical Drama Continues, Check Out the Latest Broadcast Schedule and Plot!",liputan6,0
"Rapper Fetty Wap Officially Released from Federal Prison, Ready to Serve Strict Supervision",liputan6,0
"Pendanaan Transisi Energi Terancam, Indonesia Diminta Tak Bergantung pada AS",liputan6,0
Pemkot Mataram Terapkan Pengelolaan Sampah Mandiri di SPPG MBG,liputan6,0
"Perluasan Penanaman Mangrove di Pesisir Morowali, Perkuat Ketahanan Ekosistem",liputan6,0
Perangkat Wearable Kesehatan Dipediksi Hasilkan Sejuta Ton e-Waste pada 2050,liputan6,0
Pemerintah Petakan 93 Juta Hektare Areal Bernilai Keanekaragaman Hayati Tinggi,liputan6,0
"Jelang Hari Lingkungan Hidup Nasional, Mahasiswa IPB University Luncurkan Insinerator Minim Asap",liputan6,0
"Nintendo Switch 2 Releases Pastel Purple and Green Joy-Con Variants, Here Are the Latest Prices and Features",liputan6,0
NASA to Return ISS Crew Early in January 2026 Due to Astronaut Health Issues,liputan6,0
Indian Curry Recipe: How to Make the Classic Chicken Curry,liputan6,0
"The Houston Rodeo Concert 2026 is Ready to Rock the Stage, Here Are the Complete Details!",liputan6,0
"Juara Umum SEA Games 2025, Menko Airlangga Apresiasi Kinerja Kontingen Wushu Indonesia",liputan6,0
"Bonus SEA Games 2025 Cair 14 Hari Usai Penutupan, Begini Rinciannya",liputan6,0
Prabowo Akan Naikkan Bonus untuk Peraih Medali Emas di Asian Games: Saya Cek Menteri Keuangan,liputan6,1
"Momen Prabowo Hitung Medali Emas Martina Ayu, Istana Negara Bergemuruh Tepuk Tangan",liputan6,0
"Prabowo Beri Bonus Atlet SEA Games 2025: Peraih Medali Emas Rp 1 Miliar, Perunggu Rp 157 Juta",liputan6,0
7 Mysterious Historical Artifacts We Still Don’t Understand Today,liputan6,0
"Bruno Mars Announces 'The Romantic Tour' 2026: Schedule, Places, and Ticket Price",liputan6,0
"Chinese Zodiac Ox: Personality Traits, Career, Love Life, and 2026 Prediction",liputan6,0
8 Best Chinese Comedy Movies That Will Make You Laugh Out Loud,liputan6,0
"Sinopsis Oshi No Ko Season 3, Jadwal Tayang dan Situs Nonton",liputan6,0
"Demi Memperluas Akses Piala Dunia 2026, FIFA Gandeng Platform TikTok",liputan6,0
Lebih Baik Sabun Cair atau Sabun Batang? Simak Ulasannya,liputan6,1
How to Make Wine: Tips and Tricks for Homemade Winemaking,liputan6,0
Top 10 Most Beautiful Places in Italy You Must Add to Your Bucket List,liputan6,1
30 Camping Quotes Funny to Bring Laughter to Your Adventure,liputan6,0
5 Best Places To Visit In Tokyo For Anime Fans,liputan6,0
Deep Twitter Quotes: Words to Make Your Tweets More Meaningful,liputan6,0
7 Best Reptile Pets For Beginners,liputan6,0
35 Effort Quotes to Propel You Toward Success,liputan6,0
Marcello Hernández: Netflix's American Boy and His Romance with Ana Amelia Batlle Cabral,liputan6,0
7 Most Iconic Stephen Chow Movies That Will Make You Laugh Out Loud,liputan6,0
Spencer Pratt Runs for 2026 LA Mayor: From Reality TV Star to City Hall,liputan6,0
"US Food Pyramid: New Dietary Guidelines Introduced by RFK Jr., What Are They?",liputan6,1
Ubisoft Closes Halifax Studio: 71 Employees Affected Amid Union Controversy,liputan6,0
40 Drummer Jokes That Totally Rock,liputan6,0
"The Traitors US Season 4 Premieres Today: Release Date, Cast, and How to Watch",liputan6,0
7 Best Sandbox Games to Let Your Creativity Run Wild,liputan6,0
Enola Holmes 3 Set for Mid-2026 Release: Here's What to Expect,liputan6,0
45 Dr. Seuss Quotes to Make Your Day Brighter,liputan6,0
"The Masked Singer Season 14 Premieres, Bringing New Surprises and Twists",liputan6,0
How to Kill Ants: 12 Chemical and Natural Ways to Try,liputan6,0
"Jujutsu Kaisen Season 3 Is Ready to Air: Here's the Schedule, Plot, and How to Watch It",liputan6,0
10 Best Travel Destinations for Capricorns,liputan6,0
"Renee Nicole Good Shot Dead in Minneapolis During ICE Operation, What Happened?",liputan6,1
Chinese Zodiac Rat: Personality Traits and 2026 Prediction,liputan6,0
Disney's Tangled Live Action: Teagan Croft and Milo Manheim Officially Cast as Rapunzel and Flynn Rider,liputan6,0
10 Best Crime and Detective K-Dramas for Those Who Love Mystery,liputan6,0
45 Math Quotes to Share With Your Students,liputan6,0
Top 8 Most Beautiful Places in Scotland You Shouldn't Missed Out On,liputan6,1
35 Scarface Quotes: Most Memorable Lines From Tony Montana And Friends,liputan6,0
5 Fun Facts About Persian Cats That Will Amaze You,liputan6,0
Integrity Quotes: Sayings that Define Character,liputan6,0
7 Great Movies Every Cat Lovers Should Watch,liputan6,0
The Simpsons Officially Retires Iconic Character 'Duffman' After Nearly 30 Years,liputan6,0
"Xbox Game Pass 2026: Tier Overhaul, New Prices, and a List of Must-Try Games",liputan6,0
35 Fishing Quotes to Reel in Your Thoughts,liputan6,0
The Rookie Season 8 Premieres: John Nolan's Global Mission and a Thrilling Story Development,liputan6,0
5 Top Superhero Group in Comics and Movies,liputan6,0
"Nikki Bella and NFL Star Cooper DeJean Reportedly Dating Casually, Are They Officially a Couple?",liputan6,1
"Easy Marshmallow Recipe, Make Your Own at Home",liputan6,0
"Sydney Sweeney Returns to Star in 'The Housemaid' Sequel, Production to Begin Soon?",liputan6,1
150 British Girl Names That Are Perfect for Your Little Princess,liputan6,0
"Avengers: Doomsday Trailer Released: The X-Men Return, Doctor Doom Threatens the MCU Multiverse",liputan6,0
6 Zodiac Signs Most Likely to Get Friend-Zoned,liputan6,0
High Potential Season 2 Returns: Will Morgan Gillory Uncover a New Mystery at the LAPD?,liputan6,1
45 Positive Mind Quotes to Clear Away Negative Thoughts,liputan6,0
Uncovering the Tragedy of Andrea Yates: 'The Cult Behind the Killer' Now Available on HBO Max,liputan6,0
Kona Low Phenomenon: Rare Snow Covers Hawaiian Mountaintops,liputan6,0
Top 8 Most Beautiful Female Cosplayers,liputan6,1
"Michael Reagan, Ronald Reagan's Adopted Son, dies at 80",liputan6,0
Minat Beli Kendaraan Mobil Baru 2026? Kenali Pajak Apa Saja yang Harus Dibayar,liputan6,0
"Harga Suzuki XL7 Semua Varian per Januari 2026, Berikut Spesifikasi Lengkapnya",liputan6,0
"21 Pilihan Mobil Berharga Terjangkau Terbaik 2026, Ini Daftar Lengkapnya",liputan6,0
"4 Harga Motor Honda CRF150L Terbaru per Januari 2026, Andalan Siap Libas Segala Medan",liputan6,1
7 EV dengan Jarak Tempuh Terjauh untuk Road Trip Jarak Jauh,liputan6,0
7 Inspirasi Mobil untuk Keluarga yang Keren Buat Perjalanan Jauh 2025–2026,liputan6,0
7 Inspirasi Mobil Rumah yang Keren untuk Perjalanan Jauh 2025–2026,liputan6,0
"Beda Rp100 Ribu, Pilih Mana? Honda HR-V e:HEV vs Toyota Yaris Cross GR HEV CVT TSS",liputan6,0
"Daftar Harga Mobil Xpander Bekas Terbaru 2025, Bisa Pilih Berdasarkan Varian",liputan6,0
Lokasi Rest Area di Tol Semarang Paling Lengkap dan Nyaman,liputan6,0
"Harga Suzuki Ignis Bekas, City Car Stylish Harga Terjangkau",liputan6,0
5 Daftar Mobil Baru yang Diperkirakan Meluncur Tahun 2026,liputan6,0
"Game Truk Simulator, 5 Rekomendasi yang Wajib Dicoba",liputan6,0
"Harga Motor Listrik Jarak Tempuh Terjauh, Cocok untuk Touring Akhir Tahun 2025",liputan6,0
"Cara Cek Freon AC Mobil Habis atau Belum, Persiapan Jalan-jalan Akhir Tahun 2025",liputan6,1
Honda Brio Rp100 Juta Dapat Tahun Berapa? Ini Daftar Pilihannya,liputan6,0
"Tampang Garang Suzuki Burgman 350, Yamaha XMAX Lewat?",liputan6,1
"Honda Juga Punya Motor Retro Keren, Begini Penampakannya",liputan6,0
11 Daftar Harga Mobil Baru Chery Desember 2025,liputan6,0
"Punya Uang Rp3 Juta, Motor Apa yang Paling Cocok di Tahun 2026?",liputan6,1
"Mobil Rp150 Jutaan untuk Awal Tahun 2026, Ini Pilihannya",liputan6,0
"Mobil China Terlaris di Indonesia 2025, Siapa Rajanya?",liputan6,1
"Rekomendasi Mobil yang Bisa Diajak Offroad di Indonesia, Siap Hadapi Medan Berat",liputan6,1
"4 Motor Bebek yang Masih Eksis Hingga saat Sekarang, Segini Harganya",liputan6,0
"Duel Mobil Listrik Rp200 Jutaan: Pilih Geely EX2, BYD Atto 1, atau Wuling Binguo EV?",liputan6,1
"Tahun 2026 Diprediksi Naik, Intip Harga Mobil Hybrid dari Ertiga hingga Innova per Desember Ini",liputan6,0
"Perbandingan Innova Reborn, Innova Zenix Hybrid dan Mitsubishi Destinator, Mana Paling Menarik?",liputan6,1
"Harga dan Spesifikasi Suzuki Burgman Street 125EX Indonesia, Alternatif NMAX dan PCX?",liputan6,1
"Harga Mepet Banget, Pilih Geely EX2 Pro atau BYD Atto 1 Premium",liputan6,0
"Toyota Innova Reborn Diesel vs Innova Zenix G Hybrid, Mana Paling Mumpuni?",liputan6,1
"Perbandingan 4 MPV Terbaik Indonesia: Veloz, Ertiga Hybrid, Stargazer, atau Xpander?",liputan6,1
Carlos Pena Puji Persita Usai Cetak Sejarah Kalahkan Borneo FC,liputan6,0
"Borneo FC Terpeleset, Fabio Lefundes Bicara Realistis soal Klasemen",liputan6,0
"Kebobolan Menit Awal, Fabio Lefundes Nilai Borneo FC Sulit Bangkit",liputan6,0
"El Clasico Indonesia, Mauricio Souza Tegaskan Persija Jakarta Raih 3 Poin di Laga Kontra Persib!",liputan6,0
Sangar! Rizky Ridho Berikan Sambutan Berapi-api di Depan The Jakmania Jelang Laga Gengsi Vs Persib,liputan6,0
"Tarif Tol Jakarta–Cikampek 2025, Update Lengkap Semua Golongan",liputan6,0
7 Motor Matic Paling Nyaman Buat Touring Jauh 2025-2026,liputan6,0
7 Perlengkapan Tambahan Motor untuk Perjalanan Jauh 2025-2026,liputan6,0
20 Mobil dan Merek Mobil Terlaris di Indonesia November 2025,liputan6,0
7 Mobil 7-Seater Terbaik Cocok untuk Mudik Akhir Tahun,liputan6,0
10 Mobil Bekas di Bawah Rp 70 Juta yang Jarang Bikin Masalah,liputan6,0
"9 Mobil Baru 2025 dari Termurah hingga Termahal, Mana Pilihan Anda?",liputan6,1
"6 Harga Daihatsu Gran Max Minibus Terbaru 2025, Pilihan Lengkap untuk Keluarga dan Usaha",liputan6,0
"Siap Lawan NMAX, Wujud Suzuki Burgman 150 Tampil Lebih Sporty?",liputan6,1
"Bocoran Honda CB125R Terbaru, Tampangnya Makin Keren",liputan6,1
"10 Potret Nostalgia Kediri Tempo Dulu, Penuh Kenangan Manis",liputan6,1
"7 Motor Matic Terbaik untuk Perjalanan Jauh, Terbaik di 2025",liputan6,0
"Harga Mobil Hyundai Palisade Terbaru 2025, SUV Mewah dengan Fitur Premium",liputan6,0
"Ciri-ciri Mobil Bekas Terendam Banjir, Wajib Dicek Sampai Kolong Terdalam",liputan6,1
Rekomendasi 6 Dompet Kartu untuk Pria yang Lebih Ringkas,liputan6,0
6 Model Sweater Cowok untuk Mendukung Gaya Saat Cuaca Dingin,liputan6,0
"6 Produk Perawatan Sepatu Pria, Penghilang Noda sampai Lem",liputan6,0
Koleksi Fashion Lagi Diskon dari Executive yang Wajib Kamu Lirik!,liputan6,0
Mama Muda Wajib Punya! Piyama dan Daster Kekinian yang Bikin Rumah Makin Stylish,liputan6,0
Rekomendasi Skincare Jepang Terbaik untuk Perawatan Anti-Aging Wajib di 2026,liputan6,0
"Tampil Profesional ala Drakor, Ini 3 Blazer Korean Look Favorit untuk Kerja",liputan6,0
"Sneakers Kekinian yang Lagi Jadi Andalan Gen Z, Wajib Masuk Wishlist!",liputan6,0
Celana Jeans Ala Anak Skena: Pilihan Straight sampai Baggy yang Wajib Dicoba,liputan6,0
"Makeup Anti Geser Saat Nonton Konser, 5 Cushion Ini Jadi Favorit Gen Z",liputan6,0
"Anti Boring, Ini 5 Casing HP Estetik yang Jadi Andalan Gen Z",liputan6,0
5 Lampu Tidur Estetik yang Bikin Kamar Gen Z Makin Cozy,liputan6,0
4 Spinning Bike Pilihan untuk Latihan Kardio Efektif di Rumah,liputan6,0
4 Rekomendasi Sepatu Outdoor Pria Trendy untuk Petualangan Maksimal,liputan6,0
"Peralatan Latihan Tinju Praktis untuk Home Workout, Cocok untuk Pemula hingga Pro",liputan6,0
"Pilihan Sleeping Bag Harga Terjangkau untuk Aktivitas Outdoor, Nyaman Digunakan dan Praktis Dibawa",liputan6,0
Rekomendasi Jaket Gunung Nyaman untuk Petualangan Outdoor yang Maksimal,liputan6,0
"Plastoline, Teknologi Ubah Limbah Plastik Jadi Bensin dan Diesel yang Lebih Bersih",liputan6,0
Vietnam Ubah Serat nanas Jadi Tekstil Ramah Lingkungan,liputan6,0
"FabBRICK, Terobosan Daur Ulang Limbah Tekstil Menjadi Batu Bata Fungsional dan Estetik",liputan6,0
"Harley Fatahillah, Bocah 13 Tahun yang Sudah Tanam 18 Ribu Mangrove di Pesisir Surabaya",liputan6,1
"Anak SMP Ciptakan Tinta Spidol dari Kulit Bawang Putih, Inovasi Kreatif yang Ramah Lingkungan",liputan6,0
Kisah Wasito Warga Kendal yang Lestarikan Ekosistem Mangrove,liputan6,0
Da'im Tanam 14 Ribu Pohon Pinang Seluas 10 Hektare di Lereng Gunung Lemongan,liputan6,0
Kisah Inpiratif Perjuangan Rosita Istiawan Ubah 30 Hektar Lahan Tandus Jadi Hutan Organik,liputan6,0
Andrew Kalaweit Masuk Daftar Forbes 30 Under 30 Asia 2025 Berkat Aktif Kampanyekan Konservasi Lingkungan,liputan6,0
"Pandawara Bersihkan Pantai Teluk Penyu Cilacap, Bersihkan 6,32 Ton Sampah",liputan6,0
"Sustainable Support System, Cara Unik Ikbal Alexander Perkuat Pertemanan dan Lestarikan Lingkungan secara Sekaligus",liputan6,0
"Presiden Venezuela Ditangkap Unit Elite Angkatan Darat AS, Delta Force!",Merdeka,0
KPK Tetapkan Mantan Menag Yaqut Cholil Qoumas Tersangka Korupsi Kuota Haji,Merdeka,0
"OJK Blokir Ratusan Ribu Rekening Penipuan, Kerugian Capai Rp9 Triliun",Merdeka,0
Pemprov Sulteng Gandeng UIN Palu Sukseskan Program Berani Cerdas,Merdeka,0
Kutim Targetkan 10.000 Serapan Tenaga Kerja Lokal Per Tahun Melalui Kolaborasi,Merdeka,0
"Perkuat Kemandirian, Menhan RI Sjafrie Sjamsoeddin Bahas Kerja Sama Pertahanan Indonesia Turki",Merdeka,0
Berita Ekonomi Terkini: Stok Beras Aman hingga Waspada Love Scam,Merdeka,1
Menko Airlangga Sebut Belanja Masyarakat Bisa Tembus Rp110 Triliun di 2025,Merdeka,0
"5 Casing HP Estetik Jadi Favorit Gen Z, Enggak Bikin Bosan",Merdeka,0
Jangan Sampai Ketinggalan! Ada Promo 12.12 di 'LagiDiskon Liputan6',Merdeka,1
"Harbolnas 2025 Segera Digelar, Transaksi Ditarget Tembus Rp35 Triliun",Merdeka,1
"Harbolnas 11.11, Dapatkan 6 Model Celana Chino Pria untuk Tampil Simpel namun Tetap Stylish",Merdeka,0
6 Model Sandal Jepit Pria yang Wajib Dibeli Saat Harbolnas 11.11,Merdeka,0
"Harbolnas 11.11, Ini Rekomendasi 6 Tas Ransel Pria yang Bikin Penampilan Lebih Menarik",Merdeka,0
6 Model Celana Jeans Pria Cocok untuk Belanja di Harbolnas 11.11,Merdeka,0
"Kuota Indosat Melimpah di Payday Sale, Bonus Langganan Vidio Platinum untuk Nikmati Hiburan Tanpa Batas",Merdeka,0
"Vaksin Super Flu Sudah Tersedia di Seluruh Faskes Jakarta, Tapi Harus Bayar",Merdeka,0
Mantan Pimpinan KPK Bicara soal Status Aura Kasih dan Lisa Mariana di Pusaran Dugaan Korupsi Ridwan Kamil,Merdeka,0
"KPK Segera Tahan Gus Yaqut Usai Jadi Tersangka Kasus Korupsi Kuota Haji, Surat Penahanan Sudah Dikirim",Merdeka,1
"Relawan Ungkap Momen Jokowi Ditemui Eggy Sudjana dan Damai Hari Lubis, Pelukan Erat hingga Mata Berkaca-kaca",Merdeka,0
"Kasus DBD di Bali 2025 Capai 10.391, Badung Tertinggi",Merdeka,0
FOTO: KPK Kembali Periksa Yaqut Cholil Qoumas dalam Kasus Kuota Haji,Merdeka,0
Eks Menag Yaqut Penuhi Panggilan KPK Terkait Dugaan Korupsi Kuota Haji,Merdeka,1
Eks Menag Yaqut Diduga Lakukan Pelanggaran Jabatan saat Penyelenggaran Haji 2024,Merdeka,0
FOTO: Yaqut Cholil Qoumas Kembali Diperiksa KPK dalam Kasus Dugaan Korupsi Kuota Haji,Merdeka,0
"Eks Menag Yaqut Cholil Respons Dicegah KPK ke Luar Negeri, Janji Patuhi Proses Hukum",Merdeka,0
"Setelah 9 Abad, Salah Satu Misteri Terbesar Dunia Akhirnya Berhasil Diungkap Ilmuwan",Merdeka,1
"Waspada Ledakan Gunung Berapi Terpencil, Ilmuwan Temukan Dampak Dahsyat di Pasifik",Merdeka,1
Special Content Menilik Sektor Riil dari Dekat,Merdeka,0
Wakapolda Sulut Soroti Penurunan Produksi Jagung Sulawesi Utara di Tahun 2025,Merdeka,0
"Polda Kaltara Panen Jagung 5,3 Hektare, Perkuat Ketahanan Pangan Nasional",Merdeka,0
"Produksi Kopi Kuningan Capai 1.236 Ton pada 2025, Robusta Jadi Primadona",Merdeka,0
Ketahanan Pangan Bengkulu: Panen Jagung Serentak 2026 Wujudkan Swasembada Nasional,Merdeka,0
"Sumbar Terima 1.100 Ton Alokasi Pupuk NPK Subsidi, Amankan Musim Tanam 2026",Merdeka,0
"Kodam XIII/Merdeka Dukung Penuh Kebijakan Ketahanan Pangan Nasional, Perkuat Swasembada Pangan",Merdeka,0
"Jajaki Potensi, BUMD Jawa Tengah dan Lampung Selatan Perkuat Kerja Sama Ekonomi",Merdeka,0
Rupiah Diproyeksi Makin Loyo di Level Rp16.780,Merdeka,0
"Volume Transaksi ICDX Melonjak di Hari Pertama 2026, Lampaui Rata-rata Harian Tahun Lalu",Merdeka,0
"Pupuk Subsidi Lebak 2026 Dipastikan Cukup, Petani Sambut Penurunan Harga",Merdeka,0
"Optimalkan Pertanian, Pemkab Sigi Minta Petani Gunakan Alsintan Secara Berkelompok",Merdeka,0
Kementan Pastikan Penanganan Ternak Terdampak Bencana di Sumatera Berlangsung Menyeluruh,Merdeka,0
Optimalisasi Bank Sampah Jakarta Selatan: Targetkan 579 RW Berpartisipasi,Merdeka,0
Kantor SAR Banyuwangi Berhasil Evakuasi Korban Kecelakaan Terjepit di Jalur Pantura,Merdeka,0
"Modus Bisa Hentikan Perkara Korupsi, Jaksa Gadungan dan Seorang PPPK Tipu Korban Puluhan Juta",Merdeka,0
Pemprov Jateng Kembali Usulkan RM Bambang Soeprapto sebagai Pahlawan Nasional,Merdeka,0
"Pemkab Purwakarta Wajibkan Dinas dan Desa Umumkan Anggaran di Medsos, Perkuat Transparansi Anggaran Purwakarta",Merdeka,0
"HNW Ajak Mahasiswa Berkontribusi Politik, Hindari Apatisme Demi Demokrasi Sehat",Merdeka,0
"Pemkab Bekasi Umumkan Hasil Indeks Pelayanan Publik 2025, Wujudkan Tata Kelola Pemerintahan Berkualitas",Merdeka,0
Disperindagkop Tangerang Tingkatkan Kompetensi UMKM Melalui Pelatihan Manajemen Keuangan,Merdeka,0
Pemkot Tangerang Siapkan 20 Ribu Lowongan Kerja Tangerang di Tahun 2026,Merdeka,0
Pupuk Subsidi Sumbar: Penyaluran Pupuk Bersubsidi Lampaui Target di Sumatera Barat,Merdeka,0
"8 Tanaman Gantung Outdoor Tahan Panas dan Hujan, Awet serta Memiliki Estetika Menarik",Merdeka,0
5 Ide Desain Teras yang Menggabungkan Carport dan Ruang Santai dengan Keamanan dan Kenyamanan.,Merdeka,0
"8 Desain Rumah dengan Konsep Urban Farming, Cocok untuk Keluarga Modern",Merdeka,0
For Revenge Hingga Raisa Jadi Line Up KapanLagi Buka Bareng Festival 2026,Merdeka,0
7 Cara Agar Rumah Tipe 36 Terlihat Lebih Luas dan Nyaman,Merdeka,1
"Musikal Bukan Cinta Galih/Ratna Tampil di TIM, Kisah Legendaris Dikemas dengan Plot Twist Gen Z",Merdeka,0
Daftar Acara Spesial Pandji Pragiwaksono dan Cara Resmi untuk Menontonnya,Merdeka,0
"Vidio Penasaran 2026 Jadi Ajang Berwarga Penggemar, Ini Rangkaian Acaranya",Merdeka,0
"Konser Raya 31 Tahun Indosiar Luar Biasa Digelar Dua Malam, Ini Jadwal dan Pengisi Acaranya",Merdeka,1
Sinopsis Ejen Ali: The Movie di Vidio: Membongkar Sisi Kelam dan Ketimpangan Kota Cyberaya,Merdeka,0
"Merasa Sudah Cukup, Luis Enrique Putuskan Akhiri Karier di PSG",Merdeka,0
Wiliam Marcilio Gabung Klub Korea Selatan Setelah Dilepas Persib,Merdeka,0
"Dilepas Persib Bandung, Wiliam Marcilio Kini Gabung Klub Korea Selatan",Merdeka,0
Roy Keane Merekomendasikan Eddie Howe untuk Jadi Manajer MU,Merdeka,0
"Berikut Jadwal Live Streaming Eredivisie Pekan Ke-18, Eksklusif di Vidio",Merdeka,0
"Barcelona Wajib Waspada, Xabi Alonso Beri Sinyal Kylian Mbappe Bisa Tampil di Final Super Spanyol! El Clasico Tambah Seru",Merdeka,1
Polda Jabar Ambil Alih Pengamanan Persib Vs Persija di BRI Super League,Merdeka,0
Tanggapan Jay Idzes soal Minat Banyak Klub terhadap Pemain Sassuolo: Kami Berkembang!,Merdeka,0
"Saksikan Live Streaming Serie A Pekan Ke-20: Inter Milan vs Napoli, Tayang di Vidio",Merdeka,0
"Saksikan Live Streaming Serie A Pekan Ke-20: Fiorentina vs AC Milan, Tayang di Vidio",Merdeka,0
"Saksikan Live Streaming Proliga 2026 Pekan Ke-1: Jakarta Bhayangkara Presisi vs Surabaya Samator, Tayang di Vidio",Merdeka,0
"Berikut Jadwal Live Streaming Pegadaian Championship Pekan Ke-15, Tayang di Vidio",Merdeka,0
"Saksikan Live Streaming Proliga 2026 Pekan Ke-1: Pertamina Enduro vs Electric PLN Mobile, Tayang di Vidio",Merdeka,0
"Ogah Liverpool Dicap Bertahan, Arne Slot: Saya Tipikal Menyerang",Merdeka,0
Media Belgia Sebut Radja Nainggolan Diminati Klub Indonesia,Merdeka,0
"Saksikan Live Streaming Liga Inggris 2025/26: Arsenal vs Liverpool, Tayang di Vidio",Merdeka,0
"Saksikan Live Streaming Opening Day Proliga 2026, Eksklusif di Vidio",Merdeka,0
"Duel Panas El Clasico Indonesia: Persib vs Persija, Siapa Lebih Perkasa dalam 3 Musim Terakhir?",Merdeka,1
"Darren Fletcher Jadi Manajer Interim MU, Langsung Minta Restu Sir Alex Ferguson",Merdeka,0
"Saksikan Live Streaming Liga Inggris Pekan ke-21: Fulham vs Chelsea, Eksklusif di Vidio",Merdeka,0
"Saksikan Live Streaming Liga Inggris Pekan ke-21: Burnley vs Manchester United, Eksklusif di Vidio",Merdeka,0
"Setelah Hampir 3 Bulan Meninggalkan Timnas Indonesia, Alex Pastoor Kini Kandidat Pelatih Baru FC Utrecht",Merdeka,0
Pengamat Bola: PSSI Sudah Tepat Memilih John Herdman sebagai Pelatih Timnas Indonesia,Merdeka,0
"John Herdman Menjadi Pelatih Timnas Indonesia, Ini Harapan Ezra Walian",Merdeka,0
"Berikut Jadwal Live Streaming Liga Inggris Pekan ke-21, Eksklusif di Vidio",Merdeka,0
Deretan Statistik Saat Declan Rice Mencetak Brace dalam Kemenangan Arsenal atas Bournemouth di Liga Inggris,Merdeka,0
"Babak 16 Besar Piala Afrika: Dramatis, Mali Kalahkan Tunisia Melalui Adu Penalti",Merdeka,0
"John Herdman Resmi Nakhodai Timnas Indonesia, Eks Kapten Tim Garuda: Semoga Bawa Perubahan",Merdeka,0
FOTO: Persija Jakarta Menang Dua Gol Tanpa Balas atas Persijap Jepara,Merdeka,0
Sah! John Herdman Ditunjuk PSSI Jadi Pelatih Timnas Indonesia,Merdeka,0
3 Pemain yang Berpotensi Menggantikan Federico Barba di Persib,Merdeka,0
"Rodrygo Bersiap Meninggalkan Real Madrid, Cari Peruntungan di Klub Inggris?",Merdeka,1
TVRI Bebaskan UMKM di Indonesia Bikin Nonton Bareng Piala Dunia 2026 Secara Gratis,Merdeka,0
"Bukan Sekadar Kebetulan, Timnas Indonesia Sering Terpuruk Saat Ditangani Pelatih Asing",Merdeka,0
"Derby Catalan di Depan Mata, Lamine Yamal Tebar Psywar untuk Espanyol",Merdeka,0
Kejutan Seru! Agnez Mo Sambut Penggemar Setibanya di Tanah Air,Merdeka,0
"Ridwan Kamil Dikabarkan Dekat dengan Aura Kasih, Ini Tanggapan Pengacara",Merdeka,0
"Pulang ke Tanah Air, Agnez Mo Siap Tampil Spesial di HUT ke-31 Indosiar",Merdeka,0
Sinopsis Animasi CoComelon Season 3 di Vidio: Kenalkan Beragam Profesi dan Cita-Cita pada Si Kecil,Merdeka,0
Venna Melinda Menyesal Tak Sempat Penuhi Permintaan Terakhir Sang Ayah,Merdeka,0
"Fakta Menarik Film Tarung Sarung yang Tayang di Vidio, Tonjolkan Keindahan Sulawesi Selatan",Merdeka,0
Sinopsis Animasi CoComelon Season 1 & 2 di Vidio: Solusi Seru Temani Rutinitas Harian Si Kecil di Rumah,Merdeka,0
"Ayah Venna Melinda Meninggal Dunia, 6 Potret Kenangan Bersama Keluarga",Merdeka,1
"Innalillahi Wainna Ilaihi Rajiun, Venna Melinda Berduka",Merdeka,0
"Cantik dan Anggun, 11 Foto Yasmine Napper Bikin Terpikat",Merdeka,1
Bahagia Berlipat! Via Vallen Umumkan Hamil Anak Kedua Melalui Foto Keluarga,Merdeka,0
"Otak Cemerlang di Balik Pesona, Ini 15 Artis Wanita Cantik Ternyata Alumni UI",Merdeka,1
"Kabar Terbaru Tubagus Jody, Mantan Sopir Vanessa Angel Kini Resmi Bertunangan",Merdeka,0
MTV Resmi Tutup Saluran Musik Ikonis di Seluruh Dunia Usai 4 Dekade Siaran,Merdeka,0
"Difa Mantan Penyanyi Cilik Kembali Jadi Sorotan, Resmi Melamar Kekasih",Merdeka,0
"Bahagia Jadi Om! Abidzar Al Ghifari Sambut Keponakan Pertama, Pilih Dipanggil Om Bi",Merdeka,0
Umi Pipik Sebut Egy Maulana Vikri Jadi Suami Siaga Bantu Persalinan Adiba Khanza,Merdeka,0
"Setelah 17 Tahun, Manohara dan Kristian Hansen Resmi Berpacaran, Intip 7 Potret Romantis",Merdeka,1
"Liburan di Moskow Bersuhu -25°C, Ria Ricis Tetap Tampil Modis",Merdeka,0
"Sinetron Jejak Duka Diandra Tayang di SCTV Mulai 6 Januari 2026, Dibintangi Rio Dewanto dan Michelle Ziudit",Merdeka,0
"Alasan Nonton Anime Hakubo (Twilight), Tayang Gratis di Vidio",Merdeka,0
"Rumah Warisan 100 Tahun Milik Diding Boneng Runtuh, Penyesalan Datang Terlambat",Merdeka,1
"Cabut Laporan, Inara Rusli Buka Suara soal Hubungannya dengan Insanul Fahmi",Merdeka,0
"Deretan Pemeran Series Algojo yang Tayang di Vidio, Ada Arya Saloka",Merdeka,0
Kronologi Rumah Diding Boneng Ambruk,Merdeka,0
Sinopsis Kill 'Em All di Vidio: Debut Sutradara Peter Malota Bersama Jean-Claude Van Damme,Merdeka,0
"Inara Rusli Mencabut Laporan atas Insanul Fahmi, Berharap Berdamai dengan Wardatina Mawa",Merdeka,0
Kecantikan Sempurna? Ini 10 Selebriti Tercantik Dunia 2025 Menurut Golden Ratio,Merdeka,0
"Cantik dan Memesona, 6 Selebriti Wanita yang Wisuda dengan Kebaya Sepanjang Tahun 2025, Jadi Sumber Inspirasi",Merdeka,0
Momen Haru! Betrand Peto Lepas Rindu Saat Bertemu Keluarga Asalnya di NTT,Merdeka,0
"Pembangunan 270 Jembatan Bailey Tengah Dikebut, Hubungkan Jalan Nasional hingga Desa",Merdeka,0
"Kasus Kematian Diplomat Arya Daru Dihentikan Polisi, Ini Respons Keluarga",Merdeka,0
Prakiraan Cuaca BMKG: Waspada Potensi Hujan Ringan Disertai Petir di Berbagai Kota Besar Akhir Pekan Ini,Merdeka,1
"Indeks Kesehatan Laut Indonesia Meningkat, Namun Nelayan Kecil Masih Terpinggirkan",Merdeka,0
"Puluhan Siswa SMKN 11 Semarang Alami Mual Usai Konsumsi MBG, Pemprov Jateng Lakukan Evaluasi",Merdeka,0
"KPK Ungkap Pengembalian Uang Kasus Korupsi Kuota Haji Capai Rp100 Miliar, Mantan Menag Jadi Tersangka",Merdeka,0
"Pemkot Depok Sosialisasikan Pembangunan Rumah Kreatif Anak Istimewa, Target Selesai Akhir 2026",Merdeka,0
"Bakamla Bersihkan Longsor Sitaro, Akses Kampung Makoa Kembali Terbuka Pasca Banjir Bandang",Merdeka,0
Pemkot Bogor Pastikan Belanja ATK Transparan dan Efisien Melalui Kontrak Payung Konsolidasi,Merdeka,0
"Jumat Bersih, Pemkot Bogor Intensifkan Penertiban Pohon di Pusat Kota",Merdeka,0
Prakiraan Cuaca Jakarta BMKG: Seluruh Wilayah Diguyur Hujan Sepanjang Sabtu,Merdeka,0
"SMAN 1 Kota Serang Raih Juara Nasional Cerdas Cermat BPK, Bukti Literasi Keuangan Pelajar Unggul",Merdeka,0
Gol Cepat Kunci Kemenangan Persita atas Borneo FC di Liga 1,Merdeka,0
"RSUD Jayapura Hadirkan Jaminan Internal, Pastikan Pasien Tidak Mampu Tetap Terlayani Optimal",Merdeka,0
Resmi Dirilis! Cek Harga Tiket Timnas Futsal Indonesia di Piala Asia Futsal 2026,Merdeka,1
"KLH Rencanakan 11 Kesatuan Lanskap Mangrove, Perkuat Pengelolaan Ekosistem Mangrove Nasional",Merdeka,0
"Beijing Tegas Bantah Klaim Trump soal Taiwan, Sebut Urusan Dalam Negeri",Merdeka,0
KPK Desak Pengembalian Dana Terkait Dugaan Korupsi Kuota Haji Triliunan Rupiah,Merdeka,0
"Gubernur Iqbal Lakukan Mutasi Pejabat NTB, 21 Kepala OPD Bergeser",Merdeka,0
BNPB Imbau Peningkatan Kesiapsiagaan Bencana Melawi Hadapi Banjir dan Longsor,Merdeka,0
OJK Peringatkan Ancaman Global Penipuan Asmara Online yang Meningkat Tajam,Merdeka,0
Pemkab Manokwari Perkuat Pemajuan Kebudayaan Manokwari Secara Sistematis,Merdeka,0
Residivis Penganiaya Mahasiswa Garut Pakai Gergaji Diringkus Polisi,Merdeka,0
Lansia Hilang di Sungai Jene' Madingin Gowa Ditemukan Tewas Setelah Pencarian Intensif,Merdeka,0
"Polres Pidie Jaya Kerahkan Alat Berat, Percepat Pemulihan Bencana Banjir",Merdeka,0
Serangan AS ke Venezuela Picu Kecaman Global dan Desakan Reformasi PBB,Merdeka,0
"Pemkab Pidie Tetapkan Status Transisi Darurat ke Pemulihan, Percepat Penanganan Bencana",Merdeka,0
BGN Bali Targetkan 507 Ribu Penerima Program Makan Bergizi Gratis Bali pada 2026,Merdeka,0
Pemkot Sorong Gencarkan Penghijauan Kota Sorong dengan Penanaman Ratusan Pohon,Merdeka,0
KPK Tetapkan Yaqut Cholil Qoumas Tersangka Kasus Kuota Haji,Merdeka,0
"25 Ide Menu Sahur yang Bisa Dipersiapkan Malam Hari, Tambah Pendapatan di Ramadan",Merdeka,0
Wastafel Dapur Berkerak? Ini Cara Praktis Membersihkannya,Merdeka,0
7 Tips untuk Menyimpan Peralatan Dapur agar Lemari Rapi dan Tidak Lengket,Merdeka,1
"KapanLagi Buka Bareng 2026 Siap Digelar di GBK, Tiket Early Bird Sold Out Dalam Waktu 1 Jam",Merdeka,0
"9 Ide Takjil Lezat Bisa Dijual Tanpa Kulkas, Aman dan Nikmat untuk Waktu Berbuka Puasa",Merdeka,0
"Rekomendasi Snack Box untuk Arisan Ibu-Ibu Budget Rp5.000-an, Ekonomis dan Tetap Enak",Merdeka,0
"7 Desain Kolam Ikan ini Terlihat Aman, tapi Ternyata Menarik Ular untuk Datang",Merdeka,1
"Sudah Bisa Dibeli, Tiket KapanLagi Buka Bareng Festival Mulai dari Rp49.000",Merdeka,0
9 Ide Jualan Takjil Cup Kekinian yang Bikin Laris Manis di Ramadan 2026,Merdeka,0
"Panduan Lengkap Menanam Terong di Pot, Bisa Panen Berkali-kali di Lahan Sempit",Merdeka,0
"5 Ide Kebun Terong dalam Pot Teras Rumah Minimalis, Efektif untuk Lahan Terbatas",Merdeka,0
"8 Inspirasi Tren Baju Rompi Lepas untuk Lebaran 2026, Agar Tampil Modis dan Nyaman",Merdeka,0
"8 Gamis Tunik Gen Z untuk Ramadan 2026, Simpel dan Tetap Stylish",Merdeka,0
Tampil Makin Menawan! 7 Model Rambut Layer Sebahu untuk Wajah Oval 2026,Merdeka,0
"Tujuh Rekomendasi Model Gamis Brokat Duyung Terbaru 2026, Ideal untuk Pesta dan Kegiatan Sehari-hari",Merdeka,0
"7 Kebiasaan Sepele di Kamar Mandi yang Bikin Bau dan Kotor, Tapi Dampaknya Besar",Merdeka,0
"7 Model Rambut Anak Laki-laki 2026, Tampil Keren dan Trendy Sambut Masuk Sekolah Hari Pertama",Merdeka,0
"10 Model Cincin Emas Batu Morganite untuk Tren 2026, Yuk Lihat Desainnya!",Merdeka,1
7 Cara Olah Sayur Hampir Layu di Kulkas Menjadi Hidangan Lezat dan Ekonomis,Merdeka,1
Belum Pernah Jualan? Ini 10 Usaha Paling Aman untuk Pemula di 2026,Merdeka,0
Keren! Bali Terima Penghargaan Destinasi Paling Romantis di Dunia Tahun 2025,Merdeka,0
"Jaga Kebersihan Kulit Selama Liburan, Wondermis Facial Wash Aman Dipakai Pagi dan Malam Tanpa Bikin Iritasi",Merdeka,0
Makan Banyak Saat Liburan Tapi Tetap Cantik di Foto Berkat Lip Tint MAJIKA,Merdeka,0
"Aroma Segar dan Maskulin, FFAR Cocok untuk Menemani Road Trip atau Staycation",Merdeka,0
Daftar Hari Baik di Januari 2026 Menurut Fengshui untuk Usaha dan Pernikahan,Merdeka,0
Benarkah Ular Kobra Memburu Manusia? Ini Penjelasan Ilmiah dari Para Ahli,Merdeka,1
"8 Desain Teras Minimalis yang Nyaman, Ideal untuk Bersantai Sambil Menikmati Teh di Rumah",Merdeka,0
"6 Tanaman Ideal untuk Kamar Tidur, Bikin Tidur Nyenyak dan Udara Segar",Merdeka,0
"7 Desain Kolam Ikan Minimalis di Depan Rumah yang Menciptakan Suasana Asri, Estetis, dan Menenangkan",Merdeka,0
"5 Resep Leher Ayam Balado Praktis, Lauk Pedas Andalan Keluarga di Rumah",Merdeka,1
Menko Polkam Djamari Chaniago Tinjau Pembangunan Huntara Sumbar untuk Korban Bencana,Merdeka,0
KSAD Maruli Pastikan Jembatan Bailey Pulihkan Akses Darat Vital di Aceh Pasca-Bencana,Merdeka,0
"PDIP Kenalkan Maskot Baru Jelang HUT Ke-53 dan Rakernas, Perkuat Semangat Perjuangan Partai",Merdeka,0
"TNI AU Gandeng Sekolah Penerbangan, Lahirkan Penerbang Andal untuk Kedaulatan Udara",Merdeka,0
Penguatan UMKM dan Ekonomi Kreatif Jadi Kunci Atasi Pengangguran,Merdeka,0
Djarot: Konten Pandji Pragiwaksono Wujud Kebebasan Berekspresi yang Sah,Merdeka,0
"DPRD Jatim Dorong Pemutakhiran Data Jaminan Kesehatan Warga Miskin, Soroti Angka Kesakitan Tinggi",Merdeka,0
"Satgas Yonif 521/DY Perkuat Dukungan Pendidikan di Papua, Bagikan Buku dan Alat Tulis untuk Pelajar Walesi",Merdeka,0
"Pemkab Natuna Nonaktifkan Camat Tersangka Kasus Asusila, Tegaskan Komitmen Disiplin ASN",Merdeka,0
Anggota DPR Desak Propam Polri Perketat Pengawasan Internal Demi Kepercayaan Publik,Merdeka,1
Mendagri Tito Karnavian Pimpin Pemetaan Komprehensif Penanganan Bencana Sumatera,Merdeka,0
Pilkada Tidak Langsung: Langkah Rasional Menata Ulang Demokrasi Lokal Indonesia,Merdeka,0
Pemkot Sorong Perkuat Mitigasi: Dua Dokumen Penanggulangan Bencana Kota Sorong Disusun 2025,Merdeka,0
Anggota DPR: Kritik Pandji Pragiwaksono Tak Perlu Berujung Laporan Polisi,Merdeka,0
"Jabatan Pj Sekda NTB Lalu Moh Faozal Berakhir 10 Januari 2026, Siapa Penggantinya?",Merdeka,1
Mendesak: Peran Perempuan dalam Pelestarian Budaya Nasional Kian Krusial,Merdeka,0
Perampingan OPD Donggala: Langkah Efisiensi Birokrasi dan Peningkatan Pelayanan Publik,Merdeka,0
Pilkada Konstitusional: Yusril Tegaskan Mekanisme Langsung atau Lewat DPRD Sama-sama Sah,Merdeka,0
CSIS: Serangan AS ke Venezuela Adalah Bentuk Kolonialisme Baru,Merdeka,0
DPR Desak Bulog Serap Gabah Petani untuk Cegah Harga Anjlok Sesuai HPP,Merdeka,0
BKN Dorong Seluruh Pemda Segera Terapkan Manajemen Talenta ASN untuk Meritokrasi dan Pelayanan Publik Unggul,Merdeka,1
WamenPANRB Tegaskan Pentingnya Penguatan LPSK untuk Perlindungan Saksi dan Korban,Merdeka,0
Istana Ungkap Proses Kenaikan Gaji Hakim Ad Hoc Dihitung Tersendiri,Merdeka,0
"Mensesneg: Proyek PSEL 'Waste to Energy' Diluncurkan di 34 Titik, Solusi Atasi Timbunan Sampah Nasional",Merdeka,0
Survei Terbaru LSI Denny JA: Mayoritas Pemilih Partai Menolak Usulan Pilkada Dipilih DPRD,Merdeka,0
Survei LSI Denny JA: 66 Persen Masyarakat Menolak Usulan Pilkada Dipilih DPRD,Merdeka,0
Muhaimin Yakin Tak Ada Maksud Lain di Balik Kelakar Prabowo: PKB Diawasi Hanya Candaan,Merdeka,1
"Istana Minta Investigasi Kasus Teror Influencer Pengkritik Pemerintah, Presiden Prabowo Prihatin",Merdeka,0
"Prabowo Siap Teken Kesepakatan Tarif Resiprokal Indonesia-AS, Negosiasi Masuki Tahap Akhir",Merdeka,0
Diplomasi Presiden Prabowo Hasilkan Aset Hotel Strategis di Makkah untuk Kampung Haji Indonesia,Merdeka,0
"OJK Tegas Hentikan 2.263 Entitas Pinjol Ilegal Sepanjang 2025, Lindungi Masyarakat dari Jerat Keuangan",Merdeka,0
Indonesia Capai Swasembada Beras 2025: Tonggak Penting Ketahanan Pangan Nasional,Merdeka,0
Harga Emas Pegadaian Kompak Meroket: UBS dan Galeri24 Naik Signifikan,Merdeka,0
"Polres Pasaman Barat Fasilitasi Penjualan Jagung Petani, Pastikan Harga Standar Nasional",Merdeka,0
"Pajak Hiburan Kota Serang Tembus Rp5 Miliar di 2025, Lampaui Target Daerah",Merdeka,0
Menko Pangan Tinjau Percepatan Pemulihan Pangan Aceh Pascabanjir,Merdeka,0
OJK Minta Sektor Jasa Keuangan Cermati Risiko Konflik AS-Venezuela Jangka Panjang,Merdeka,0
OJK Soroti Kenaikan Piutang Multifinance Bermasalah di Wilayah Bencana Sumatera,Merdeka,0
"OJK Rilis Aturan Baru Co-payment Asuransi Kesehatan, Batas Risiko Nasabah Turun Jadi 5 Persen",Merdeka,0
"Kemen PU Tuntaskan Pemasangan Jembatan Bailey Krueng Beutong, Akses Aceh Kembali Normal",Merdeka,0
"Khofifah Proyeksikan Produksi Jagung Jawa Timur Capai 5,4 Juta Ton pada 2026, Perkuat Swasembada Pangan Nasional",Merdeka,0
Pemerintah Desa Blora Hadapi Pengurangan Dana Desa 2026: Efisiensi Jadi Kunci Pembangunan,Merdeka,0
"Bulog Kucurkan Dana Besar, Beli Jagung Petani di Tanah Papua Capai Puluhan Ribu Ton",Merdeka,0
Pencapaian dan Arah Baru Kebijakan Ekonomi Nasional: Dari Penagihan Pajak hingga Mandatori Bioetanol,Merdeka,0
Bulog Perkuat Stok Beras Aceh dengan Tambahan 50 Ribu Ton Jelang Ramadhan dan Pemulihan Bencana,Merdeka,0
Disperindagkop UKM Tindak Belasan Pangkalan Gas Nakal di Rejang Lebong Selama 2025,Merdeka,0
Disdag Mataram Optimalkan Pengawasan Stok Harga Jelang Ramadhan 1447 H,Merdeka,1
Pemkot Bogor Buka Seleksi Direksi Perumda Tirta Pakuan Periode 2026-2031,Merdeka,0
Pemkab Gianyar Gencarkan Pendampingan Perizinan Usaha untuk Iklim Investasi Kondusif,Merdeka,0
Hutama Karya Alihkan Lalu Lintas Pekanbaru untuk Pembangunan Jembatan Overpass Tol Lingkar,Merdeka,0
"Defisit APBN 2025 di Bawah Batas Aman, Menko Airlangga: Tak Goyahkan Kepercayaan Investor",Merdeka,0
"Realisasi PAD Pekanbaru 2025 Capai Rp1,175 Triliun, Lampaui Target Signifikan",Merdeka,0
"Percepat Perekonomian Lokal, Enam KKMP Batam Telah Beroperasi dan Belasan Menyusul",Merdeka,0
"Rupiah Melemah Tajam, Defisit Fiskal APBN 2025 Melebar Jadi Pemicu Utama",Merdeka,0
Peran Krusial Kilang Minyak dalam Hilirisasi Energi Nasional,Merdeka,0
KLHK Dorong Pemanfaatan Kayu Hanyutan Pascabencana untuk Bangun Huntara Warga Terdampak,Merdeka,0
NTB Susun Regulasi Tata Kelola Tambang Rakyat untuk Dongkrak Ekonomi Daerah,Merdeka,0
Dinas PUTR Cianjur Targetkan Perbaikan Jalan 67 KM pada 2026,Merdeka,0
OJK: Likuiditas Bank Tetap Kuat Meski Ada Dampak Penarikan SAL Rp75 Triliun,Merdeka,0
Dahnil Anzar Sebut Kuota Haji Indonesia 2026 Capai 221 Ribu : Okezone Muslim,okezone,0
"75 Tahun Layani Haji, Kementerian Agama Siap Serahkan Tongkat Estafet ke BP Haji : Okezone Muslim",okezone,1
"Bahas Kampung Haji, Menag Nasaruddin Umar Bertolak ke Arab Saudi untuk Dampingi Presiden Prabowo Subianto : Okezone Muslim",okezone,0
"Pekan Ini, Kementerian Haji dan Umrah Arab Saudi Geber Persiapan Haji 2026 : Okezone Muslim",okezone,0
"Masih Dibangun, Kampung Haji Makkah Diharapkan Bisa Digunakan Paling Lambat 2028 : Okezone Muslim",okezone,0
Jadwal dan Syarat Lengkap Seleksi PPIH Arab Saudi 2026 : Okezone Muslim,okezone,0
Jadwal Lengkap Pendaftaran Petugas Kesehatan Haji 2026 : Okezone Muslim,okezone,0
Berikut Cara Cek Nomor Porsi Haji 2026 : Okezone Muslim,okezone,1
Ini Cara Daftar Petugas Kesehatan Haji 2026 : Okezone Muslim,okezone,0
Terbongkar! Alasan Trump Tangkap Presiden Venezuela Nicolas Maduro dan Istri : Okezone Tvscope,okezone,1
"Detik-Detik Presiden Venezuela Nicolas Maduro Tiba di AS, Dikawal Pasukan Khusus : Okezone Tvscope",okezone,1
Timur Kapadze Kandidat Paling Kuat Latih Timnas Indonesia? : Okezone Tvscope,okezone,0
Wapres Gibran Dorong Kolaborasi RI-Afrika di CEO Forum 2025 : Okezone Tvscope,okezone,0
"Roy Suryo Tersangka Kasus Ijazah Palsu Jokowi, Ini Pasal yang Menjerat : Okezone Tvscope",okezone,0
Wamenhaj Pastikan Petugas Haji 2026 Tak Bakal Nebeng Naik Haji : Okezone Muslim,okezone,0
"Jadwal Haji 2026: Pemberangkatan, Puncak Ibadah, hingga Pemulangan : Okezone Muslim",okezone,0
"Jamaah Haji 2026 Berangkat Mulai 22 April, Puncak Ibadah 26 Mei : Okezone Muslim",okezone,0
"Seleksi Petugas Haji Dibuka Bulan Ini, Bimtek Januari-Februari 2026 : Okezone Muslim",okezone,0
Wamenag Bertemu Menhaj Bahas Transisi Penyelenggaraan Haji : Okezone Muslim,okezone,0
"Masa Tinggal Jamaah Haji 41 Hari Dinilai Terlalu Lama, DPR Sebut 30 Hari Cukup : Okezone Muslim",okezone,0
"Biaya Haji 2026 Disepakati Rp87 Juta, Jamaah Bayar Rp54 Juta : Okezone Muslim",okezone,0
Wamenhaj Anggap Wajar Asosiasi Travel Gelisah soal Umrah Mandiri : Okezone Muslim,okezone,0
"Langkah Besar Menag Nasaruddin Umar: Jaga Kerukunan, Naikkan Gaji Guru dan Hidupkan Ekonomi Umat : Okezone Muslim",okezone,0
"Sistem Antrean Dirombak, Masa Tunggu Haji Paling Lama 27 Tahun : Okezone Muslim",okezone,1
Dahnil Sebut Petugas Haji Bakal Masuk Barak hingga Belajar Bahasa Arab : Okezone Muslim,okezone,0
"Tutup Penyelenggaraan Haji, Kemenag Sabet Indeks Sangat Memuaskan dari Jamaah : Okezone Muslim",okezone,0
"Mekanisme Kuota Haji, Peran Pemerintah dan Swasta Potong Antrean Jamaah : Okezone Muslim",okezone,0
"Soal Transisi ke BP Haji, Menag Masih Tunggu Payung Hukum : Okezone Muslim",okezone,0
"Dipantau Prabowo, Menag Ungkap Kabar Terkini Persiapan Kampung Haji : Okezone Muslim",okezone,0
Amphuri Desak Penghapusan Umrah Mandiri dalam Revisi UU Haji dan Umrah : Okezone Muslim,okezone,0
"Kurangi Masa Tinggal Jamaah Haji, Pemerintah Indonesia Usulkan Taif Jadi Pendamping Bandara Madinah dan Jeddah : Okezone Muslim",okezone,0
"Paparan saat Rakernas Evaluasi Haji 2025, Dirjen PHU: Sinergi Nasional dan Internasional Jadi Kunci : Okezone Muslim",okezone,0
Menag Nasaruddin Umar Jelaskan Formula 5BPH saat Tutup Operasional Haji 2025 : Okezone Muslim,okezone,0
"40 Jamaah Haji Indonesia Masih Dirawat di Arab Saudi, Ini 8 Nomor Kontak KUH yang Bisa Dihubungi Keluarga : Okezone Muslim",okezone,0
"Hampir Seluruh Jamaah Indonesia Tiba di Tanah Air, Ketua PPIH: Semoga Jadi Haji Mabrur : Okezone Muslim",okezone,0
KJT 28 Jadi Kloter Terakhir Jamaah Haji Indonesia 2025 yang Bertolak ke Tanah Air : Okezone Muslim,okezone,0
Menag Sebut Wacana Haji Jalur Laut Masih Dikaji : Okezone Muslim,okezone,0
Menag Nasaruddin Umar soal Haji Lewat Jalur Laut: Banyak Perusahaan Sudah Menawarkan Jasa : Okezone Muslim,okezone,0
"Lepas Kloter SOC 95 di Bandara Madinah, Ketua PPIH Arab Saudi: Jamaah Puas dengan Layanan Haji : Okezone Muslim",okezone,0
"Kuota Haji 2026 Diumumkan Besok 10 Juli 2025, Indonesia Dapat Berapa? : Okezone Muslim",okezone,0
Jumlah Jamaah Haji Indonesia Meninggal Dunia Alami Penurunan ketimbang 2024 : Okezone Muslim,okezone,0
"Potensi Tampung 5 Juta Jamaah Haji pada 2030, Arab Saudi Bangun Mina hingga 8 Lantai : Okezone Muslim",okezone,0
Peran Penyuluh Agama Islam Hadirkan Trauma Healing bagi Penyintas Bencana di Bireuen : Okezone Muslim,okezone,0
Surat yang Dibaca di Hari Jumat : Okezone Muslim,okezone,0
Suara Sunyi Penjaga Setiap Langkah Ibadah Haji : Okezone Muslim,okezone,0
Apakah Oleh-Oleh Haji Kena Pajak? : Okezone Muslim,okezone,0
Ciri-Ciri Orang yang Hajinya Mabrur : Okezone Muslim,okezone,0
Menag Nasaruddin Berikan Kompensasi ke Jamaah yang Telat Dapat Makan Malam : Okezone Muslim,okezone,0
Guncang Eropa! Rusia Luncurkan Rudal Oreshnik ke Ukraina Dekat Wilayah NATO : Okezone News,okezone,0
"Purbaya Makin 'Berotot', Punya Wewenang Rekomposisi Rupiah dan Valas! : Okezone Economy",okezone,0
Patrick Kluivert Resmi Latih Timnas Tunisia di Piala Dunia 2026? Berpotensi Lawan Belanda! : Okezone Bola,okezone,0
Jadwal Siaran Langsung Semifinal Malaysia Open 2026: Jonatan Christie vs Kunlavut Vitidsarn! : Okezone Sports,okezone,0
Hasil Piala Asia U-23 2026 Semalam: Timnas Vietnam U-23 Selangkah Lagi Lolos Perempatfinal! : Okezone Bola,okezone,0
"Kasus Dugaan Penghasutan Pandji Pragiwaksono, Polisi Segera Panggil Dua Saksi : Okezone News",okezone,1
BSU 2026 Rp600.000 Bakal Cair Lagi? Cek di bsu.kemnaker.go.id : Okezone Economy,okezone,1
"Kisah Luar Biasa Ruselli Hartawan, Satu-satunya Wakil Indonesia Penakluk Ratu Bulu Tangkis An Se-young : Okezone Sports",okezone,1
"Aceh, Sumut-Sumbar Diprediksi Hujan Deras, BNPB: Waspada Bencana Susulan! : Okezone News",okezone,1
Breaking News! Eks Menag Gus Yaqut Jadi Tersangka Kasus Korupsi Kuota Haji : Okezone News,okezone,0
Iran Bergejolak! Protes Massal Meletus di Teheran hingga Trump Ancam Serangan : Okezone News,okezone,0
BNPB: Warga Aceh Tamiang Bisa Pilih Huntara Terpusat atau In-Situ : Okezone News,okezone,0
"270 Jembatan Bailey Dikebut, Pulihkan Akses Jalan Pascabencana di Sumatera : Okezone News",okezone,0
"Gus Yaqut Jadi Tersangka Korupsi Kouta Haji, Harta Kekayaan Capai Rp13,7 Miliar : Okezone News",okezone,0
BNPB Catat Status Bencana di Sumatera Mulai Beralih ke Transisi Darurat : Okezone News,okezone,0
"Cuaca Ekstrem Masih Berpotensi di Sumatera, BNPB Imbau Waspada Bencana Susulan : Okezone News",okezone,1
"JPO Sarinah Akan Dibangun Kembali, Pramono: Diperlukan untuk Difabel : Okezone News",okezone,0
"Kasus Suap Ade Kuswara, Eks Kajari Bekasi Diperiksa KPK dan Kejagung : Okezone News",okezone,0
"Kasus Dugaan Penghasutan Pandji Pragiwaksono, Polisi Segera Panggil Dua Saksi : Okezone News",okezone,1
"Pandji Dipolisikan, Gus Ulil: Kita Butuh Banyak Ketawa di Negeri Ini : Okezone News",okezone,0
Cuaca Jabodetabek Diprediksi Hujan Sepanjang Hari Ini : Okezone News,okezone,0
"Polisi Terima Pelaporan Pandji Pragiwaksono, LBH Jakarta: Ancam Ruang Demokrasi : Okezone News",okezone,0
Pemilik Akun Medsos yang Dipolisikan Siap Hadapi Demokrat : Okezone News,okezone,0
"Selundupkan Narkoba, Pasutri Asal Pakistan Nekat Telan 162 Kapsul Sabu : Okezone News",okezone,0
Pramono Akan Resmikan Taman Bendera Pusaka Februari 2026 : Okezone News,okezone,0
Polisi Bantah Siksa Ammar Zoni Terkait Kasus Narkoba : Okezone News,okezone,0
"Ade Armando: Polisikan Akun Medsos, Perkuat Dugaan Demokrat-Roy Suryo Bersekutu Jatuhkan Jokowi : Okezone News",okezone,0
"Korlantas Resmi Operasikan ETLE Drone, Jangkau Titik Rawan : Okezone News",okezone,0
"Penuhi Kebutuhan Warga, Instalasi Air Bersih-Solar Panel Dipasang di Aceh Tamiang : Okezone News",okezone,0
Warga Aceh Tamiang Terharu Dapat 10 Ton Bantuan dari MNC Peduli : Okezone News,okezone,0
"Muncul ke Publik, Budhius Piliang Sebut Akun Tiktok Dilaporkan Demokrat Bukan Miliknya : Okezone News",okezone,0
"Laporkan Pandji, Aliansi Angkatan Muda NU Bukan Respresentasi PBNU : Okezone News",okezone,0
PP Muhammadiyah: Aliansi Muda Laporkan Pandji Bukan Mandat Persyarikatan : Okezone News,okezone,0
"Ditetapkan Tersangka Kasus Korupsi Kuota Haji, Gus Yaqut Akan Hormati Proses Hukum : Okezone News",okezone,0
Pramono Pastikan Puskesmas Perbatasan Layani Warga Sekitar Jakarta 0 : Foto Okezone Foto,okezone,0
"Kogabwilhan III Salurkan Alat Bantu Dengar untuk Tunarungu, Tingkatkan Kualitas Kesehatan Masyarakat Papua : Okezone News",okezone,0
MNC Peduli Salurkan 10 Ton Bantuan ke Desa Bengkelang Aceh Tamiang : Okezone News,okezone,0
"Pemilahan Sampah di SSTBS, Langkah Strategis DKI Atasi Sampah Sungai 0 : Foto Okezone Foto",okezone,0
"Gegara Senggolan, 'Pak Ogah' Aniaya Pemotor di Jakbar : Okezone News",okezone,0
"Gus Yaqut Jadi Tersangka Korupsi Kuota Haji, Begini Reaksi Ketum PBNU : Okezone News",okezone,1
"Hujan Lebat, Sejumlah Wilayah di Aceh Timur Dilanda Banjir : Okezone News",okezone,0
"Polisi Dalami Kasus Pandji Pragiwaksono, Kantongi 3 Bukti Ini : Okezone News",okezone,0
KPK Ungkap Ada Pengembalian Rp100 Miliar Terkait Korupsi Kuota Haji : Okezone News,okezone,0
Tim SAR Gabungan Tutup Operasi Pencarian Korban KM Putri Sakinah : Okezone News,okezone,0
"Kabar Baik! Indonesia Menang Lelang Lahan Kampung Haji, Jaraknya 500 Meter dari Masjidil Haram : Okezone News",okezone,0
Update Bencana Sumatera: Korban Tewas Capai 1.178 Orang : Okezone News,okezone,0
"Anwar Usman Sering Bolos Sidang dan Rapat, DPR Beri Sindiran Nyelekit : Okezone News",okezone,0
"Ratusan Anggota TNI Bentrok dengan Brimob di Sultra, Begini Kronologi Lengkapnya! : Okezone News",okezone,0
"Viral! Hijabers Cantik Ini Nyaris Dicopet saat Ngevlog di Monas, Polisi Buru Pelaku : Okezone News",okezone,1
"Cloudflare Gangguan, Sejumlah Situs hingga Medsos Down : Okezone Ototekno",okezone,0
"Analisis DNA Duga Hitler Alami Kelainan Genetik, Pengaruhi Ukuran Alat Kelamin : Okezone Ototekno",okezone,0
"Valve Umumkan Peluncuran Steam Machine, Konsol Game Saingan PlayStation dan XboX : Okezone Ototekno",okezone,0
"Punya Jaringan 5G Terbesar, China Mulai Bangun Konektivitas 6G : Okezone Ototekno",okezone,1
"HUAWEI FreeClip 2 Hadir di Indonesia dengan Desain Airy C-Bridge Baru, Fitur Adaptive Listening : Okezone Ototekno",okezone,0
"Tren Nostalgia dan Konten Kreatif di Dunia Maya, Negara Didorong Jaga Ekosistem Digital : Okezone Ototekno",okezone,0
Huawei Luncurkan Tablet MatePad 12 X 2026 Usung Layar Anti-Glare dan Performa Setara PC : Okezone Ototekno,okezone,0
5 Ciri iPhone HDC yang Wajib Diwaspadai Sebelum Membeli : Okezone Ototekno,okezone,1
"PUBG MOBILE Luncurkan Update Versi 4.2, Hadirkan Primewood Genesis, AI Companion, Hingga Sistem Ranked Baru : Okezone Ototekno",okezone,0
"WhatsApp Tambahkan 3 Fitur Baru pada Obrolan Grup, Berikut Fungsinya : Okezone Ototekno",okezone,0
"CrossFire: Legends Championship Perdana Dimulai, 10 Tim Asia Tenggara Perebutkan Hadiah Rp1,1 Miliar : Okezone Ototekno",okezone,0
"Amazon Luncurkan Asisten AI Alexa+ Berbasis Web, Saingi Gemini dan ChatGPT : Okezone Ototekno",okezone,0
Motorola Umumkan Ponsel Lipat Edisi Khusus Piala Dunia 2026 : Okezone Ototekno,okezone,0
Samsung Pamerkan Layar Lipat tanpa Lipatan Terlihat di CES 2026 : Okezone Ototekno,okezone,1
3 Rekomendasi Video Proxy Chrome Gratis dan Legal untuk Streaming Bebas Hambatan : Okezone Ototekno,okezone,0
Daftar Cheat The Sims 4 Bahasa Indonesia untuk PC dan PS4: Panduan Lengkap : Okezone Ototekno,okezone,0
Qualcomm Umumkan Chipset Snapdragon X2 Plus untuk Laptop : Okezone Ototekno,okezone,0
5 Game Penghasil Uang yang Langsung Masuk DANA 2026 : Okezone Ototekno,okezone,0
"Malaysia, India, dan Prancis Ancam Hukum Grok Terkait Gambar Cabul AI di X : Okezone Ototekno",okezone,0
"China Lancarkan 2,63 Juta Serangan Siber per Hari ke Taiwan pada 2025 : Okezone Ototekno",okezone,0
Daftar Fenomena Langit Selama Januari 2026 : Okezone Ototekno,okezone,0
"Samsung Diisukan Bekukan Harga Seri Galaxy S26 Tahun Ini, Tapi... : Okezone Ototekno",okezone,1
"Grok AI Banjiri X dengan Gambar Cabul Perempuan dan Anak-Anak, Picu Peringatan Internasional : Okezone Ototekno",okezone,0
3 Rekomendasi Situs Baca Manga yang Aman dan Paling Lengkap : Okezone Ototekno,okezone,0
"HUAWEI MatePad 12 X 2026, Tablet PC-Level Andalan untuk Awal Tahun yang Lebih Rapi dan Produktif : Okezone Ototekno",okezone,0
"12 Peristiwa Keamanan Siber Jadi Sorotan Sepanjang 2025, dari Hoaks hingga Penipuan : Okezone Ototekno",okezone,0
Kapan Durasi Bumi Akan Berubah Jadi 25 Jam Sehari? Ini Penjelasannya : Okezone Ototekno,okezone,0
"Gunakan Exynos 2600, Samsung Galaxy S26 Akan Hadirkan Peningkatan Fitur AI On-Device : Okezone Ototekno",okezone,0
"Xiaomi Luncurkan Pembaruan HyperOS 3 ke Lebih Banyak Perangkat Redmi dan POCO, Ini Daftarnya : Okezone Ototekno",okezone,0
WhatsApp Luncurkan Paket Stiker dan Efek Animasi Tahun Baru 2026 : Okezone Ototekno,okezone,0
Hal yang Dipertimbangkan saat Anda Ingin Membeli Akun FF : Okezone Ototekno,okezone,0
"Honor Power 2 Segera Meluncur dengan Baterai 10.080mAh, Desain Mirip iPhone 17 Pro : Okezone Ototekno",okezone,1
China Usulkan Aturan Ketat AI untuk Lindungi Anak-Anak : Okezone Ototekno,okezone,0
"OpenAI Buka Lowongan Kepala Kesiapsiagaan untuk Antisipasi Ancaman AI, Digaji Rp9,3 Miliar : Okezone Ototekno",okezone,1
"TikTok Geser YouTube dan Instagram, Jadi Media Sosial Berita Favorit Anak Muda : Okezone Ototekno",okezone,0
Apple Kemungkinan Luncurkan iPhone Air 2 pada 2026 : Okezone Ototekno,okezone,0
Link dan Cara Download Minecraft 1.21.131 Android APK Free Version : Okezone Ototekno,okezone,0
Spesifikasi dan Harga Sepeda Listrik Yadea Ova Januari 2026 : Okezone Ototekno,okezone,0
"AISI: Pasar Sepeda Motor Indonesia 2025 Tumbuh 1,3%, Diproyeksikan Stabil di 2026 : Okezone Ototekno",okezone,0
CEO Google Peringatkan Agar Jangan Terlalu Percaya pada AI : Okezone Ototekno,okezone,0
Daftar Medsos yang Diblokir untuk Remaja di Bawah 16 Tahun di Australia : Okezone Ototekno,okezone,1
Apple Sematkan AI di Fitur Siri pada Maret 2026 : Okezone Ototekno,okezone,0
YouTube Diam-Diam Hapus Ratusan Video Pelanggaran HAM oleh Israel : Okezone Ototekno,okezone,0
"iPhone 18 Pro Dikabarkan Tak Punya Warna Hitam, Ini Penggantinya : Okezone Ototekno",okezone,0
Miss World 2025 Opal Suchata & Miss Indonesia 2025 Audrey Bianca Bawa Perubahan Lewat Mahkota,okezone,0
"Pancarkan Keanggunan, Song Hye Kyo Rayakan Dua Abad Bee Bottle Ikonis Guerlain",okezone,0
"Berkontribusi Pada Sport Tourism Dan Keberlanjutan, Maybank Marathon 2026 Kembali Digelar Di Bali",okezone,0
"Nike Merilis Nike Mind, Hadirkan Inovasi Sepatu Berbasis Neurosains",okezone,0
"Setelah 10 Tahun, Bruno Mars Kembali Dengan Album Solo Baru ‘the Romantic’",okezone,1
Scandi Girl: Makeup Minimalis Yang Sempurna Untuk Musim Dingin,okezone,0
Emporio Armani Menunjuk Kendall Jenner Sebagai Global Fragrance Ambassador,okezone,0
"G-dragon Kenakan Kalung Permata 209 Karat, Kolaborasi Langsung Sang Rapper Dengan Jacob & Co.",okezone,0
"Gracie Abrams Jadi Wajah Chanel Coco Crush, Pancarkan Pesona Percaya Diri",okezone,0
Aktris Shin Min Ah Dipilih Menjadi House Ambassador Louis Vuitton.,okezone,0
5 Inspirasi Hiasan Kuku Elegan Dan Trendy Untuk Memulai 2026,okezone,0
"Bts Resmi Umumkan Album Baru Dan Tur Dunia, Simak Tanggal Comeback Mereka",okezone,1
Highend Magazine,okezone,0
Skincare Untuk Tangan: Ikuti Rangkaian Perawatan Kulit Ini Untuk Tangan Yang Lembut Dan Terjaga,okezone,0
Kampanye Dior Spring/summer 2026 Tampilkan Pendekatan Jonathan Anderson Yang Segar Dan Santai,okezone,0
Jonathan Anderson Berikan Sentuhan Inovatif Pada 2 Koleksi Aksesori Dior Spring/summer 2026,okezone,0
"Sambut Akhir Tahun, Stanley Bawa Pengalaman Winter Cabin Ke Plaza Indonesia",okezone,0
La Boutique Gourmande Kembali Hadir Di Le Meridien Jakarta Dengan Nuansa Parisian,okezone,0
"Dari Atur Mood Sampai Redakan Cravings, Exomind™ Kunci Mental Wellness Terkini",okezone,0
"Tren Makanan Kukusan Menjadi Solusi Sarapan Sehat Dan Aman, Simak Manfaatnya",okezone,1
Rayakan Natal Ala Italia Bersama Menu Spesial Osteria Gia,okezone,0
"The Rr Chocolate Resmikan Gerai Ke-30 Di Pacific Place, Perkuat Filosofi “bean To Chocolate”",okezone,0
Rayakan Akhir Tahun Dengan Kemewahan Celestial Di Grand Hyatt Jakarta,okezone,0
Como Hotels Hadirkan Retret Fotografi Eksklusif Di Bhutan Bersama Christina Tan,okezone,0
Dove Cameron Dan Vokalis Måneskin Damiano David Resmi Bertunangan,okezone,0
Dari Indonesia Ke Dunia: Asik Fashion Connect Jembatani 12 Brand Lokal Masuk Pasar Internasional,okezone,0
Louis Vuitton Resmi Menjadi Mitra Titel Untuk Formula 1 Grand Prix De Monaco 2026,okezone,0
Lupa Daratan Resmi Tayang Perdana: Kisah Ironis Aktor Yang Lupa Daratan Di Balik Layar,okezone,0
"Lambangkan Ketenangan Dan Harmoni, Pantone Umumkan Cloud Dancer Sebagai Color Of The Year 2026",okezone,0
"Musikal Perahu Kertas: Saat Mimpi, Cinta, Dan Takdir Bertemu Di Panggung",okezone,0
Benarkah Super Flu Subclade K Bisa Menjadi Pandemi Selanjutnya? : Okezone Women,okezone,1
"Super Flu Rentan Menyerang Anak-Anak, Ini Penjelasannya : Okezone Women",okezone,0
"Viral Pengunjung Membeludak di Jembatan Gantung Situ Gunung, Netizen: Takut Roboh : Okezone Women",okezone,1
"Monas Padat Pengunjung saat Libur Nataru, Didominasi Rombongan Keluarga : Okezone Women",okezone,0
6 Kebiasaan Ini Bisa Merusak Kesehatan jika Diabaikan : Okezone Women,okezone,0
"Viral Materi Stand Up Pandji Soal Kelopak Mata Mengantuk, Dokter Tompi Sebut Itu Penyakit Ptosis : Okezone Women",okezone,1
"Vidi Aldiano Tampil Berkumis, Bikin Netizen Pangling : Okezone Women",okezone,0
Siapa Khairun Nisya? Pramugari Gadungan yang Diamankan di Bandara Soekarno-Hatta : Okezone Women,okezone,0
Segini Kisaran Bayaran Pandji Pragiwaksono Tampil di Panggung Stand Up Comedy Mens Rea : Okezone Women,okezone,0
"Profil dan Potret Inka Williams, Model Cantik yang Tumbuh Besar di Bali dan Kini Dikabarkan Pacari Channing Tatum : Okezone Women",okezone,0
Kisah Tragis Balita 2 Tahun Tewas Diserang Piranha di Sungai Brasil : Okezone Women,okezone,1
Awas! Ini Bahaya Black Mold yang Ada di Tembok Rumah : Okezone Women,okezone,1
"Tantangan Kian Meningkat, Pertarungan Sengit saat Risiko Dipertaruhkan di MasterChef Indonesia Season 13! : Okezone Women",okezone,0
Rekomendasi Minyak Esensial untuk Meredakan Flu dan Hidung Tersumbat : Okezone Women,okezone,0
"Nadin Amizah Alami Gangguan Pita Suara Spasmodic Dysphonia, Apa Gejalanya? : Okezone Women",okezone,0
Viral! Jule Ternyata Incar Jefri Nichol Sejak 2021 : Okezone Women,okezone,1
Merancang Liburan 2026 Lebih Mudah dengan Paylater : Okezone Women,okezone,0
Liburan Nyaman dan Terencana Tanpa Beban Finansial : Okezone Women,okezone,0
"Profil dan Biodata Ibrahim Risyad, Suami Salshabilla Adriani yang Viral usai Tak Izinkan Istri Jadi IRT : Okezone Women",okezone,1
"Profil dan Potret Lionel Abraham Gunawan, Model Cilik Asal Kalimantan yang Juara Model di Korea : Okezone Women",okezone,0
Apa Itu Maltodekstrin? Kandungan Susu Formula yang Aman dan Diatur BPOM : Okezone Women,okezone,0
"Profil dan Potret Cilia Flores, Ibu Negara Venezuela yang Ikut Diamankan Pasukan Elit AS : Okezone Women",okezone,0
5 Tips Menjaga Imunitas Anak Biar Terhindar dari Paparan Super Flu : Okezone Women,okezone,1
"Cara Merawat Rambut di Musim Hujan, Anti Lepek dan Berminyak : Okezone Women",okezone,0
Ammar Zoni Tampil Klimis di Sidang Lanjutan Kasus Narkoba Hari Ini : Okezone Women,okezone,0
Cara Agar Ibu Tetap Sehat Merawat Anak Sakit Tanpa Tertular : Okezone Women,okezone,0
"Viral! Kafe Pakai Kemasan Infus untuk Minuman, Netizen: Bayangin Itu Limbah Medis : Okezone Women",okezone,1
Fakta-Fakta Jule dan Jefri Nichol Diduga Punya Hubungan hingga Liburan Bareng ke Bali : Okezone Women,okezone,0
"Heboh Super Flu, Jenis dan Harga Vaksin Influenza di Indonesia : Okezone Women",okezone,1
7 Makanan Ini Bisa Bantu Sembuhkan Flu Lebih Cepat : Okezone Women,okezone,0
"Pascabencana Sumatera, Menkes: 87 Rumah Sakit Sudah Bisa Melayani Pasien Kembali : Okezone Women",okezone,0
Mau Vaksin Influenza? Ini Efek Samping yang Perlu Diwaspadai : Okezone Women,okezone,1
"Viral Influencer Kecantikan Lunasi Utang Keluarga Rp912 Juta, Dituduh Palsukan Penyakit Cerebral Palsy : Okezone Women",okezone,1
"Profil dan Potret Cantik Clare Herdman, Istri Pelatih Timnas Indonesia John Herdman : Okezone Women",okezone,0
"Penyebab Rambut Rontok saat Cuaca Dingin, Ini Tips Mengatasinya : Okezone Women",okezone,0
5 Alasan Dubai Wajib Masuk Bucket List Wisatawan Indonesia : Okezone Women,okezone,1
Airpods dan Earbuds Bluetooth Bisa Picu Kanker? Ini Penjelasan Ahli Saraf : Okezone Women,okezone,0
"Viral Materi Stand Up Pandji Soal Kelopak Mata Mengantuk, Dokter Tompi Sebut Itu Penyakit Ptosis : Okezone Women",okezone,1
6 Kebiasaan Ini Bisa Merusak Kesehatan jika Diabaikan : Okezone Women,okezone,0
"Minum Kopi 3-4 Gelas Sehari Bisa Bikin Panjang Umur, Ini Penjelasan Ilmiahnya : Okezone Women",okezone,0
Moms Wajib Tahu! Tips Biar Anak Gak Malas Sekolah usai Libur Panjang : Okezone Women,okezone,1
"Viral Fasilitas Candi Borobudur Dikeluhkan, Tak Ramah Pengunjung Prioritas : Okezone Women",okezone,1
5 Cara Cegah Kolesterol Tinggi Usai Makan Banyak Selama Liburan : Okezone Women,okezone,1
"Tempe Jadi Superfood Indonesia, Ternyata Bisa Cegah Asma hingga Kanker : Okezone Women",okezone,1
"China Resmi Larang Gagang Pintu Rata pada Mobil, Ini Alasannya : Okezone Ototekno",okezone,1
"Mobil Baru BYD Kepergok Tes Jalan, Intip Bocorannya : Okezone Ototekno",okezone,1
60 Ribu Mobil Terjual dari Seluruh Pameran Gaikindo Sepanjang 2025 : Okezone Ototekno,okezone,0
Daftar Mobil yang Resmi Disuntik Mati 2025 : Okezone Ototekno,okezone,0
"NVIDIA Pamerkan Alpamayo, Sistem AI yang Buat Mobil Berpikir dan Mengemudi Sendiri : Okezone Ototekno",okezone,0
"Hyundai Creta Alpha Resmi Meluncur, Segini Harganya : Okezone Ototekno",okezone,0
"China Telah Menyamai atau Lampaui Korsel dalam Berbagai Teknologi, Termasuk Otomotif : Okezone Ototekno",okezone,0
BYD Perkuat Eksistensi di Pasar EV Indonesia lewat GJAW 2025 : Okezone Ototekno,okezone,0
"Awali 2026, Hyundai Bersiap Hadirkan CRETA Edisi Terbaru di Indonesia : Okezone Ototekno",okezone,0
"Ratusan Mobil Listrik Mercedes-Benz Kena Recall, Ngecas Dibatasi Maksimal 80 Persen : Okezone Ototekno",okezone,0
"China Bikin Skema Baru Subsidi Pembelian Mobil, Mulai 6% : Okezone Ototekno",okezone,0
Isyarat Kuat Mitsubishi Pajero Terbaru Segera Meluncur : Okezone Ototekno,okezone,1
"BYD Sealion 06 Terbaru Meluncur, Jarak Tempuhnya Kian Jauh : Okezone Ototekno",okezone,0
Komunitas Hyundai Santa Fe Siap Touring Jelajahi Kalimantan : Okezone Ototekno,okezone,0
Benarkah Merokok saat Berkendara Motor Bisa Kena Tilang? : Okezone Ototekno,okezone,1
Apa Kepanjangan dari PCX dan NMAX? : Okezone Ototekno,okezone,0
"Bertambah 734 Ribu, Total 25 Juta Kendaraan Mengaspal di Jakarta pada 2025 : Okezone Ototekno",okezone,0
Penjualan Mobil China secara Global Diproyeksi Lampaui Jepang pada 2025 : Okezone Ototekno,okezone,0
Kenapa Motor Bebek Jauh Lebih Awet? Ternyata Ini Alasannya : Okezone Ototekno,okezone,1
Intip Spesifikasi dan Harga Vespa Kuning Aura Kasih dan Lisa Mariana : Okezone Ototekno,okezone,0
"Viral Pemotor Merokok saat Berkendara, Ngamuk saat Ditegur : Okezone Ototekno",okezone,1
"Bertenaga AI, Satu Kamera Deteksi 1.000 Pelanggaran dalam 4 Hari : Okezone Ototekno",okezone,0
"Kaleidoskop 2025 : Pasar Lesu, Perang Harga Kian Seru : Okezone Ototekno",okezone,0
Kaleidoskop 2025: Daftar Merek Mobil Baru Meluncur di Indonesia : Okezone Ototekno,okezone,0
"67 Mobil Listrik China Disiksa Jalani Uji Coba Musim Dingin, Suhu -25 Derajat Celsius : Okezone Ototekno",okezone,0
"Dear Bikers, Ini 3 Etika Mengerem saat Berkendara agar Perjalanan Aman : Okezone Ototekno",okezone,0
"Mobil Hidrogen Hyundai Nexo Jarak Tempuhnya Capai 826 Km, Isi Daya 5 Menit : Okezone Ototekno",okezone,0
"Libur Nataru, Mitsubishi Hadirkan Diler Siaga 24 Jam : Okezone Ototekno",okezone,0
"Libur Nataru, Toyota Siapkan 3 Posko Siaga 24 Jam : Okezone Ototekno",okezone,0
"Geely Resmikan Pusat Uji Keselamatan Kendaraan Senilai Rp4,7 Triliun, Intip Fasilitasnya : Okezone Ototekno",okezone,0
"4 Tips Berkendara saat Libur Akhir Tahun, Jangan Lupa Cek Ban : Okezone Ototekno",okezone,1
"Bocoran MPV Murah Baru Nissan Gravite, Harga Rp100 Jutaan : Okezone Ototekno",okezone,1
Honda Hentikan Sementara Produksi di China Imbas Krisis Semikonduktor : Okezone Ototekno,okezone,0
"Tips Bepergian Bareng Keluarga saat Libur Nataru, Cek Rute hingga Kendaraan : Okezone Ototekno",okezone,1
"GAC Kembangkan Baterai Baru, Bisa Tempuh Jarak hingga 1.000 Km : Okezone Ototekno",okezone,0
"Libur Nataru, Ini Daftar Lengkap Lokasi SPKLU di Tol Trans Jawa : Okezone Ototekno",okezone,0
Isi Garasi Bupati Bekasi Ade Kuswara yang Punya Harta Rp79 Miliar : Okezone Ototekno,okezone,0
"Hasil PSM Makassar vs Bali United di Super League 2025-2026: Petaka Kartu Merah, Juku Eja Menyerah 0-2 : Okezone Bola",okezone,0
"Persija Jakarta Pamer Persiapan Jelang Lawan Persib Bandung, The Jakmania Kirim Dukungan! : Okezone Bola",okezone,0
"Dibocorkan FC Dallas, Kiper Timnas Indonesia Maarten Paes Gabung Persib Bandung Hari Ini? : Okezone Bola",okezone,0
"Persija Jakarta Tandang ke Markas Persib Bandung, Kukuh Wahyudi: 3 Poin Jadi Target! : Okezone Bola",okezone,0
Bocor! John Herdman Segera Dapatkan 1 Pemain Naturalisasi Tambahan untuk Timnas Indonesia : Okezone Bola,okezone,1
Persija Rayakan HUT ke-97 dengan Kemenangan 2-0 atas PSIM Yogyakarta 0 : Foto Okezone Foto,okezone,0
Timnas Futsal Indonesia Mantapkan Serangan Jelang SEA Games 2025 0 : Foto Okezone Foto,okezone,0
"7 Turnamen AFC Bikin Timnas Indonesia Minder di Hadapan Vietnam, John Herdman Pusing? : Okezone Bola",okezone,0
David da Silva Bicara sang Mantan Klub Jelang Persebaya Surabaya vs Malut United : Okezone Bola,okezone,0
Respons Davide Nicola Setelah Klub Emil Audero Gagal Menang atas Cagliari di Liga Italia 2025-2026 : Okezone Bola,okezone,0
Psywar Bojan Hodak Dimulai Jelang Persib Bandung vs Persija Jakarta di Super League 2025-2026 : Okezone Bola,okezone,0
"Adu Gaji Rizky Ridho di Persija Jakarta dengan Federico Barba di Persib Bandung, bak Bumi dan Langit? : Okezone Bola",okezone,0
"10 Pemain yang Pernah Membela Persib Bandung dan Persija Jakarta, Nomor 1 Juara di Kedua Klub! : Okezone Bola",okezone,1
"Hasil Persita Tangerang vs Borneo FC di Super League 2025-2026: Pesut Etam Kalah 0-2, Rivalitas Persib-Persija Kian Membara : Okezone Bola",okezone,0
Resmi: Antoine Semenyo Gabung Manchester City! : Okezone Bola,okezone,0
Jadwal dan Link Live Streaming Timnas Kamerun vs Maroko di Perempatfinal Piala Afrika 2025 di Vision+ : Okezone Bola,okezone,0
"Jadwal Siaran Langsung Timnas Vietnam U-23 vs Timnas Kirgistan U-23 di Piala Asia U-23 2026, Live di iNews! : Okezone Bola",okezone,0
Jadwal Siaran Langsung Persib Bandung vs Persija Jakarta di Super League 2025-2026 : Okezone Bola,okezone,0
"John Herdman Diminta Naturalisasi 5 Pemain Keturunan untuk Perkuat Timnas Indonesia, Siapa Saja? : Okezone Bola",okezone,0
Live Malam Ini! Jadwal Siaran Langsung PSM Makassar vs Bali United di Super League 2025-2026 : Okezone Bola,okezone,0
"Kisah Pratama Arhan, Bek Timnas Indonesia yang Setim dengan Anak Legenda Brasil Rivaldo di Bangkok United : Okezone Bola",okezone,0
John Herdman Pusing Timnas Indonesia Peringkat 23 Asia Jelang Piala Asia 2027? : Okezone Bola,okezone,0
"Jadwal dan Link Live Streaming Eintracht Frankfurt vs Borussia Dortmund di VISION+, Klik di Sini! : Okezone Bola",okezone,0
Timnas Indonesia Ditantang Negara yang Punya Pemain Jebolan Klub Premier League di FIFA Matchday Maret 2026! : Okezone Bola,okezone,0
Media Italia Kagum Lihat Aksi Kiper Timnas Indonesia Emil Audero di Laga Cremonese vs Cagliari : Okezone Bola,okezone,1
Joey Pelupessy soal Timnas Indonesia Gagal Lolos Piala Dunia 2026: Hati Saya Hancur! : Okezone Bola,okezone,0
"Hasil Atletico Madrid vs Real Madrid di Piala Super Spanyol 2026: Menang 2-1, Los Blancos Tantang Barcelona di Final! : Okezone Bola",okezone,0
Luciano Guaycochea Bicara Laga Persib Bandung vs Persija Jakarta: Pertandingan Paling Terkenal di Indonesia! : Okezone Bola,okezone,0
Persebaya Surabaya vs Malut United: Misi Bruno Moreira Hentikan Rentetan Hasil Positif Laskar Kie Raha : Okezone Bola,okezone,0
Persib Bandung vs Persija Jakarta: Teja Paku Alam Serius Jelang Duel El Clasico : Okezone Bola,okezone,0
"Jelang Persib Bandung vs Persija Jakarta, Beckham Putra: Kami Wajib Menang! : Okezone Bola",okezone,0
"5 Negara dengan Rata-Rata Pemain Terpendek di Piala Asia U-23 2026, Nomor 1 Thailand! : Okezone Bola",okezone,1
"Sambut John Herdman, Hokky Caraka: Tolong Bantu Timnas Indonesia Jadi yang Terbaik di Asia : Okezone Bola",okezone,0
Klik di Sini! Cara Nonton Bayern Munich vs Wolfsburg di Bundesliga 2025-2026 di Vision+ : Okezone Bola,okezone,0
Jawaban Tegas Bojan Hodak soal Rumor Bintang Persib Bandung Federico Barba Bakal Mudik ke Eropa : Okezone Bola,okezone,0
"Adu Gaji Rizky Ridho di Persija Jakarta dengan Federico Barba di Persib Bandung, bak Bumi dan Langit? : Okezone Bola",okezone,0
"5 Fakta John Herdman Pelatih Baru Timnas Indonesia, Nomor 1 Bikin Decak Kagum! : Okezone Bola",okezone,1
Catat Tanggalnya! PSSI Perkenalkan Pelatih Timnas Indonesia John Herdman ke Publik Pertengahan Januari 2026 : Okezone Bola,okezone,0
"BREAKING NEWS: John Herdman Resmi Latih Timnas Indonesia, Diumumkan Langsung PSSI! : Okezone Bola",okezone,0
John Herdman Panggil 5 Pemain Diaspora untuk Comeback ke Timnas Indonesia di FIFA Series 2026? : Okezone Bola,okezone,0
"5 Pemain yang Dijagokan Gabung Persib Bandung pada Januari 2026, Nomor 1 Adrian Luna! : Okezone Bola",okezone,1
"KUIS: Perayaan Tahun Baru, Apa Hal Ikonik yang Kamu Tahu? : Okezone Quiz",okezone,0
"Tinjau TPS, Kapolres Indramayu: Pemilu 2024 Aman dan Lancar",posmetro,0
Kapolres Indramayu Inspeksi Pastikan Pemilu 2024 Lancar,posmetro,0
"Ketahui Bedanya Quick Count, Real Count, dan Exit Poll",posmetro,1
Inilah Link Hasil Quick Count Pemilu 2024,posmetro,1
Pertamina Kilang Balongan Pastikan Ketersediaan Pasokan Energi Sambut Tahun Baru 2026,posmetro,0
"Kilang Balongan Gelar Baking Class,Bentuk Aspirasi Pertiwi Dalam Ketahanan Energi",posmetro,0
Perkuat Sinergritas LPK Niji dan SMK NU Karanganyar Teken Kerjasama,posmetro,0
Kilang Balongan Objek Vital Sumber Energi Nasional,posmetro,0
Kilang Balongan Siap Jaga stok BBM Jelang Libur Natura,posmetro,0
MEEP Simulasi Tangani Kebocoran Gas di Kilang Pertamina Balongan,posmetro,1
Kilang Balongan bersama PBC Adakan Virtual Bike,posmetro,0
Tingkatkan Keselamatan Kerja Kilang Balongan Gekar Jumat Bersih,posmetro,0
Audit Internal Sistem Manajemen Pengamanan Kilang Balongan,posmetro,0
"Jalan Depan Kilang Balongan Segera Ditutup,Lalin Dialihkan ke Jalan Sukaurip-Sukareja",posmetro,1
"Gelar Seminar Hukum,Cegah Tindak Pidana di Lingkunga Kerja Kilang Balongan",posmetro,0
Cawu No.3 H. SURNATA Siap merubah Desa Telagasari Menjadi Sejahtera,posmetro,0
"Berikut Fakta Menarik di Balik Film “Kemah Terlarang: Kesurupan Massal”, Siap Bikin Deg-degan!",posmetro,0
Menyelami Kegelapan: “Joker: Folie à Deux” – Ini Dia yang Perlu Anda Ketahui!,posmetro,1
Film ‘Laut Tengah’ Angkat Isu Poligami dan Mimpi S2 di Korea.,posmetro,0
"Will Smith Kembali! ‘I Am Legend 2’ Siap Guncang Layar Lebar, Apa Yang Berubah?",posmetro,1
"Sinopsis Extraction, Tayang di Bioskop TransTV Hari Ini",posmetro,0
"Sinopsis The Ice Road, Tayang di Bioskop TransTV Hari Ini",posmetro,0
"Sinopsis The 33, Perjuangan Para Penambang yang Terjebak dalam Bioskop TransTV Hari Ini",posmetro,0
"Sinopsis 13 Minutes, Perjuangan Warga Heartland Hadapi Tornado dalam Bioskop TransTV Hari Ini",posmetro,0
"Sinopsis Criminal, Kisah Agen Super CIA di Bioskop TransTV Hari Ini",posmetro,0
"Sinopsis The Departed, Kisah Polisi Jadi Mata-Mata di Sarang Mafia",posmetro,0
"Gugat Menggugat Berakhir, Ibu Darinah Menang Telak: Eksekusi Tanah di Indramayu Buka Fakta Baru!",posmetro,0
Rocky Gerung Bongkar Janji Kosong Pemerintah: Pacta Sunt Servanda Jadi Bumerang?,posmetro,1
"Dugaan Pelecehan Seksual, Polisi Panggil Rektor Universitas Pancasila Hari Ini",posmetro,0
"Kasus Pungli Rutan KPK, Jejak Hengki Terus Diselidiki",posmetro,0
"Sebut Prabowo Hanya Dua Tahun Jadi Presiden, Connie Bakrie Dilaporkan",posmetro,0
"GM dan Staf Kilang Balongan,Adakan Upacara Peringati Hari Pahlawan",posmetro,0
Kilang Balongan Lakukan Bakti Sosial Donor Darah,posmetro,0
30 Perusahaan Kontraktor Dapat Penghargaan Dari Kilang Balongan,posmetro,0
Warga Sekitar Ring 1 Kilang Balongan Dapat Latihan Padamkan Kebakaran,posmetro,0
"Peringati Hari Sumpah Pemuda,Kilang Balongan Gelar Upacara di Lapangan Bumi Patra",posmetro,0
"Raih Penghargaan Bergengsi Subroto 2025,Kilang Balongan Semakin Gemilang",posmetro,0
Wali Kota Cimahi Larang Perayaan Tahun Baru dengan Kembang Api,posmetro,0
"Harga Emas Antam Hari Ini Tembus Rp 2,6 Juta per Gram",republika,0
Mendag: Pasar Kuala Simpang Kembali Beraktivitas 80 Persen Pascabencana,republika,0
KPK Sebut Ada Biro Haji Belum Kembalikan Uang Terkait Kasus Yaqut,republika,0
Alasan KPK Tetapkan Gus Yaqut dan Gus Alex Jadi Tersangka Kasus Kuota Haji,republika,0
Angka PHK di Jateng Lampaui 18 Ribu Sepanjang 2025,republika,0
Polisi: Situasi di Seluruh Iran Sudah Tenang,republika,0
Paradigma Fikih Sebagai Perbendaharaan Bagi Hukum Lingkungan atasi Krisis Bumi,republika,0
"Tangsel Buang Sampah ke Cileungsi, Bayar Rp90 Juta Per Hari",republika,0
KPK Periksa Tiga Jaksa untuk Kasus Bupati Bekasi Nonaktif Ade Kuswara Kunang,republika,0
Kim Jong-un Sebut Korut Siap Jadi Sekutu Abadi Rusia,republika,0
Persija Siap Mati-matian Hadapi Persib di Laga Pekan ke-17,republika,0
Persib vs Persija: Penentu Puncak Klasemen Super League,republika,0
"Dampak Ekonomi Libur Nataru Capai Rp40,29 Triliun",republika,0
"Heboh Super Flu di Indonesia, Menkes Sebut Sudah Ada Sejak Lama, Hanya Varian Baru",republika,1
Menkes Berharap dan Berdoa Sri Sultan Berumur Panjang Minimal Seperti Ratu Elizabeth Inggris,republika,0
"Siswa Ini Dulu Sering Ikut Lomba Ilmiah, tidak Menang, Sekarang Jadi Bos Peneliti di BRIN",republika,0
Ayatollah Khamenei Beri Peringatan Keras kepada Demonstran yang Berkolaborasi dengan Pihak Asing,republika,0
BNPB: 1.114 KK Terdampak Banjir dan Longsor Terima Dana Tunggu Hunian,republika,0
"BNPB: Aceh Masih Tanggap Darurat, Korban Bencana di Sumatera 1.182 Jiwa",republika,0
Kemenhub Pastikan Bandara Juanda Beroperasi Normal Usai Diterjang Badai,republika,0
Ratusan Ribu Warga Masih Mengungsi Pascabanjir dan Longsor di Sumatra,republika,0
"OTT Perdana 2026, KPK Tangkap Pegawai Pajak",republika,0
"BNPB Terapkan Validasi Biometrik, DTH Cair Tanpa KTP dan KK",republika,0
Tokoh Lintas Agama Bersama Ribuan Santri Kirim Doa untuk Sumatra,republika,0
Syifa Fauziah Populasi Muslim di Australia Tumbuh Pesat,republika,0
Erick Thohir Pastikan Transfer Bonus Atlet Transparan,republika,0
"Tenda Jamaah di Mina Rampung, Haji 2026 Hemat Rp180 M",republika,0
Kemenag Salurkan Bantuan Rp138 Miliar untuk Korban Bencana Sumatera,republika,0
Harapan Melalui Tetesan Darah untuk Penyintas Bencana dan Ramadhan,republika,0
Menteri Koperasi Ajak China Jadi Mitra Kopdes Merah Putih,republika,0
"Perkuat Engagement Pelanggan, Lawson Indonesia Luncurkan Aplikasi My Lawson",republika,0
Ahli Gizi Ingatkan Susu Bukan Pengganti Makanan Utama Anak,republika,0
Rey Mbayang Kesusahan Akting Jadi YouTuber Kontroversial,republika,0
Dinda Hauw Ungkap Tantangan Berakting dengan Suami di Film Bidadari Surga,republika,0
"Dari Jeruk hingga Pisang, Ini 5 Buah Terbaik untuk Temani Sarapan",republika,0
"Penanganan Bencana Sumatera, Wamenhaj: Waktunya Berta’awun",republika,0
KPK Ingatkan Asosiasi atau Biro Haji Kooperatif Kembalikan Uang Terkait Kasus Yaqut,republika,0
Rumah BUMN Pertamina Banjarmasin Hadirkan Harapan bagi Warga Kalsel,republika,0
"Pertapreneur Aggregator, Cara Pertamina Menyiapkan UMKM Tumbuh Berkelanjutan",republika,0
Trump Kembali Tarik AS dari Sejumlah Organisasi Iklim Internasional,republika,0
"Tujuh Tahun Beruntun, Perusahaan Terverifikasi Netral Karbon",republika,0
"AS Keluar dari UNFCCC, Indonesia Dinilai Perlu Alternatif Pembiayaan Transisi Energi",republika,0
OKI Kecam Kunjungan Otoritas Israel ke Somaliland,republika,0
"Sinergi Strategis Hilirisasi Batu Bara, Wujudkan Kemandirian Energi Nasional",republika,0
Malut United Siap Curi Poin di Kandang Persebaya Sore Ini,republika,0
"Charity Event PERSIB-APPI dengan Dompet Dhuafa, ‘Dari Sepakbola untuk Sumatra’",republika,0
Pengusaha Paparkan Peran Strategis Pemuda Menuju Indonesia Masa Depan,republika,0
OJK Setujui Konsorsium Asuransi Kredit untuk Fintech Pinjol,republika,0
Departemen UMKM dan Keuangan Syariah OJK Dorong Akses Pembiayaan Inklusif,republika,0
KKP–BPJPH Genjot Sertifikasi Halal Produk Perikanan,republika,0
"Viral Nasabah Kehilangan Dana, Manajemen Bank Muamalat Buka Suara",republika,1
Bank Aladin Syariah Nilai Digitalisasi Kunci Tingkatkan Inklusi,republika,0
"APBN 2026 Defisit Rp 689 Triliun, Sukuk Perkuat Pembiayaan",republika,0
Jadwal Pekan Ke-20 Serie A Liga Italia,republika,0
"Tiang Monorel Mangkrak di Jakarta Dibongkar, Legislator Ingatkan Potensi Pelanggaran Hukum",republika,0
Kebijakan UMP dan Kebakaran Cipinang Muara Jadi Sorotan di Jakarta,republika,0
Bappeda Tangerang Targetkan Peningkatan Penerima Beasiswa dan Sekolah Gratis 2026,republika,0
Julio Cesar Termotivasi Kalahkan Persija di GBLA,republika,0
Tangsel Bayar Rp90 Juta per Hari untuk Buang Sampah ke Cileungsi,republika,0
BMKG Prakirakan Hujan Guyur Seluruh Jakarta Sabtu Ini,republika,0
SMAN 1 Kota Serang Raih Juara 1 Kompetisi Cerdas Cermat BPK Nasional,republika,0
Gol Cepat Jadi Kunci Kemenangan Persita atas Borneo FC,republika,0
Harga Tiket Piala Asia Futsal 2026 di Indonesia Telah Dirilis,republika,0
KPK Minta Asosiasi dan Biro Haji Kooperatif Kembalikan Uang Korupsi Kuota Haji,republika,0
"Produksi Jagung Sulut Turun 3,84 Persen pada 2025",republika,0
Pemprov Kaltara Dukung Pemberdayaan Perempuan dan Anak,republika,0
"OJK: Piutang Bermasalah di Wilayah Bencana Sumatera Meningkat 0,60 Persen",republika,0
Pendampingan Hukum Perkuat Tata Kelola USK,republika,0
Potensi Ekonomi dari Hak Siar Piala Dunia di TVRI,republika,0
Bulog Tambah 50 Ribu Ton Beras untuk Aceh Atasi Bencana dan Ramadhan,republika,0
"Pemkot Batam Salurkan Bantuan Rp4,8 Miliar untuk Korban Bencana di Aceh",republika,0
Bali Tingkatkan Kewaspadaan Super Flu hingga Puskesmas,republika,1
Pemkab Bekasi Kawal Sengketa Lahan 23.380 Meter Persegi di Babelan,republika,0
Pemkab Bekasi Tegaskan Kepemilikan Sah atas Lahan Sengketa di Babelan,republika,0
Pemkab Madiun Siapkan Lahan Eks Bengkok untuk Sekolah Rakyat,republika,0
Perkara Penting yang tidak Bisa Dipisahkan Begitu Saja dari Doa kepada Allah SWT,republika,0
Rahasia di Balik Perintah Allah untuk Bertebaran di Muka Bumi Setelah Sholat Jumat,republika,1
Naskah Khutbah Jumat: Pergantian Waktu Manifestasi Peringatan Allah SWT,republika,0
"Alquran sebagai Akhlak Nabi Muhammad SAW, Begini Penjelasan Imam Al-Ghazali",republika,0
"NU, Kita dan Renungan Akhir Tahun",republika,0
,republika,0
Prediksi dan Link Live Streaming Arema FC vs Persita di Super League 2025-2026,republika,0
Daftar Game dengan Pertumbuhan Terbesar di 2025,republika,1
Jordi Cruyff Resmi Kembali ke Ajax Amsterdam,republika,0
Berapa Lama Masa Nifas? Ini Penjelasan Menurut Fikih Islam,republika,0
Kebiasaan yang Wajib Dihindari Sebelum Tidur: Main HP Hingga Marah,republika,0
"Like dan Share Konten AI Bisa Jadikan Kamu Pelaku Sekunder, Hati-Hati!",republika,1
'A Tale of Tomorrow': Cara TAZA Memaknai Busana Sebagai Amanah untuk Masa Depan,republika,0
"Doa Gantikan Kembang Api, Swara Prambanan Menutup Tahun dengan Hati",republika,0
"Bahaya di Balik Koyo Pelangsing, Dokter Ingatkan Risiko Detak Jantung Cepat",republika,1
PlayStation Kembangkan Al 'Ghost Player' Bantu Pemain Saat Terjebak,republika,0
Ini Jumlah Serat Harian yang Harus Dipenuhi Agar Pencernaan Lancar,republika,0
Pendengar Lagu 'Purple Rain' Melonjak di Spotify Gara-Gara 'Stranger Things',republika,0
Donald Trump Tolak Permohonan Pengampunan Hukum Sean ‘Diddy’ Combs,republika,0
"Member BTS Masuk Nominasi iHeartRadio 2026, J-hope Terbanyak dengan 5 Nominasi",republika,0
"Ancaman Grok AI di Balik Anonimitas, Komnas Perempuan Ungkap Trauma Berlapis Bagi Korban",republika,0
Callum Turner Dikabarkan Jadi James Bond Terbaru,republika,0
"WhatsApp Punya Fitur Baru 2026, Ada Apa Saja?",republika,1
Istri Mandiri Bukan Berarti Enggak Butuh Andil Suami,republika,0
Film One Battle After Another Masuk Tujuh Nominasi Actor Awards,republika,0
Studi: Pengawet Makanan Dikaitkan dengan Risiko Diabetes dan Kanker,republika,0
"Grok AI, Ketika Teknologi Canggih yang Jadi Ancaman Privasi Bagi Perempuan",republika,0
Bruno Mars Rilis Album Baru The Romantic 27 Februari 2026,republika,0
Cara Penuhi Gizi Seimbang Anak Meski Anggaran Terbatas,republika,0
"Jangan Asal Pilih Deterjen, Ini Dampaknya bagi Kesehatan Kulit",republika,0
Benarkah Pelihara Kucing Bisa Bikin Mandul?,republika,1
PA Bandung Sebut Ridwan Kamil dan Atalia Praratya Sepakat Soal Hak Asuh Anak,republika,0
Ciri-Ciri Anak Terpapar Ekstremisme Menurut Densus 88,republika,0
"Viu Masuki Pasar Micro Drama, Siap Saingi Konten Durasi Pendek Global",republika,0
Rayakan Warisan Kuliner Nusantara Bersama Wyndham Culinary Journey,republika,0
"Waspada Superflu Masuk Indonesia, Pakar Ingatkan Risiko Komplikasi Berat",republika,1
Siswa Sinarmas World Academy Kembangkan Perangkat AI untuk Bantu Pemulihan Bicara Pasien Stroke dan,republika,0
Polda Metro Jaya Analisis CCTV di Kasus Teror Terhadap Influencer DJ Donny,republika,0
Tips Memilih Paket Tour Murah Pulau Komodo,republika,0
Alana Hadid Jadi Produser Film Dokumenter Palestina Seeds for Liberation,republika,0
Bahaya Melabeli Anak: Mengapa Sebutan 'Si Pintar' atau 'Si Nakal' Justru Merusak Mental?,republika,1
Tips Investasi Emas Bagi Pemula Menurut Perencana Keuangan,republika,0
"Viral Nikah Muda, BKKBN Ingatkan Dampak Demografi dan Pembangunan",republika,1
Pakar Sebut Perhiasan Emas Bukan Instrumen Terbaik untuk Investasi,republika,0
Polisi Ungkap Kronologi Balita Jatuh dari Balkon Lantai Dua di Jaktim,republika,0
Joker Bakal Kembali! Barry Keoghan Siap Tebar Teror di Film The Batman – Part II,republika,0
Archipelago Bawa Cita Rasa Korea Lebih Dekat Lewat '60 Seconds to Seoul',republika,0
Cara Benar Pakai Pelembap: Enggak Perlu Tunggu Kulit Kering,republika,0
"Devano Jadi 'Jamet' di Film Check Out Sekarang, Pay Later",republika,0
"Waspada Superflu, Kenali Gejala dan Pencegahannya",republika,1
Manipulasi AI Jadi Bentuk Baru Kekerasan terhadap Perempuan di Media Sosial,republika,0
Sering Terbangun Tengah Malam? Bisa Jadi Tubuh Sedang Mengalami Ini,republika,1
"Diminta 'Selamatkan' Grup K-Pop NewJeans, Ini Respons YouTuber MrBeast",republika,0
Angka Kanker Perempuan 82 Persen Lebih Tinggi dari Pria,republika,0
Mengapa Harus Copot Alas Kaki Sebelum Masuk ke Rumah?,republika,1
Ramen Zundo-ya Versi Halal Kini Buka di Jakarta,republika,0
Jepang Perkenalkan Makanan Halal bagi Wisatawan Indonesia,republika,0
"Dari Kupang ke Jepang, Bertemu di Semangkuk Ramen Haraku",republika,0
MUI Imbau Restoran dan UMKM Segera Miliki Sertifikasi Halal,republika,1
"Operasi SAR Pencarian WN Spanyol yang Tenggelam di Labuan Bajo Ditutup, 1 Korban Dinyatakan Hilang",republika,0
"PSM Makassar Keok di Kandang, Kalah 0-2 dari Bali United",republika,0
Pemerintah Pangkas Produksi Batu Bara Nasional Menjadi 600 Ton,republika,0
"Jembatan Gantung Selesai Dibangun, Akses Antar Desa di Pidie Jaya Kembali Terhubung",republika,0
Hasil Panen Raya Jagung di Wilayah Jawa Barat Capai 300 Ton,republika,0
Momen Presiden Prabowo Dibuat Kagum dengan Raihan Lima Medali Emas Martina Ayu,republika,0
Ratusan Tukang Becak Lansia Ikuti Pelatihan Mengemudi Becak Listrik,republika,0
"Empat Desa di Halmahera Barat Diterjang Banjir, Ribuan Jiwa Terdampak",republika,0
Menteri Haji dan Umrah Cicipi Makanan Siap Saji untuk Jamaah Haji Indonesia,republika,0
"Buruh Kembali Demo di Patung Kuda, Minta UMP DKI Jakarta Direvisi Jadi Rp5,89 Juta",republika,0
Jalan Tol Yogyakarta-Bawen Seksi 6 Ditargetkan Beroperasi Secara Fungsional saat Arus Mudik Lebaran,republika,0
Warga Gotong Royong Tambal Tanggul Sungai Bremi yang Jebol dengan Karung Pasir,republika,0
"Ada Fasilitas Lift Chair, Monas Makin Ramah untuk Penyandang Disabilitas dan Lansia",republika,0
"Terbukti Korupsi, Mantan Dirjen Kemenkeu Isa Rachmatarwata Divonis 1,5 Tahun Penjara",republika,1
"Hadapi Musim Dingin, Warga Palestina di Kamp Pengungsian Terima Bantuan Kemanusiaan dari Indonesia",republika,0
"Dihadang Pekerja, Eksekusi Kebun Sawit Ilegal Sitaan di Dumai Batal Dilakukan",republika,0
Pelantikan Anggota Majelis Kehormatan Mahkamah Konstitusi,republika,0
"Hadiri Panen Raya di Karawang, Presiden Prabowo Umumkan Swasembada Pangan",republika,0
Tangis Kakek Masir Pecah Usai Divonis 5 Bulan Penjara karena Curi Burung di Taman Nasional Baluran,republika,0
"Lewat RUPSLB, BTN Putuskan Tambah Komisaris Baru",republika,0
"Harga Terus Naik, Warga Ramai-Ramai Serbu Beli Emas untuk Investasi",republika,0
Banjir Rendam Ratusan Rumah di Pekalongan,republika,0
Saat Ratusan Peserta Adu Keahlian Membuat Seni Kaligrafi di Kudus,republika,0
"Langgar Ketentuan, SMKN 4 Kendari Kembalikan Uang Iuran Siswa",republika,0
"Sampaikan Taklimat Awal Tahun, Presiden Prabowo Kumpulkan Kabinet Merah Putih di Hambalang",republika,0
Permintaan Vaksin Influenza di Jakarta Meningkat Ditengah Merebaknya Kasus Super Flu,republika,0
Momen Delcy Rodriguez Dilantik Jadi Presiden Sementara Venezuela Gantikan Maduro,republika,0
Mantan Direktur Pengolahan Pertamina Chrisna Damayanto Ditahan KPK,republika,0
Banjir Rendam Ratusan Rumah dan Puluhan Hektar Sawah di Gorontalo,republika,0
Presiden Prabowo Hadiri Perayaan Natal Nasional 2025 di Tenis Indoor Senayan,republika,0
Pembangunan Jembatan Penghubung Aceh Tengah-Nagan Raya Ditargetkan Selesai Pertengahan Januari,republika,0
Timnas Futsal Indonesia Jalani Latihan Perdana Jelang AFC Futsal Asian Cup 2026,republika,0
Patung Macan Putih Viral di Kediri Jadi Incaran Swafoto Warga,republika,1
"Siap Berlaga di Proliga 2026, Tim Jakarta Livin Mandiri Targetkan Lolos ke Babak Final",republika,0
Tingkah Polah Pelajar di Hari Pertama Sekolah Usai Libur Panjang Akhir Tahun,republika,0
"Banjir Bandang Terjang Kepulauan Sitaro Sulut, Enam Orang Meninggal Dunia",republika,0
"Libur Nataru Usai, Lalu Lintas Jakarta Kembali Macet di Sejumlah Titik Jalan",republika,0
"Nadiem Makarim Jalani Sidang Perdana, Didakwa Rugikan Negara Rp2,18 T",republika,0
"Reli Dakar, Ajang Balap Ekstrem yang Menguji Ketangguhan Manusia dan Mesin",republika,0
Antusiasme Siswa Ikuti Hari Pertama Sekolah Pascabencana Banjir Bandang di Padang Pariaman,republika,0
"Persis Solo Takluk di Kandang Sendiri, Kalah 1-3 dari Persita Tangerang",republika,0
Bangunan Taman Pendidikan Alquran di Padang Pariaman Ambruk Diterjang Banjir Bandang,republika,0
Rekam Jejak Kekuasaan Nicolas Maduro dalam Bingkai Foto,republika,0
Banjir Rob Landa Sejumlah Permukiman Warga di Pontianak,republika,0
Ribuan Pelayat Antar KH Amal Fathullah Zarkasyi ke Peristirahatan Terakhir,republika,0
Stasiun Pasar Senen Dipadati Penumpang Arus Balik Libur Nataru,republika,0
"Israel Kembali Berulah, Bunuh Belasan Warga Gaza",republika,0
Uni Eropa Serukan Persiapan Konfrontasi Langsung dengan Trump Terkait Krisis Greenland,republika,0
Menlu AS Bertemu Pejabat Denmark Bahas Isu Greenland,republika,0
"Trump: AS akan Serang Iran, Jika Teheran 'Habisi' Demonstran",republika,0
"Dilaporkan Jual Informasi ke AS, Jenderal Tabata Ditahan Otoritas Venezuela",republika,0
Rusia Serang Ukraina dengan Rudal Hipersonik Oreshnik,republika,0
Israel Bantah Serang Area Zona Kemanusiaan di Rafah,republika,0
AS Akui Israel Semakin Terisolasi di Panggung Internasional,republika,0
"Tentara Israel Habisi Rafah, Warganya Geruduk Masjidil Aqsha",republika,0
Seluruh Rumah Sakit di Rafah Lumpuh di Tengah Gempuran Israel,republika,0
"AS Desak Israel Investigasi Serangan Mematikan di Rafah, Tetap tak Ubah Kebijakan",republika,0
Indonesia Kecam Keras Kunjungan Pejabat Zionis ke Somaliland,republika,0
"Dor! Aparat Federal Tembak Dua Warga di Portland, FBI Turun Tangan",republika,0
"Kapal Tanker Berbendera Rusia Disita AS, Moskow Protes Keras",republika,0
Menlu Norwegia: Pengakuan Negara Palestina Tonggak Sejarah,republika,0
"Macron Ditanya Apakah Prancis akan Mengakui Negara Palestina: Saya Siap, Tapi ...",republika,0
Irlandia Segera Sahkan Hubungan Diplomatik Penuh dengan Negara Palestina,republika,1
"Resmi! Norwegia, Irlandia, dan Spanyol Akui Negara Palestina",republika,0
Menteri-Menteri Luar Negeri Uni Eropa Bahas Kemungkinan Sanksi ke Israel,republika,0
China Tegaskan Dukungan untuk PBB Meski AS Mundur dari Organisasi Internasional,republika,0
"Dirujak Netizen karena tak Sebut Amerika Serikat Saat Tanggapi Masalah Venezuela, Ini Respons Kemlu",republika,0
Daftar 66 Lembaga Asing yang Ditinggalkan AS dan Disetop Pembiayaannya oleh Trump,republika,0
"Badai dan Tornado Hantam AS, 18 Orang Dinyatakan Meninggal Dunia",republika,0
Deforestasi Memperparah Banjir yang Mematikan di Brasil,republika,0
Benarkah AS Berencana Cabut Larangan Penjualan Senjata Serang ke Arab Saudi?,republika,1
Lantangnya Sorakan Orang Libertarian untuk Trump,republika,0
Mahasiswa Pro-Palestina di Universitas Toronto Bersumpah Abaikan Peringatan Kampus,republika,0
Israel Bunuh Anak Gaza di Luar Garis Kuning,republika,0
Gedung Putih Ungkap Rencana Akuisisi Greenland Terkait Pengaruh China dan Rusia,republika,0
"Petugas ICE di AS Kian Brutal, Bunuh Seorang Perempuan di Minneapolis",republika,0
Korut Kirim Balon Berisi Sampah ke Korsel,republika,0
"Satelit Mata-Mata Korut Gagal, Cina Harap Semenanjung Korea Stabil",republika,0
Menlu Retno Desak Eropa Dorong Implementasi Solusi Dua Negara untuk Palestina,republika,0
China Minta Israel Patuhi ICJ Hentikan Serangan ke Rafah,republika,0
Indonesia dan Malaysia Kompak Desak Israel Patuhi Putusan ICJ,republika,0
Spanyol Tegaskan Kedaulatan Sumber Daya Alam Venezuela,republika,0
Presiden Korsel Minta Xi Jinping Jadi Mediator Isu Korut,republika,0
Mampukah Militer Eropa Lawan AS untuk Bela Greenland,republika,0
Washington: Suriah-Israel Sepakat Kerja Sama Intelijen dan Ekonomi,republika,0
Denmark dan Enam Negara NATO Tegaskan Kedaulatan Greenland,republika,0
"Israel Serang Universitas Birzeit, Tembaki Mahasiswa Palestina",republika,0
Eropa Pasang Badan Hadapi Ancaman AS Caplok Greenland,republika,0
"BREAKING NEWS: Trump Rampas 50 Juta Barel Minyak Venezuela, Hasilnya akan Diserahkan ke AS",republika,0
"Bersejarah, Palestina Akhirnya Resmi Miliki Kedutaan Besar di Inggris",republika,1
Jenderal IRGC: Israel akan Rata dengan Tanah Jika Kembali Serang Iran,republika,0
Isyarat Trump untuk Para CEO Perusahaan Minyak AS Sebulan Sebelum Culik Maduro,republika,0
KPK Perpanjang Penahanan Bupati Bekasi dan Ayahnya di Perkara Suap Proyek,republika,0
Rakyat Greenland Cemas Negaranya Terancam Di-Venezuela-kan oleh Trump,republika,0
"Dugaaan Skandal Korupsi Pengadaan Proyek Militer Malaysia, Nama Jenderal Terseret",republika,0
"Takut Diserang Duluan, Netanyahu Minta Tolong Putin Sampaikan Pesan ke Iran",republika,0
Israel Ingin Larangan Jurnalis Asing Masuki Gaza Tetap Diberlakukan,republika,0
Israel Kembali Bombardir RS Indonesia di Gaza,republika,0
Saat Saudi Cegah Aksi Duet UEA-Israel di Yaman,republika,0
"Agresi AS di Venezuela, Strategi Lemahkan China di Kawasan?",republika,1
"Respons Serangan Amerika, Kim Jong Un Luncurkan Dua Rudal Balistik Sekaligus",republika,0
Ada Mossad di Balik Kerusuhan di Iran?,republika,1
32 Tentara Kuba Gugur Saat Jaga Maduro dari Penculikan oleh AS,republika,0
Korea Utara Sebut Serangan AS ke Venezuela Tindakan Biadab,republika,0
"Kim Jong Un Pimpin Langsung Uji Rudal Hipersonik, Singgung Serangan AS di Venezuela",republika,0
Menhan Venezuela Tuding Delta Force Bunuh Pasukan Penjaga Maduro,republika,0
"Menlu China Kecam Serangan di Venezuela, Tolak AS Jadi 'Polisi Dunia'",republika,0
‘Nuansa Zionis’ di Serangan AS ke Venezuela,republika,0
Dunia Terbelah Menanggapi Aksi AS di Venezuela,republika,0
Negara Muslim tak Seragam Tanggapi Aksi AS di Venezuela,republika,0
"AS Ancam Presiden Interim Venezuela, Jika tak Serahkan Pengelolaan Minyak, Maka akan Membayar Mahal",republika,0
Presiden Venezuela Nicolas Maduro Hadir di Pengadilan New York,republika,0
Operasi Militer AS di Venezuela Tewaskan 80 Orang,republika,0
Lebih dari 20 Warga Sipil Tewas dalam Serangan Orang tak Dikenal di Mali,republika,0
Afsel Sebut Genosida Israel di Gaza Capai Tahap Baru dan Mengerikan,republika,1
Kekeringan Akibat El Nino Membuat 6 Juta Penduduk Zimbabwe Terancam Kelaparan,republika,0
Wabah Demam Lassa Ancam Nigeria: 156 Korban Jiwa dalam Empat Bulan Terakhir,republika,0
Polisi Australia Tembak Mati Remaja Berusia 16 Tahun,republika,1
Australia Dakwa Lima Remaja Terkait Penikaman di Gereja,republika,0
Penikaman Gereja Australia Terekam di Live Streaming Facebook,republika,0
Sejauh Mana Penistaan Diperbolehkan di Eropa?,republika,1
Mengapa Makin Banyak Generasi Muda Jepang Segan Menikah?,republika,1
Dari Indonesia Mengantarkan Visi Islam Berkemajuan di Jerman,republika,0
Utara Jawa: Bumi Amblas Akibat Eksploitasi Air Tanah Berlebihan,republika,0
Indikator Kinerja Utama (IKU) Perguruan Tinggi di Indonesia 2026 dalam Sorotan,republika,0
Merawat Memori untuk Jalur Kereta Api di Lembah Anai,republika,0
Mencari Makna Kongres Muhammadiyah di Fort de Kock,republika,0
Jangan Cuek di Tengah Marabahaya Dunia,republika,1
Urgensi Koperasi Sekunder KDKMP agar Tidak Masuk Jurang,republika,0
Arah Percakapan Publik dan Tanggung Jawab Negara Atas Masa Depan Ekosistem Digital,republika,0
Beda Sikap Demokrat Kini Soal Pilkada Via DPRD dan Cuitan Lama SBY yang Diunggah Susi Pudjiastuti,republika,0
"Akankah Kekhawatiran Netanyahu Terbukti, Iran Serang Israel Lebih Dulu?",republika,1
'Penangkapan Maduro Buat Kim Jong-un Yakin Denuklirisasi Sama dengan Bunuh Diri',republika,0
Kudeta AS di Venezuela: Ancaman atau Peluang bagi Sektor Batubara Indonesia?,republika,1
Sejarah Hilangnya Pesawat MH370 dan Munculnya Kembali Harapan Lewat Operasi Ocean Infinity,republika,0
Runtuhnya Doktrin Monroe dan Visi Hegemoni Xi Jinping di Asia Tenggara,republika,0
Kampus yang Aman dari Pelecehan Seksual,republika,0
"Begini Riwayat Abu Ubaidah, Pembebas Syam yang Jadi Sandi Juru Bicara Al-Qassam.",republika,0
"Sejarah Mal Sarinah yang Terbakar Semalam, Diambil dari Nama Pengasuh Presiden Sukarno",republika,0
Bung Hatta Usai tak lagi Wapres,republika,0
"Buya Hamka, MUI, dan Fatwa Haram Perayaan Natal Bersama",republika,0
"Dari Amman, Jeritan Palestina dan Tanggung Jawab Kita",republika,0
"Himbara, Presiden Prabowo dan Soal Lapangan Kerja",republika,0
Realisme Politik Trump Ancam Keamanan Dunia,republika,0
Menggerakan Ekonomi Lokal dengan Revitalisasi Sekolah,republika,0
Mengapa Khawatir dengan Tes Kemampuan Akademik?,republika,1
"Jejak Imam Bukhari: Kejujuran Intelektual, Bersih dari Kepentingan",republika,0
Proses dan Pengaruh Sholat dalam Membentuk Karakter Muslim,republika,0
Soft Skill dan Harapan Baru Pendidikan yang Lebih Manusiawi,republika,0
Seabrek Tantangan Usai Proklamasi Swasembada Beras,republika,0
Venezuela dan Pertaruhan Terakhir Petrodolar Amerika,republika,0
"Setelah Darurat Bencana, Hunian Layak Jangan Hanya Wacana",republika,0
"Revolusi, Kelembagaan, dan Jalan Indonesia Hari Ini Menuju ke Mana?",republika,1
Agresi Militer AS ke Venezuela Langgar Hukum Internasional?,republika,1
Dualisme Hukum Pertanahan dalam Sengketa Tanah Adat Sultan Ground,republika,0
"Zohran Mamdani, Venezuela, dan Ingatan Panjang Kekerasan Amerika",republika,0
Invited Colonialism: Ketika Sejarah VOC Terulang dalam Bencana Sumatera,republika,0
Ratusan Rakaat Sholat Sunnah Pendiri Gontor KH Imam Zarkasyi untuk Amal Fathullah,republika,0
Dari Seruan Moral ke Arsitektur Perubahan: Outlook Muhammadiyah Green Movement 2026,republika,0
"Prof KH Amal Fathullah, Sang Panglima Muadalah Pesantren",republika,0
Gugur di Jalan Amanah: in Memoriam Prof. Dr. KH. Amal Fathullah Zarkasyi,republika,0
"Selamat Jalan Profesor Pertama Gontor, Prof. Dr. KH. Amal Fathullah Zarkasyi, MA",republika,0
"KH Amal Fathullah, Pejuang Pendidikan Pesantren itu Mendahului Kita Semua",republika,0
"'Manifesto Masjid Nabi’, Legasi Kiai Pencetus Revolusi Kemasjidan",republika,0
Shalom! Setahun Prabowo Arungi Politik Internasional,republika,0
100 Hari Prabowo dan Pergeseran Geopolitik Dunia,republika,0
MNC Trijaya 104.6 FM Live Streaming,sindonews,0
Global Radio 88.4 FM Jakarta Live Streaming,sindonews,0
V Radio 106.6 FM Live Streaming,sindonews,0
RDI 97.1 FM Live Streaming,sindonews,0
Proyeksi Ekonomi Indonesia 2026: Mengejar Ambisi 8%,sindonews,0
"Caplok Sana, Rebut Sini! Politik Barbar Trump",sindonews,0
Apa yang Akan Terjadi pada 2026?,sindonews,1
"2025, Tahun Perebutan Supremasi Geopolitik, Siapa Pemenangnya?",sindonews,1
Siapa yang Ikut Bermain pada Perang Kamboja Vs Thailand?,sindonews,1
"Bantuan Subsidi Upah Tahap 1 ke 2,45 Juta Pekerja Sudah Cair! Segera Cek Rekening",sindonews,1
"Harga Emas Antam Melejit, Tembus di Atas Rp2,6 Juta Hari Ini",sindonews,0
6 Fakta Penetapan Gus Yaqut Tersangka Kasus Kuota Haji,sindonews,1
"KPK Gelar OTT di Jakarta, Tangkap Delapan Orang",sindonews,0
Serangan Ukraina Sebabkan 550.000 Orang Tanpa Listrik di Rusia Barat,sindonews,0
"Liam Rosenior Jadi Pelatih Chelsea: Bukan Sombong, Tapi Saya Mahir",sindonews,0
"VIDEO: Eksklusif! Polisi Hentikan Penyelidikan Kasus ADP, Kuasa Hukum Buka Suara",sindonews,0
VIDEO: Keterangan Kejagung Soal Penggeledahan di Kemenhut,sindonews,0
"VIDEO: Beri Bonus, Prabowo Kaget Ada Atlet Boyong 5 Medali Emas",sindonews,0
"VIDEO: Roy Suryo Beberkan 7 Orang Pendukung Jokowi yang Dilaporkan ke Polda Metro Jaya, Siapa Saja?",sindonews,1
BNPB: 14 Kabupaten/Kota Terdampak Bencana di Aceh Beralih ke Transisi Darurat,sindonews,0
"Cuaca Ekstrem Berpotensi Terjadi di Sumatera, BNPB: Waspada Bencana Susulan",sindonews,1
BNPB: Proses Pencarian Korban Banjir di Sumut dan Sumbar Dihentikan,sindonews,0
Pembangunan 7 Jembatan Bailey dan Armco di Sumbar dan Sumut Dikebut,sindonews,0
OTT KPK di Jakarta Terkait Suap Pengurangan Nilai Pajak,sindonews,0
Trump Peringatkan Rusia dan China Dapat Mengambil Alih Greenland jika AS Tak Bertindak,sindonews,0
Tentara Suriah Serang Milisi Kurdi SDF di Sheikh Maqsoud Aleppo,sindonews,0
Anggota Komisi III DPR Sebut Kritik Pandji melalui Mens Rea Hal Wajar,sindonews,0
"Kemendikdasmen Terbitkan Regulasi Baru Lembaga Kursus, Begini Kebijakannya",sindonews,0
Apa Sebenarnya Buraq? Inilah Gambarannya Menurut Hadis,sindonews,1
Trump Tegaskan AS akan Kendalikan 55% Minyak Dunia,sindonews,0
Iran Mencekam! Internet Mati Total di Seluruh Negeri,sindonews,1
KPK Tetapkan Yaqut Cholil Qoumas Tersangka Kasus Kuota Haji,sindonews,0
MPI Persib vs Persija: Macan Kemayoran Tantang Kutukan 15 Tahun di Bandung,sindonews,1
"MPI Jelang Lawan Aaron Chia/Soh Wooi Yik di Semifinal Malaysia Open 2026, Fajar/Fikri Bongkar Cara Hajar Satwiksairaj Rankireddy/Chirag Shetty",sindonews,0
"MPI Saham NSSS Kembali Digembok Usai Reli Panjang, Ini Penjelasan Manajemen",sindonews,0
Presiden HAM PBB: Ujian Moral Indonesia di Panggung Global,sindonews,0
"Gus Yaqut Tersangka Kasus Kuota Haji, Luluk Nur Hamidah PKB Dukung Proses Hukum",sindonews,0
Trump Tegaskan Tidak Butuh Hukum Internasional,sindonews,0
"MPI Dibocorkan FC Dallas, Kiper Timnas Indonesia Maarten Paes Gabung Persib Bandung Hari Ini?",sindonews,1
"MPI Persija Jakarta Tandang ke Markas Persib Bandung, Kukuh Wahyudi: 3 Poin Jadi Target!",sindonews,0
MPI Bocor! John Herdman Segera Dapatkan 1 Pemain Naturalisasi Tambahan untuk Timnas Indonesia,sindonews,1
Topeng Hijau Amerika dan Daya Tarik Venezuela,sindonews,0
"Sebelum Resmi Diluncurkan, 9 Negara ASEAN Sepakat Terima Mata Uang BRICS",sindonews,0
"Mengenal Ptosis, Kondisi Kelopak Mata yang Disindir Dokter Tompi",sindonews,0
Kate Middleton Perkenalkan Pangeran William Tanpa Gelar Kerajaan saat Kunjungan ke Rumah Sakit,sindonews,0
"UU APBN 2026 Tambah Wewenang Menkeu, Purbaya Pegang Peran Strategis Baru",sindonews,0
SINDOgrafis: Deretan Pasal Kontroversial dalam KUHP Baru,sindonews,0
SINDOgrafis: 7 Dosa Kebijakan Nicolas Maduro: Akar Kehancuran Ekonomi dan Sosial Venezuela,sindonews,0
"SINDOgrafis: Delcy Rodriguez, Presiden Sementara Venezuela yang Dijuluki Harimau",sindonews,0
"SINDOgrafis: Cilia Flores, Istri Maduro yang Disebut Otak di Balik Kebijakan Venezuela",sindonews,0
"SINDOgrafis: 5 CEO Terkaya di Jagat Raya, Hartanya Tembus Rp8,2 Kuadriliun",sindonews,0
"Market Value Pemain Timnas Indonesia Jay Idzes Meroket, Tembus Rp196 Miliar",sindonews,0
"Titus The Detective Episode LIGHTS OUT, Minggu 11 Jan 2026 Jam 07.30 Pagi di RCTI",sindonews,0
Trump Tegaskan AS akan Kendalikan 55% Minyak Dunia,sindonews,0
"Pandji Dilaporkan ke Polisi, Gus Ulil: Kita Butuh Banyak Ketawa di Negeri Ini",sindonews,0
Racun Ular Antarkan Yasmin Nadhiva Jadi Lulusan Terbaik S2 IPB University,sindonews,0
Saksikan KIKO Season 4 Eps. GHOST OF NEO ASRI pada Minggu 11 Jan 2026 Jam 08.00 Pagi di RCTI,sindonews,0
"Korlantas Polri Resmi Operasikan ETLE Drone, Jangkau Titik Rawan Pelanggaran",sindonews,0
KPK Dalami Kasus yang Libatkan Ade Kuswara saat Pemeriksaan Mantan Kajari Bekasi,sindonews,0
"Kunjungan Kerja di Turki, Menhan Perkuat Kerja Sama Pertahanan Indonesia–Turki",sindonews,0
ICW dan Kopel Indonesia Sudah Ingatkan Kemendikbudristek soal Laptop Chromebook,sindonews,0
"Sejumlah Akun Medsos Dipolisikan, Ade: Perkuat Dugaan Demokrat Bersama Roy Suryo Cs Jatuhkan Jokowi",sindonews,0
Spanyol Siap Kirim Pasukan ke Ukraina dan Palestina,sindonews,0
FOTO: Pramono Pastikan Puskesmas Perbatasan Layani Warga Sekitar Jakarta,sindonews,0
FOTO: Pengacara Eks Pejabat Pertamina Minta KUHAP Baru Diterapkan dalam Sidang Dugaan Korupsi LNG,sindonews,0
"FOTO: Pemilahan Sampah di SSTBS, Langkah Strategis DKI Atasi Sampah Sungai",sindonews,0
"FOTO: Ditutup Melemah 0,13%, Rupiah Tertekan Bersama Sejumlah Mata Uang Asia",sindonews,0
"Rugikan Negara Rp170 Miliar lewat Faktur Fiktif, DJP Serahkan Tersangka IDP ke Kejaksaan",sindonews,0
Honda CBR250RR 2026 2 Silinder Pede Hadapi Ninja ZX-25R,sindonews,0
MNC Peduli Salurkan Bantuan 10 Ton ke Desa Bengkelang Aceh Tamiang,sindonews,0
Gmail Kini Terintegrasi dengan Gemini lewat Fitur AI Baru,sindonews,0
"Kasus Dengue Melonjak, Kalimantan Utara Mulai Program Vaksin DBD",sindonews,0
"Khamenei Sebut Kerusuhan Bertujuan Menyenangkan Trump, Penguasa Arogan akan Tumbang",sindonews,0
"AS Akan Beli Greenland, Setiap Warganya Diimingi Rp1,6 Miliar",sindonews,0
Firdaus Oiwobo Ungkap Alasan Silfester Matutina Bersembunyi,sindonews,0
"Yamaha Vixion Disuntik Mati, Inilah 4 Generasi Pembunuh Tiger dan MegaPro",sindonews,1
Bea Cukai dan Polri Bongkar Penyelundupan Sabu Modus Telan di Bandara Soetta,sindonews,0
"Jejak Terakhir Pangeran Diponegoro di Tanah Jawa, Tinggal selama 26 Hari di Jakarta",sindonews,0
Kisah Letkol Imam Syafiie Tolak Tawaran Bung Karno Jadi Komandan Cakrabirawa,sindonews,0
Kisah Pertempuran Pasukan Kapten Tubagus Muslihat Pukul Mundur Penjajah Inggris dan Sekutu dari Kota Bogor,sindonews,1
Kisah Moksa Mahapatih Gajah Mada di Air Terjun Madakaripura,sindonews,0
Kisah Asraf dan Adiknya 3 Hari Bertahan di Loteng dari Amukan Banjir Bandang Pidie Jaya,sindonews,0
Kisah Jenderal LB Moerdani Dapat Pujian dari Mantan Presiden Filipina Fidel Ramos,sindonews,0
Teori Pizza Meter Terbukti! Pesanan Pizza Melonjak Tajam di Pentagon saat AS Tangkap Maduro,sindonews,0
"Nabi Gadungan Bikin Panik Warga Satu Negara, Tebar Ketakutan akan Terjadi Banjir Kiamat",sindonews,0
"Bak Memutar Waktu, 7 Penerbangan Ini Lepas Landas 1 Januari 2026 dan Mendarat 31 Desember 2025",sindonews,0
7 Negara Terbaik yang Gelar Pesta Kembang Api Malam Tahun Baru 2026,sindonews,0
Deretan Negara-negara yang Pertama Kali Merayakan Tahun Baru 2026,sindonews,0
"15 Tradisi Unik Merayakan Tahun Baru, Salah Satunya Berkeliling Membawa Koper Kosong",sindonews,0
"Viral dalam Setahun, Elji Arvella Guncang Media Sosial lewat Konten Unik Horor Komedi",sindonews,1
"Inara Rusli Akhirnya Buka Suara soal Jadi Istri Kedua, Ingin Patuhi Syariat Islam",sindonews,1
Polda Metro Jaya Jadwalkan Pemeriksaan Lanjutan Dokter Richard Lee pada 19 Januari 2026,sindonews,0
"Di Balik Perceraian Damai, Nicole Kidman Sempat Tertekan Perjuangkan Hak Asuh Anak",sindonews,0
Pandji Pragiwaksono Ungkap Kondisi Terkini dari New York Usai Dipolisikan Buntut Materi Mens Rea,sindonews,0
Polisi Naikkan Kasus Penyebaran CCTV Adegan Syur Inara Rusli ke Penyidikan,sindonews,0
"Hadapi Laporan dan Tuduhan Pelakor, Inara Rusli Ungkap Alasan Pertahankan Pernikahan Siri",sindonews,0
Resolusi Liburan Tahun Baru Tanpa Khawatir Biaya: Diskon Hotel hingga Rp100.000,sindonews,0
"Rencana Busuk Ten-ten Terkuak, Prom Night Jadi Penentuan Nasib Amelia",sindonews,0
"Prom Night Penuh Intrik, Amelia Diuji oleh Rencana Jahat Ten-ten",sindonews,0
"Bukan Sekadar Baru, Tapi Ada Gairah Baru di RCTI",sindonews,0
"Sinopsis Microdrama Status Palsu, Streaming Episode Lengkap di VISION+",sindonews,0
"RCTI Hadirkan Gebrakan Baru di Awal Tahun, Program terbaru : Microdrama",sindonews,0
"Biodata dan Agama Pandji Pragiwaksono, Komika yang Dilaporkan ke Polisi karena Dugaan Penistaan Agama",sindonews,0
"Fakta-Fakta Mens Rea Pandji Pragiwaksono, Stand Up Kontroversial Berujung Laporan Polisi",sindonews,0
Dokter Kamelia Akui Ammar Zoni Punya Ponsel dalam Penjara: Sudah Jadi Rahasia Umum,sindonews,1
"Pelet Alami dan Ilmu Pengasihan, Penjelasan Ki Reman di Bisikan Gaib",sindonews,0
"Pelet Alami Bukan Ilmu Hitam, Ki Reman Bongkar Rahasia Daya Tarik Batin",sindonews,1
"Jadi Presenter, Lisa BLACKPINK Tampil di Golden Globes! Nonton Streaming di VISION+",sindonews,0
"Sinopsis Sinetron 'Cinta Sepenuh Jiwa' Eps 101: Syifa Takut dengan Julian, Eliza Rencanakan Sesuatu pada Lala",sindonews,0
"Sinopsis Sinetron 'Mencintai Ipar Sendiri' Eps 56: Ayuna Dingin Pada Rafki, Tristan Lanjutkan Selidiki Shilla",sindonews,0
"Jadi Tersangka Kasus Korupsi Kuota Haji, Gus Yaqut Tegaskan Hormati Proses Hukum",sindonews,0
Menko Yusril: Pilkada Langsung maupun lewat DPRD Sama-sama Konstitusional,sindonews,0
HAI Ungkap Peran Polri Sukseskan Program Swasembada Pangan dan MBG,sindonews,0
"Marinus Gea PDIP Soroti Laporan Hukum Pandji: Bukan Demokrasi, tapi Ketakutan",sindonews,0
Jaksa Tanggapi Eksepsi Nadiem: Tidak Perlu Bersusah Cari Simpati dengan Penggiringan Opini,sindonews,0
"20 Kolonel Dimutasi Panglima TNI pada Desember 2025, Ada Ajudan Presiden Prabowo",sindonews,0
"Silfester Matutina Tak Kunjung Dieksekusi, Ahmad Khozinudin: Indikasi Ada Orang Besar",sindonews,0
"Gus Yaqut Tersangka Kasus Kuota Haji, Gus Yahya: Masalah Hukum, Saya Tak Ikut Campur",sindonews,0
"Soal Penahanan Mantan Menag Gus Yaqut, KPK: Secepatnya",sindonews,0
Sekjen ReJo Ungkap 2 Tersangka Kasus Tuduhan Ijazah Palsu Berpelukan dengan Jokowi,sindonews,0
"Gus Yaqut dan Gus Alex Jadi Tersangka Kasus Kuota Haji, Bakal Ditahan?",sindonews,1
Ini Analisis Ilmiah IPB terkait Banjir Bandang di DAS Aek Garoga Sumut,sindonews,0
KPK Sudah Kirim Surat Penetapan Tersangka Kuota Haji ke Gus Yaqut,sindonews,0
Kronologi Kasus Kuota Haji yang Membuat Gus Yaqut Menjadi Tersangka,sindonews,0
Satu Dasawarsa Hari Santri Nasional: Mengawal Janji Pro-Santri Prabowo-Gibran,sindonews,0
Kapal BHO untuk Perkuat Pertahanan Laut,sindonews,0
"Kapal OPV, Bukti Kapasitas Industri Pertahanan Swasta",sindonews,0
FOTO: Pramono Pastikan Puskesmas Perbatasan Layani Warga Sekitar Jakarta,sindonews,0
FOTO: Pengacara Eks Pejabat Pertamina Minta KUHAP Baru Diterapkan dalam Sidang Dugaan Korupsi LNG,sindonews,0
"FOTO: Pemilahan Sampah di SSTBS, Langkah Strategis DKI Atasi Sampah Sungai",sindonews,0
LBH Jakarta Soroti Langkah Polisi Terima Laporan terhadap Pandji Pragiwaksono,sindonews,0
Kuasa Hukum Pertanyakan Penyelidikan Kasus Arya Daru Dihentikan Polda Metro Jaya,sindonews,0
"Dalami Kasus Dugaan Penghasutan Komika Pandji Pragiwaksono, Polisi Kantongi 3 Bukti",sindonews,0
"Operasional Tanjung Priok Tetap Aman Terkendali, Pelindo Pastikan Operasional Pelabuhan Berjalan Normal",sindonews,0
"Tangani Sampah Jakarta, Pramono Bangun PLTSa di 3 Lokasi Ini",sindonews,0
"Dukung Pemulihan Pascabencana Sumatera, Astra Salurkan Tenda hingga Instalasi Air Bersih",sindonews,0
Tim SAR Gabungan Tutup Operasi Pencarian Korban KM Putri Sakinah,sindonews,0
Kogabwilhan III Inisiasi Pemberian Alat Bantu Dengar ke Penyandang Tunarungu,sindonews,0
"Pramono Sebut JPO Sarinah Dibangun Lagi sebagai Alternatif untuk Difabel, Pelican Crossing Tetap Ada",sindonews,0
Gempar! Napi di Lapas Blitar Diduga Dianiaya hingga Koma 3 Hari,sindonews,0
Polda Metro Jaya Bakal Usut Laporan terhadap Komika Pandji Pragiwaksono,sindonews,0
Penyuluh Agama Islam dan Guru Madrasah Berikan Trauma Healing ke Penyintas Banjir di Aceh,sindonews,0
"Jakarta Masih Nihil Kasus Super Flu, Pramono Imbau Warga Vaksinasi demi Pencegahan",sindonews,0
Polda Metro Jaya Bakal Panggil Komika Pandji Pragiwaksono,sindonews,0
Benyamin Davnie: Kami Berpacu dengan Waktu Benahi Sampah Tangsel,sindonews,0
"Warga Aceh Tamiang Mulai Huni Rumah Sementara: Senang Sekali, Terima Kasih",sindonews,0
"ASUS ROG Guncang CES 2026 dengan Laptop Layar Ganda OLED, RTX 5090, dan Hideo Kojima",sindonews,0
Roblox Wajibkan Verifikasi Usia untuk Akses Fitur Obrolan,sindonews,0
Ilmuwan Temukan Jawaban Kenapa Manusia Tidak Punya Ekor,sindonews,0
Dyson Bawa Teknologi Mesin Jet ke Sudut Ruang Tidur,sindonews,0
"Miris, Paspor dan KTP Anda cuma Dihargai Secangkir Kopi di Dark Web",sindonews,1
OpenAI Hadirkan ChatGPT Health untuk Mempermudah Cek Kesehatan Anda,sindonews,1
NVIDIA Siap Kenalkan Kembali GeForce RTX 3060 Akibat Kekurangan RAM,sindonews,0
"Sebelum Ditangkap AS, Maduro Pamer Huawei Mate X6: Klaim Tak Bisa Diretas",sindonews,0
Harga dan Spesifikasi Huawei Mate X6 yang Disebut Maduro Terbaik di Dunia,sindonews,0
Ilmuwan Klaim Sinar dalam Tubuh Manusia Menghilang ketika Sudah Mati,sindonews,0
China Curigai Proses Pembelian Manus oleh Meta,sindonews,0
Dunia Bawah Laut Purba Jadi Kunci Bukti Peradaban Kuno,sindonews,0
WhatsApp Luncurkan Fitur Penanda Nama dan Pengingat Acara di Group,sindonews,0
Iran Mencekam! Internet Mati Total di Seluruh Negeri Seiring Unjuk Rasa Meluas,sindonews,1
KPK Tetapkan Mantan Menag Yaqut Cholil Qoumas Tersangka Kasus Kuota Haji,sindonews,0
"Jejak Terakhir Pangeran Diponegoro di Tanah Jawa, Tinggal selama 26 Hari di Jakarta",sindonews,0
"Hasil Liga Inggris: Arsenal Ditahan Imbang Liverpool, Posisi Puncak Klasemen Terancam",sindonews,0
"Dipecat Manchester United, Ruben Amorim Kantongi Uang Kompensasi Rp200 Miliar",sindonews,0
Jonatan Christie dan Fajar/Fikri Melaju ke Semifinal Malaysia Open 2026,sindonews,0
Jadwal dan Link Streaming Al Kholood vs Al Ittihad di VISION+,sindonews,0
Rizki Juniansyah Kaget dan Terharu Diangkat Jadi Kapten TNI,sindonews,0
Marc Marquez Kembali Mengaspal sejak Cedera di MotoGP Indonesia 2025,sindonews,0
Hasil Malaysia Open 2026: Langkah Putri Kusuma Wardani Dihentikan Wang Zhi Yi,sindonews,0
"Kamerun vs Maroko di Piala Afrika 2025: Jadwal, Jam Tayang, dan Link Live Streaming di VISION+",sindonews,0
"Formula E Mexico City E-Prix 2026 Tayang di VISION+, Catat Jam Tayangnya!",sindonews,0
Jadwal dan Link Streaming Eintracht Frankfurt vs Borussia Dortmund di VISION+,sindonews,0
Hasil Malaysia Open 2026: Ana/Trias Terhenti di Perempat Final,sindonews,0
"Persib vs Persija, Polda Metro Minta Jakmania Tidak Datang ke GBLA",sindonews,0
"10 Prestasi Martina Ayu, Ratu Triathlon Indonesia Pemborong Medali SEA Games 2025",sindonews,0
9 Rekor dan Prestasi Angkat Besi Rizki Juniansyah yang Baru Diangkat Jadi Kapten TNI,sindonews,0
Prabowo Janjikan Bonus Asian Games 2026 Bakal Lebih Tinggi,sindonews,0
Cara Nonton Bayern Munchen vs Wolfsburg Bundesliga 2025/26 di VISION+,sindonews,0
"Diasuh Pelatih Asing, Gresik Phonska Plus Pupuk Indonesia Bidik Prestasi di Proliga 2026",sindonews,0
Evan Soumilena Diprediksi Absen Perkuat Timnas Futsal Indonesia di Piala Asia Futsal 2026,sindonews,0
Pemain Timnas Indonesia Dean James Masuk Daftar Pemain Incaran Ajax Amsterdam,sindonews,0
Bek Timnas Indonesia Asnawi Mangkualam Masuk Daftar Pemain Terbaik Port FC,sindonews,0
BWF Uji Aturan Baru Time Clock 25 Detik di Indonesia Masters 2026,sindonews,0
"Hasil Malaysia Open 2026: Jonatan Christie dan Putri KW ke 16 Besar, Alwi Farhan Tersingkir",sindonews,0
Kisah-kisah Isra Mikraj (5): Rasulullah SAW Diperjalankan dengan Buraq,sindonews,0
Kisah-kisah Isra Mikraj (4): Rasulullah SAW Diperlihatkan Surga dan Neraka serta Para Penghuninya,sindonews,1
Kisah-kisah Isra Mikraj (3) : Pertemuan Nabi Muhammad SAW dengan Para Nabi Sebelumnya,sindonews,0
"6 Tugas Malaikat Jibril, Kaum Muslim Wajib Tahu!",sindonews,1
Potret Para Nabi Saat Bertemu Rasulullah SAW di Lapisan Langit,sindonews,0
"Sebelum Perjalanan Isra Mikraj, Malaikat Jibril Membelah Dada dan Menyucikan Hati Nabi SAW",sindonews,0
Kumpulan Artikel Isra Mikraj Terkini dan Terbaru,sindonews,0
"Kisah Hikmah : Saking Ngerinya Melihat Neraka, Nabi Idris Jatuh Pingsan",sindonews,1
Neraka : Apinya Dinyalakan Setiap 1000 Tahun hingga Hitam dan Gelap,sindonews,1
"Penghuni Neraka Bertingkat-tingkat, Teringan Siksanya Dikenakan Sandal hinggga Otaknya Meledak",sindonews,0
"Ngerinya Neraka, Inilah Gambaran dan Tingkatannya",sindonews,1
Tadabur 10 Ayat Terakhir Surat An-Naziat : Perbedaan Penghuni Surga dan Neraka,sindonews,0
Beginilah Potret Penghuni Surga Berdasarkan Hadis Nabi SAW,sindonews,1
"Gambaran dan 15 Nama Surga Menurut Al Quran, Simak di Sini Saja!",sindonews,1
Inilah Nama Nabi dan Rasul yang Tercantum dalam Al Quran,sindonews,1
"Perbedaan Nabi dan Rasul, Kaum Muslim Wajib Tahu!",sindonews,1
Berapa Jumlah Nabi dan Rasul? Begini Penjelasannya Menurut Hadis,sindonews,0
"Dalam Perjalanan Isra Mikraj, Rasulullah SAW Menjadi Imam Salat Para Nabi",sindonews,0
Inilah Para Nabi dan Rasul yang Bertemu Rasulullah dalam Perjalanan Mikraj,sindonews,1
KH Cholil Nafis Resmi Menjadi Ketua Badan Pengurus DSN-MUI,sindonews,0
Kisah Sahabat Nabi SAW yang Wajahnya Menyerupai Malaikat Jibril,sindonews,0
3 Doa yang Diajarkan Malaikat Jibril untuk Umat Nabi Muhammad,sindonews,0
"Ayat-ayat Al Quran Tentang Malaikat Jibril, Simak Penjelasannya di Sini!",sindonews,1
"Gambaran Wujud Malaikat Jibril, Memiliki 600 Sayap dan Bisa Menyerupai Seseorang",sindonews,0
"Dapat Jatah 2.210 Petugas Haji, Menag Bakal Lobi Arab Saudi untuk Tambah Kuota",sindonews,0
"Biaya Haji 2025 Disetujui DPR-Pemerintah Sebesar Rp89,4 juta, Jamaah Bayar Rp55,4 Juta",sindonews,0
"Kemenag Usul Bipih 2025 Jadi 70%, Jemaah Haji Membayar Rp65 Juta",sindonews,0
VIDEO: Wonderful Indonesia Gourmet,sindonews,0
"FOTO: Sidang Perdana Dakwaan Kasus Chromebook, Nadiem Makarim Hadir di Pengadilan",sindonews,0
VIDEO: Operasi AS: Demi Berantas Narkoba atau Incar Minyak Venezuela?,sindonews,1
VIDEO: Lubang Raksasa Muncul Mendadak di Sawah Warga Sumbar Pascabanjir,sindonews,0
SINDOgrafis: Waspada! Ini Gejala Super Flu yang Masuk ke Indonesia,sindonews,1
SINDOgrafis: 15 Kolonel Pecah Bintang Jadi Brigjen TNI usai Dapat Promosi Jabatan,sindonews,0
FOTO: BKI Awali Bulan K3 Nasional dengan HSE Strategic Briefing 2026,sindonews,0
"FOTO: Pemprov DKI Bongkar 98 Tiang Monorel Mangkrak, Anggaran Rp100 Miliar",sindonews,0
Kawasaki Kenalkan Robot Kuda Berkaki 4 Bisa Berlari Sekencang Motor,sindonews,1
Tren Modifikasi Sultan: Mengubah Kendaraan Niaga Jadi Jet Darat Pribadi,sindonews,0
"Tidak Mudah Penyok, Jetour T2 Raih Peringkat 5 Bintang ASEAN NCAP",sindonews,0
"Nio Siapkan SUV Listrik Terbesar ES9 Panjang 5,37 Meter",sindonews,1
Ketika Ride-Hailing Menjadi Alat Disrupsi EV: Grab Gandeng GAC Sediakan Taksi Listrik,sindonews,0
"Geely Jual 3 Juta Mobil di 2025, Indonesia Sumbang 0,06%",sindonews,0
Dominasi Warna Hitam dan Fitur Baru: Hyundai New Creta Alpha Meluncur Agresif Rp455 Juta,sindonews,0
Toyota Gazoo Racing Resmi Berubah Nama,sindonews,0
Volvo EX60 dengan Baterai AI Bisa Melesat 810 Km DIperkenalkan,sindonews,0
"Nissan Wave, Hatchback Listrik Kecil dengan Sentuhan Retro JDM",sindonews,0
Hyundai Siap Kerahkan Pasukan Tentara Robot di CES 2026,sindonews,0
Sony Akan Mulai Menjual Mobil Listrik Afeela Tahun Ini,sindonews,0
"Tercatat Ada Ribuan Konsumen, RMA Buka Jaringan Dealer Ford di Bekasi",sindonews,0
Mitsubishi Siap Boyong 10 Varian Delica Kustom di Tokyo Auto Salon 2026,sindonews,0
"Yamaha RX Series Bermesin 4 Tak Dirilis, Tampang Jadul Dipertahankan",sindonews,0
"Kamera Mundur Bermasalah, Volkswagen Group Tarik 500.000 Mobil Mewah di AS",sindonews,0
Estafet Kepemimpinan di Tengah Badai Kompetisi: Kenny Lee Resmi Nahkodai Hyundai Motors Indonesia,sindonews,0
BMW iX4 Tes Jalan! Terungkap Desain SUV Coupe Listrik Baru,sindonews,1
Verge Luncurkan Sepeda Motor Listrik Solid-State Pertama di Dunia,sindonews,0
"Mendikdasmen Terbitkan Aturan Manajemen Talenta Murid, Identifikasi Bakat dan Minat Sejak Dini",sindonews,0
Kuliah di Mana Pandji Pragiwaksono? Komika di Balik Kesuksesan Mens Rea,sindonews,0
Benarkah Isi Bensin Siang Hari Lebih Sedikit? Ini Penjelasan Ilmiah Dosen IPB University,sindonews,1
"SMA Kolese De Britto Gelar MPK 2025, Luncurkan Buku Karya Alumni dan Aksi Sosial",sindonews,0
MNC University Luncurkan Program Beasiswa dan Kelas Khusus Atlet,sindonews,0
"10 Prodi dengan Biaya Kuliah Termurah di Unsoed, Referensi SNBP dan SNBT 2026",sindonews,0
"PDSS dan TKA Jadi Syarat Mutlak SNBP 2026, Sekolah Diminta Teliti Isi Data",sindonews,0
"Hingga 2025, Universitas Pradita Cetak 1.300 Lulusan Siap Kerja Berbasis Industri",sindonews,0
"10 Jurusan Termurah di UI untuk SNBP dan SNBT 2026, UKT Mulai Rp500 Ribu",sindonews,0
Jejak Pendidikan Sidharto Reza Suryodipuro yang Resmi Menjabat Presiden Dewan HAM PBB,sindonews,0
Wajib Tahu! Ini Cara Aktivasi ASN Digital dan MFA untuk Mengakses Semua Layanan BKN,sindonews,1
UI Resmi Buka Prodi S1 Kecerdasan Artifisial Mulai Tahun Ajaran 2026/2027,sindonews,0
"Era AI, Sekolah Didorong Bangun Ketangguhan Siswa",sindonews,0
"Beasiswa Ajinomoto 2027 Resmi Dibuka, Kuliah di Jepang Ditanggung Penuh",sindonews,0
"PT Pelni Buka Lowongan Kerja Kelasi hingga Dokter, Batas Usia 45 Tahun",sindonews,1
"Wujudkan Sekolah Aman, Mendikdasmen Deklarasikan Gerakan Rukun Sama Teman",sindonews,0
"Kuota Impor Dipangkas Jadi 30.000 Ton, Pengusaha Daging Protes",sindonews,0
Berita Terkini Dan Informasi Terbaru Hari Ini - SINDOnewsSemua Kanal - 10 Januari 2026,sindonews,0
"Defisit APBN 2025 Melebar Tembus Rp695,1 Triliun, Dekati Batas 3% dari PDB",sindonews,0
"Ngemplang Pajak Triliunan, Purbaya Siap Gerebek Perusahaan Baja Asal China",sindonews,0
MNC Energy Investments Targetkan Seluruh Tambang Raih Proper Biru di 2026,sindonews,0
"Baru Awal 2026, Negara-negara Berkembang Sudah Tarik Utang Rp741 Triliun",sindonews,0
"Bahas Kebijakan Ekonomi Indonesia, Anggawira Hadirkan Dua Buku",sindonews,0
Danantara Bakal Jajaki Peluang Investasi di WEF Davos 2026,sindonews,0
"Puluhan Alat Berat Dikerahkan, Pemulihan Akses Jalan dan Jembatan di Sumatera Dikebut",sindonews,0
"Tutup Akhir Pekan, IHSG Berakhir Ceria ke Level 8.936",sindonews,0
"Modus Love Scam Jerat Warga RI, Korban Rugi Nyaris Rp50 Miliar",sindonews,0
MNC Energy Investments Pastikan Seluruh Operasional Tambang Tak Gunakan Jalan Negara,sindonews,0
Purbaya Ungkap 10 Perusahaan Sawit Manipulasi 50% Ekspor,sindonews,0
"Harga Emas Hari Ini Naik Lagi Rp7 Ribu/Gram, Intip Daftar Lengkapnya per 9 Januari 2026",sindonews,0
MNC Life dan BPD DIY Resmi Teken Kerja Sama Asuransi Jiwa Kredit,sindonews,0
"Baru Awal Tahun 2026, Tambah Satu Lagi Bank Bangkrut di Indonesia",sindonews,0
"Konsumsi BBM Nonsubsidi Pertamina Meningkat, Pertamax Naik 20%",sindonews,0
"144 Pelaku Usaha Jasa Keuangan Kena Semprit OJK di 2025, Ada 40 Dihajar Denda",sindonews,0
"Kinerja Operasional Solid 2025, MNC Energy Investments Siap Akselerasi Produksi di 2026",sindonews,0
"Jumlah Investor Pasar Modal Indonesia Meroket 36,95% di Akhir 2025",sindonews,0
BRI dan Kemenpora Bekali Atlet Berprestasi SEA Games 2025 dengan Literasi dan Edukasi Keuangan,sindonews,0
IHSG Pagi Ini Dibuka Semringah di Level 8.969,sindonews,0
Trump Batalkan Gelombang Kedua Serangan ke Venezuela,sindonews,0
Angkatan Laut Israel Tembak Kapal Perang Mesir yang Memasuki Perairan Gaza,sindonews,0
AS Bebaskan 2 Warga Rusia Awak Kapal Tanker yang Disita,sindonews,0
Berita Terkini Dan Informasi Terbaru Hari Ini,sindonews,0
MPI Mantan Panglima Angkatan Darat Malaysia Ditangkap Dugaan Korupsi Tender Militer,sindonews,0
"Serangan AS terhadap Venezuela Sebenarnya Ditujukan pada China, Ini Penjelasannya",sindonews,0
"Enaknya AS, Jual Minyak Venezuela Tanpa Batas Waktu dan Uangnya Masuk Rekening Amerika",sindonews,0
"Benih Misterius dari China Masuk Texas, AS Peringatkan Ancaman Pertanian",sindonews,0
35.000 Warga Gaza Tuli Total atau Sebagian Akibat Pemboman Brutal Israel,sindonews,0
"Sejarah Ketertarikan Amerika Serikat terhadap Greenland, dari Abad ke-19 hingga Era Trump",sindonews,0
Fatah Murka UNRWA Pecat 575 Karyawan di Gaza,sindonews,0
"Makin Panas, Trump Akan Kenakan Tarif 500% pada Negara-negara Pembeli Minyak Rusia",sindonews,0
"Viral, Wanita Lansia Iran Demo dengan 'Mulut Berdarah': Saya Telah Mati selama 47 Tahun",sindonews,1
"Agen ICE Tembak Mati Wanita AS, Trump Bermusuhan dengan Rakyat Sendiri di Minnneapolis",sindonews,0
Kumpulan Kabar Berita Nasional Terkini Serta Terpopuler,suara,1
Kumpulan Kabar Berita Metropolitan Hari Ini,suara,0
Kumpulan Kabar Berita Internasional Terkini atau Hari Ini,suara,0
"Aksi Ekstrem Pasutri Pakistan di Soetta: Sembunyikan 1,6 Kg Sabu di Lambung dan Usus",suara,0
OJK Blokir 127 Ribu Rekening Terkait Scam Senilai Rp9 Triliun,suara,0
Pandji Pragiwaksono Segera Dipanggil Polisi Terkait Materi Stand Up Comedy Mens Rea,suara,1
"Peta Dukungan Pilkada Lewat DPRD di Senayan, Siapa Ingin Ganti Suara Rakyat?",suara,1
"60 Ton Sampah Menggunung, Pemprov DKI Janji Pasar Induk Kramat Jati Bersih dalam 5 Hari",suara,0
5 Lapangan Padel Hits di Semarang Raya untuk Olahraga Akhir Pekan,suara,0
Kejuaraan Beregu Asia 2026: Indonesia Satu Grup dengan Malaysia,suara,0
Perbandingan Suzuki Ertiga dan Nissan Grand Livina: Duel Low MPV Keluarga 100 Jutaan,suara,0
Link Live Streaming Persebaya vs Malut United: Debut Manis atau Pahit Tavares?,suara,1
Fakta-fakta Kisah Tragis Pernikahan Dini di Pati: Remaja Bercerai Setelah 6 Bulan Menikah,suara,1
"Hasil Bundesliga: Diwarnai Drama 6 Gol, Frankfurt versus Dortmund Berakhir Kecewa",suara,0
"Mesin Diam, Pelajaran Tak Pernah Usai",suara,0
Red Magic 11 Air: Benarkah Hanya Jiplak Konsep iPhone Air atau Justru Monster Gaming yang Menyamar?,suara,1
"Menanti Debut John Herdman, Timnas Indonesia Bakal Kembali ke Masa Emas?",suara,1
"Tak Sekadar Promo, Begini Strategi Ritel Dekat dengan Generasi Muda Lewat Digital",suara,0
"Sinyal Bahaya Demokrasi, Lakso Anindito Sebut KUHP Baru Berpotensi Hidupkan Rezim Otoritarian Orba",suara,1
KPK Sempat Terbelah dan Ragu Jadikan Yaqut Tersangka Korupsi Haji?,suara,1
Lakso Anindito Prediksi Gelombang Praperadilan Koruptor Akibat KUHP Baru,suara,0
"Rumah Yaqut 'Dikepung' Aparat, Tamu Diperiksa Ketat Usai Jadi Tersangka Korupsi Haji",suara,0
"BNI Hadirkan agen46 hingga Pelosok Kota Bima, Perluas Inklusi Keuangan",suara,0
"Swasembada Beras Sudah Sejak 2018, Apa yang Mau Dirayakan?",suara,1
Kemenperin Adopsi Sistem Pendidikan Vokasi Swiss untuk Kembangkan SDM,suara,0
"Dukung Ekonomi Kerakyatan, Bank Mandiri Salurkan KUR Rp 41 Triliun hingga Desember 2025",suara,0
"Realisasi Konsumsi Listrik 2025 Tembus 108,2 Persen dari Target",suara,0
Hasil PSM vs Bali United: Rekor Gol Tercepat Mustafic Warnai Kemenangan Serdadu Tridatu di Parepare,suara,0
"Persija Jakarta Hadirkan Terobosan Baru, Jembatani Sepak Bola dan Literasi Investasi",suara,0
"Latihan Digeruduk The Jakmania Jelang Hadapi Persib, Persija Sambut Positif",suara,0
Kapan Pertandingan Perdana John Herdman Sebagai Pelatih Timnas Indonesia?,suara,1
Lamine Yamal Lampaui Haaland dan Mbappe Jadi Pemain Termahal Sejagat,suara,0
"Datangkan Pemain Jempolan, Kesatria Bengawan Solo Pasang Target Tinggi di IBL 2026",suara,0
Avan Seputra Ingin Bawa Pengalaman Juara di Kesatria Bengawan Solo,suara,0
Presiden Pelita Jaya Jakarta Ungkap Wacana Pembangunan Stadion Sendiri,suara,0
Atlet Lari Indonesia akan TC ke Kenya sebagai Persiapan Asian Games 2026,suara,0
Terpopuler: Warna Lipstik yang Cocok Buat 50 Tahun ke Atas hingga Sampo Penghitam Uban Paling Ampuh,suara,1
"5 Rekomendasi Sepatu Trail Running Lokal: Aman Dipakai Naik Gunung, Keren buat Nongkrong di Cafe",suara,0
Saham Tidur dan Cerita di Baliknya: Pelajaran Investasi untuk Anak Muda,suara,0
Bordir dan Upaya Daur Ulang Pakaian di Tengah Tren Fesyen Berkelanjutan,suara,0
"Kapan Idul Fitri 2026? Cek Jadwal Versi Muhammadiyah, Pemerintah, dan NU",suara,1
"Sosok Dipo, Anak Pandji Pragiwaksono yang Dibully Gegara Materi Mens Rea",suara,1
Mens Rea Pandji Terancam Dihapus? Ini 4 Konten Netflix yang Pernah Di-Takedown Pemerintah,suara,0
"Diterpa Isu Terlantarkan Anak Kandung, Denada Posting Momen Mengharukan",suara,0
"Telan Biaya Rp85 Miliar, Papa Zola The Movie Janjikan Kualitas Visual Sekelas Hollywood",suara,0
"Terpopuler: Harta Yaqut Cholil Meroket Setara McLaren, 5 Mobil Bekas untuk Karyawan UMR",suara,1
TMMIN Nilai Pasar Mobil Indonesia 2026 Belum Jelas,suara,0
Tantangan Pajak Opsen Bayangi Pasar Sepeda Motor 2026,suara,0
Toyota Indonesia: Tarif dan Biaya Logistik Tantangan di 2026,suara,0
5 Mobil Keluarga Harga Rp50 Jutaan untuk Mudik Lebaran 2026,suara,0
"Terpopuler: Sikap Komdigi ke Fitur Grok X, Rekomendasi HP 1 Jutaan Memori Internal 256 GB",suara,1
"28 Kode Redeem FC Mobile Terbaru 10 Januari 2026, Ada 15.000 Gems dan Pemain 111-115",suara,0
"Cara Mengecek HP Disadap atau Tidak, Lakukan Pemeriksaan Ini",suara,1
"2026 Siap Ganti HP? Ini 5 HP Terbaru Harga Rp2 Jutaan, Layar AMOLED Baterai Jumbo",suara,0
"Kesehatan Anak Dimulai Sejak Dini: Gizi, Anemia, dan Masalah Pencernaan Tak Boleh Diabaikan",suara,0
Krisis Senyap Pascabencana: Ribuan Pasien Diabetes di Aceh dan Sumut Terancam Kehilangan Insulin,suara,0
"Fakta Super Flu Ditemukan di Indonesia, Apa Bedanya dengan Flu Biasa?",suara,1
"Soroti Isu Perempuan hingga Diskriminasi, IHDC buat Kajian Soroti Partisipasi Kesehatan Indonesia",suara,0
Mengapa Layanan Wellness dan Preventif Jadi Kunci Hidup Sehat di 2026,suara,0
5 Drama China Tayang Januari 2026 yang Wajib Masuk Watchlist!,suara,0
4 Rekomendasi Sepatu Lari 910 Senyaman Hoka Clifton untuk Long Run,suara,0
"19 Tahun Bekerja Sama, Taeyeon Perbarui Kontrak dengan SM Entertainment",suara,1
"5 Drakor Gumiho Wajib Masuk Watchlist, No Tail to Tell Segera Tayang",suara,1
"Kembali Jadi Kakak Fajar Sadboy di Film, Amanda Manopo: Bisa Diganti Gak Sih?",suara,1
"Perjuangan Ibu Balita Pengidap Penyakit Langka di Karanganyar, Bertahan Hidup dari Live TikTok",suara,0
Duet Lintas Generasi Krisdayanti dan Mahalini di Lagu Mencintaimu: Merinding Parah,suara,0
Transfer BRI Super League: Persis Solo Bawa Pulang Alfriyanto Nico dari Persija,suara,0
Miris! Sopir Truk Kawasan Industri Terboyo Keluhkan Iuran Pemeliharaan Tapi Jalannya Banyak Rompal,suara,1
"Persib Bandung dan APPI Gelar Charity ""Dari Sepak bola untuk Sumatra""",suara,0
"6 Rekomendasi Sabun Mandi Pemutih Badan yang Aman dan Sudah BPOM, Bisa Dipakai Setiap Hari",suara,0
Menguliti Narasi 'Kuliah Itu Scam': Apa Gelar Masih Menjadi Senjata Utama?,suara,1
Bulog Gempur Aceh dengan Tambahan 50.000 Ton Beras: Amankan Pasokan Pasca-Bencana dan Sambut Ramadan,suara,0
Catat! Ini Harga Tiket Nonton Timnas Indonesia pada Piala Asia Futsal 2026,suara,0
"55 Kode Redeem FF Terbaru 10 Januari 2026, Klaim M249 dan Bundle HRK Uniform Gratis",suara,0
"Ukir Sejarah, Lisa BLACKPINK Didapuk sebagai Presenter di Golden Globes",suara,0
"Gaet Anak Muda, Mahsuri Luncurkan Saus Sachet di Kerlap Kerlip Festival 2025",suara,0
"Ogah Damai dengan Inara Rusli, Mawa Minta Polisi Lanjutkan Kasus Perzinaan",suara,0
"Belajar Bahasa Asing Itu Bukan Cuma soal Grammar, tapi soal Rasa",suara,0
Film Caught Stealing: Petaka Maut di Balik Titipan Kucing,suara,0
"Sony dan Honda Pamer SUV Listrik Afeela di CES 2026: Desain Sporty, Bisa Main PS5",suara,0
Menjaga Pesisir Sumbawa Melalui Ekowisata Mangrove Nanga Sira Desa Penyaring,suara,0
Menguji Keseriusan Indonesia Soal Keadilan Ekologis Pasca COP30 Brasil,suara,0
"Dari Sampah hingga AI, Sahya Vidya Nusantara Jadi Ruang Belajar Alternatif di LPB Nasional 2025",suara,0
Polemik Batasan Bias Antara Penyampaian Kritik dan Penghinaan Presiden dalam KUHP Baru,suara,0
"Kala Hakim Anwar Usman Jadi 'Juara' Absen di MK, Sanksi Hanya Sepucuk Surat?",suara,1
"Kala Semangkok Indomie Jadi Simbol Rakyat Miskin, Mengapa Itu Bisa Terjadi?",suara,1
"Fenomena Demam Saham Asuransi Awal 2026, Kesempatan atau Jebakan Bandar?",suara,1
"Registrasi Kartu SIM Berbasis Biometrik, Mengapa Kemkomdigi Tak Boleh Serampangan?",suara,1
"5 Mobil LCGC Penggerak Roda Belakang Terbaik, Paling Stabil dan Irit untuk Keluarga",suara,0
Proyeksi Harga TOBA di Tengah Aksi Buyback 790 Juta Lembar Saham,suara,0
Yamaha Mio vs Honda BeAT Lebih Bagus Mana? Ini Adu Harga dan Spesifikasinya,suara,0
"5 Rekomendasi Motor yang Kuat Bawa Barang Banyak, Cocok Buat Kurir",suara,0
"Elite PBNU Sepakat Damai, Gus Ipul: Di NU Biasa Awalnya Gegeran, Akhirnya Gergeran",suara,1
"Kunardy Darma Lie, Ambisi Membawa KB Bank Jadi 10 Besar di Indonesia",suara,0
"Prodjo Sunarjanto: Peluang Besar Logistik, Mobil Listrik hingga Tantangan dari Gen Z",suara,0
"Rolas Sitinjak: Kriminalisasi Busuk dalam Kasus Tambang Ilegal PT Position, Polisi Pun Jadi Korban",suara,0
"Prabowo Mau Jadi Diktator? Ini Beda Pemimpin Kuat, Otoriter dan Diktator Sejati",suara,0
Mimpi Besar 'Sang Penghibur' Terkubur Geliat Malam Gang Boker Ciracas,suara,0
"SBY dan Hoax Ijazah Jokowi, Manuver Demokrat di Pusaran Politik Digital",suara,0
"Rupiah Terkapar di Level Rp16.819: Kepercayaan Konsumen Lesu, Fundamental Ekonomi Jadi Beban",suara,0
"Emiten Ini Masuk Sektor Tambang, Caplok Aset Mongolia Lewat Rights Issue",suara,0
"Purbaya Merasa ""Tertampar"" Usai Kena Sindir Prabowo",suara,0
"Harga Emas Antam dan Galeri24 Kompak Naik di Atas Rp2,5 Juta per Gram",suara,0
Jembatan Gantung Pulihkan Akses Warga Pascabanjir Bandang di Pidie Jaya,suara,0
"Status Dicabut, Masjid Agung Bandung Tak Lagi Masjid Raya",suara,0
Aksi Buang Sampah Warnai Protes di Kantor Wali Kota Tangsel,suara,0
"5 Sampo Penghitam Rambut di Indomaret, Hempas Uban Cocok untuk Lansia",suara,0
"5 Mobil Kecil Bekas yang Nyaman untuk Lansia, Legroom Lega dan Irit BBM",suara,0
"7 Mobil Bekas untuk Grab, Mulai Rp50 Jutaan: Nyaman, Irit dan Tahan Lama!",suara,0
"5 Mobil Suzuki dengan Pajak Paling Ringan, Aman buat Kantong Pekerja",suara,0
"5 Mobil Bekas Rekomendasi di Bawah 100 Juta: Multiguna dan Irit Bensin, Cocok Buat Anak Muda",suara,0
"5 Sepatu Lari Lokal Terbaik Selevel Saucony, Mulai Rp100 Ribuan",suara,0
"Gaduh di Pulau Dewata: Kriminalitas Turis Asing Meningkat, Apa Solusinya?",suara,1
"Politisi Prancis Menilai Larangan Abaya Bentuk ""Obsesi Menolak Islam""",suara,0
"Hambali, Otak Bom Bali 2002 Pekan Ini Disidang di Kamp Guantanamo",suara,0
"Jos Alberto Mujica Cordano ""Presiden Termiskin di Dunia' Wafat",suara,0
Paus Fransiskus Telah Tiada: Bagaimana Pengaruhnya di Dunia Begitu Luas?,suara,1
Jerit Pelaku UMKM China Imbas Tarif Trump: Kami Kewalahan,suara,0
"Tak Kenal Pelapor, Muhammadiyah Minta Pandji Lebih Cermat dan Cek-Ricek Materi Stand Up",suara,1
"Trump Makin Dar-Der-Dor, Pakar Sebut Tatanan Dunia Terguncang, Picu Aksi Teroris",suara,0
"Kekecewaan Keluarga Diplomat Arya Daru usai Polisi Setop Penyelidikan, Ada Sederet Kejanggalan",suara,0
"Raih 333 Medali di SEA Games 2025, Atlet Indonesia Diperkuat Literasi Keuangan",suara,0
"Waspada Penipuan Menggunakan Suara Soimah, Korban Dijanjikan Hadiah Rp100 Juta",suara,1
"Maling Anjing di Lereng Merapi Sleman Menyerahkan Diri, Kasus Berakhir Damai di Polsek",suara,0
"Tendangan Kungfu Berujung Sanksi Seumur Hidup, KAFI Jogja Pecat Dwi Pilihanto",suara,0
"Senyum Lebar Pariwisata Sleman di Libur Nataru, Uang Rp362 Miliar Berputar dalam Dua Pekan",suara,0
Indonesia Raih Prestasi di SEA Games 2025: BRI Pastikan Penyaluran Bonus Atlet Berjalan Optimal,suara,0
"Jadwal Pencairan Bansos PKH dan BPNT Januari 2026, Cek Penerima dan Nominalnya!",suara,1
"Pengamat Hukum UII: Perbup Hibah Pariwisata Harusnya Diuji Dulu Lewat Judicial Review, Bukan Pidana",suara,0
"Geger! Guru Besar UGM Diancam Telepon Misterius yang Mengaku Polisi, Ini Respon Polresta Yogya",suara,1
Licik! Polisi Ungkap Modus Love Scamming Jaringan Internasional di Sleman,suara,0
"Sebulan Kerja di Kantor Love Scamming, Sumanto Bersyukur Tak Ikut Digerebek",suara,0
"Leptospirosis Marak di Lima Kabupaten, 38 Kematian Terjadi di Jogja",suara,0
7 Fakta Penggerebekan Markas Scammer Jaringan Internasional di Sleman,suara,1
BRI VISA Infinite Tawarkan Kemudahan Transaksi Lintas Negara dan Rewards yang Kompetitif,suara,0
"UMP Minim, Biaya Pendidikan Tinggi, Warga Jogja Hanya jadi Penonton Kemeriahan Pariwisata",suara,0
"Kasus Dugaan Korupsi Eks Bupati Sleman, Pengamat Hukum Sebut Tak Tepat Diproses Pidana",suara,0
"Pasca Euforia Satu Indonesia ke Jogja, Carut Marut Transportasi Jogja Perlu Dibenahi",suara,0
Jadwal KRL Jogja-Solo Periode 6-11 Januari 2026 PP,suara,0
Honda Brio RS vs Suzuki Ignis GX: Siapa yang Paling Layak Dibeli?,suara,1
Anti Galau Mobil Pertama! 4 Mobil Bekas Paling Nyaman dan Bandel di Bawah Rp70 Juta untuk Pemula,suara,0
"Tanpa Kembang Api, Ribuan Orang Rayakan Tahun Baru dengan Doa Bersama di Candi Prambanan",suara,0
Kisah Mahasiswa Yogyakarta: Ubah Hambatan Kerja Paruh Waktu Jadi Peluang Karier,suara,0
"Selamat Tinggal, Rafinha Resmi Tinggalkan PSIM Yogyakarta dan Gabung PSIS Semarang",suara,0
"Jadwal PSIM Yogyakarta vs PSBS Biak Resmi Alami Perubahan, Maju Satu Hari",suara,0
Dua Pemain PSS Sleman U-18 Dapat Kesempatan Latihan bersama Tim Senior,suara,0
"Dirut PSIM Yogyakarta Dapat Kesempatan Belajar di NFL, Satu-satunya dari Indonesia",suara,0
"Sudarsono KH, Salah Satu Pendiri PSS Sleman Tutup Usia",suara,0
"Darurat Judi Online! OJK Blokir 31.382 Rekening Bank, Angka Terus Meroket di Awal 2026",suara,0
Mengenal Simpadampro: Aplikasi Futuristik Damkar Bogor yang Bisa 'Ramal' Kebakaran,suara,0
Kontrak Ratusan Ton Sampah Tangsel ke Cileungsi Terbongkar,suara,1
"Bikin Warga Gatal dan Bau Menyengat, Usaha Limbah B3 di Parungpanjang Disegel Pemkab Bogor",suara,0
"5 Surga Wisata Kuliner Kota Bogor yang Wajib Dicoba, Dari Legendaris hingga Kekinian",suara,0
BRI-Kemenpora Dorong Atlet SEA Games 2025 Jadi Juara di Arena dan Finansial,suara,0
Masjid Raya Bandung Tak Lagi Jadi Aset Pemprov Jabar? Dedi Mulyadi: Tak Boleh Dibiayai APBD,suara,0
Kemenpora dan BRI Salurkan Bonus Atlet yang Sukses di SEA Games 2025,suara,0
Rudy Susmanto Minta Anggaran 2026 Kabupaten Bogor Fokus pada Kesejahteraan Masyarakat,suara,0
"Warisan Utang Rp621 Miliar Hantui Jabar, Dedi Mulyadi Sebut Ruang Fiskal 2026 Terpukul Telak",suara,0
"Densus 88 Temukan 70 Anak Terpapar Konten Kekerasan, Jabar dan Jakarta Jadi Wilayah Terbanyak",suara,0
Pejuang Bekasi dan Depok Merapat! Cek Jadwal KRL ke Jakarta Kamis 8 Januari 2026,suara,1
Kecil-Kecil Cabe Rawit! Ini 3 Wisata Alam Wajib Dikunjungi di Kota Sukabumi untuk Healing Singkat,suara,0
Daftar Lengkap Tokoh Penerima Tanda Kehormatan dari Presiden Prabowo di Panen Raya Karawang,suara,0
BRI Visa Infinite Hadir dengan Desain Baru dan Premium Benefits untuk Nasabah Prioritas,suara,0
"3 Fakta Misteri Dentuman Keras yang Bikin Geger Warga, PVMBG dan BMKG Beda Suara",suara,1
Langit Cianjur Membara! Dentuman Keras dan Kilatan Merah Misterius Bikin Warga Pacet Berhamburan,suara,0
"Kabupaten Bogor Juara 1 Destinasi Wisata Terpopuler Jawa Barat 2025, Ini Rahasianya",suara,1
"Gunung Sanggabuana Jadi Primadona, Kawasan Glamping Karawang Selatan Dongkrak Ekonomi Warga",suara,1
KPK Periksa Saksi Kunci Kasus Suap Bupati Bekasi,suara,0
"Jawa Barat Diguncang 1.242 Gempa Sepanjang 2025, BMKG: Tanah Pasundan Tak Pernah Tidur",suara,0
"Gak Perlu Jauh-Jauh, 5 Spot Wisata Hits di Depok yang Cocok Buat Quality Time Bareng Keluarga",suara,0
4 Surga Wisata Alam di Sukabumi untuk Liburan Keluarga Akhir Tahun yang Memukau,suara,0
Wajib Masuk Bucket List! 4 Wisata Unggulan Bogor Paling Hits untuk Tutup Tahun 2025 dengan Manis,suara,0
5 Spot Wisata Hidden Gem dan Kuliner Viral di Subang untuk Libur Akhir Tahun 2025,suara,1
5 Spot Wisata Hits untuk Libur Sekolah dan Akhir Tahun 2025 di Cianjur,suara,0
"Kolaborasi Perdana di Basket, Extrajoss Ultimate Gandeng Satria Muda Bandung",suara,0
Kursi Panas Timnas Indonesia: Bojan Hodak Jadi Opsi Kuat Pengganti Kluivert,suara,0
"Dua Gol Mulus Bawa Persib Kuasai Asia! Taklukkan Selangor, Jaga Jarak di Puncak ACL 2",suara,0
Sejarah Terukir di Thailand! Persib Pecahkan Dahaga Kemenangan 30 Tahun di AFC Champions League Two,suara,1
"Duel Sengit di Thailand! Persib Turunkan Kekuatan Penuh, Andrew Jung Starter",suara,0
"Ribuan Warga Agam Masih Mengungsi, Dampak Banjir Bandang dan Longsor Belum Tuntas!",suara,0
"CEK FAKTA: Tautan Pendaftaran CPNS Dinas Perhubungan 2026 Viral di Medsos, Benarkah Resmi Dibuka?",suara,1
"Kondisi Nenek Saudah Penolak Tambang di Pasaman yang Dianiaya, Masih Dirawat di RS",suara,0
"Kekayaan Yaqut Cholil Qoumas, Menag Era Jokowi Resmi Tersangka Korupsi Kuota Haji",suara,0
"Perempuan Bandar Sabu di Padang Diringkus Polisi, Sedia Paket Hemat Rp 50 Ribu!",suara,0
"Rekam Jejak Yaqut Cholil Qoumas, Menteri Agama Era Jokowi Tersangka Kasus Kuota Haji",suara,0
"Kak Seto Usul Penampungan Anak Yatim Piatu Korban Banjir Bandang di Sumbar, Termasuk Aceh dan Sumut",suara,0
"24 Konflik Satwa dengan Manusia di Agam Sepanjang 2025, Kasus Harimau Sumatera hingga Beruang",suara,0
"BBM Alat Berat Langka Pasca Tanggap Darurat, Pembersihan Material Bencana di Agam Terkendala!",suara,0
Kak Seto Sambangi Anak Penyintas Banjir di Sumbar: Mereka Perlu Perlakuan Khusus!,suara,0
"Akses Talamau Pasaman Barat Terancam Putus, Jembatan Panjang-Talu Perlu Jalan Alternatif!",suara,0
Benarkah Pemerintah Diskon Listrik Daerah Terdampak Bencana Sumatera? Ini Kata Menteri Bahlil,suara,1
"5 Ciri-Ciri Anak Terpapar Ekstremisme Lewat Komunitas True Crime Community, Ini Penjelasan Densus 88",suara,0
"BNPB Dorong Percepatan Peralihan Huntara ke Huntap Pascabencana Sumbar, Ini Alasannya",suara,1
"933 Kasus Gigitan Rabies Tanah Datar Selama 2025, Hewan Peliharaan Jadi Sorotan",suara,0
"Huntara Korban Bencana Sumbar Dikebut Rampung Jelang Ramadhan, Agam Prioritas Utama",suara,0
"50 Alat Berat Dikebut Normalisasi Sungai di Sumbar, Cegah Banjir Susulan!",suara,0
"Ini Penyebab Sinkhole Limapuluh Kota, Bukan dari Runtuhan Batu Gamping!",suara,0
"Sinkhole di Sawah Limapuluh Kota Keluarkan Air Biru Jernih, Ini Penjelasan Badan Geologi",suara,0
"Cuaca Masih Belum Menentu, Warga Sumbar Tetap Waspada Bencana!",suara,1
5 Tips Menghias Rumah dengan Lampu Natal,suara,1
Galaxy Z Fold7 Wujudkan Semangat Pahlawan Masa Kini,suara,0
"7 Desain Rumah 6x10 Paling Populer, Bikin Hunian Mungil Terlihat Mewah!",suara,1
"Heboh! 5 Link ShopeePay Gratis Tersebar, Kesempatan Dapat Rp2,5 Juta Cuma Sekali Klik",suara,1
"Resep Perkedel Jagung Renyah, Gurih, Camilan Simpel Favorit Keluarga!",suara,0
"Semen Padang FC vs Madura United, Momentum Kabau Sirah Keluar Zona Merah",suara,0
"5 Fakta Kabar Pensiun Cristiano Ronaldo, Piala Dunia 2026 Turnamen Terakhir!",suara,1
"5 Warna Lipstik Terbaik untuk Usia 40-an, Tampil Segar dan Elegan!",suara,0
"Rayakan HUT Lawan Semen Padang FC, Malut United Siapkan Tiket Murah hingga Harga 50 Persen!",suara,0
"Semen Padang FC Optimis Bangkit Usai 5 Kali Kalah Beruntun, Pelatih: Kerja Sudah Maksimal!",suara,0
"Kapal di Karimun Diamankan, Ternyata Bawa Narkoba dan Kayu Tanpa Dokumen",suara,1
Wakil Kepala BGN Ingatkan Pihak Terkait MBG Bekerja Sama dengan Baik,suara,0
BGN Minta Mitra dan Yayasan Peduli Terhadap Siswa-siswi Penerima Manfaat,suara,0
"Pejabat Utama dan Kapolres di Polda Kepri Dimutasi, Berikut Namanya",suara,0
Anggota Polisi di Kepri Jalani Sidang Etik usai Diduga Aniaya Pacar,suara,0
Menu MBG Dirancang Sesuai Angka Kecukupan Gizi Harian Siswa,suara,0
"Wakil Kepala BGN Ingatkan SPPG Daftar SLHS: Tak Lengkap, Saya Suspend!",suara,0
Nanik: Kepala Daerah Jadi Conductor dan Arranger Program MBG,suara,0
Prediksi Jumlah Penumpang di Bandara Hang Nadim Batam selama Nataru,suara,0
Wakil Kepala BGN Wanti-wanti Dapur MBG yang Tak Sesuai Standar,suara,0
Batam Siapkan 30 Dapur MBG untuk Wilayah 3T di Kepri,suara,0
SPPG di Aceh Beralih ke Bahan Baku Lokal dan Briket Batu Bara,suara,0
"Mitra, Yayasan dan SPPG Harus Bekerja Sama Demi Kesuksesan Program MBG",suara,0
"Ratusan SPPG di Aceh Jadi Dapur Umum, Salurkan 562.676 Porsi ke Korban Banjir",suara,0
Ini Dia Rekomendasi 6 Speaker JBL Terbaik di Promo 12.12,suara,1
"Angkat Kearifan Lokal, Menu MBG di Kepri Pakai Makanan Tradisional",suara,0
"Operasi Zebra 2025 di Kepri Optimalkan ETLE, Berikut Deretan Lokasinya",suara,0
"Update Harga Emas Antam Hari Ini, Turun Menjadi Rp2,322 Juta per Gram",suara,0
Pencuri yang Beraksi di 50 Lokasi Dibekuk,suara,0
Adu Kuat Dua Nama Menuju Kursi Ketua DPC NasDem Batam,suara,0
"4 Link DANA Kaget Senin Ceria, Saldo Rp376 Ribu Harus Diklaim Segera!",suara,1
"4 Mobil Bekas untuk PPPK Paruh Waktu: Irit, Modern, dan Tetap Bergaya",suara,0
Philips Pad Air Terungkap: Tablet dengan Baterai 7.000 mAh,suara,1
"Membuka Warung Sembako dengan Modal Rp 5 Juta, Ini Barang yang Wajib Ada",suara,0
Resep Donat Kentang Super Empuk dan Lembut: Camilan Manis Favorit Semua Usia,suara,0
"16 Atlet Muaythai Batam Bertarung di Vitka Gym, Ajang Pemanasan Menuju Porkot 2024",suara,0
Menuju UCI! 300 Atlet Bersaing di Kejurnas Balap Sepeda 2024 di Batam,suara,0
Bocah Pecinta Sepak Bola dari Batam Dampingi Justin Hubner di Laga Timnas vs Filipina,suara,0
"Disiram Air Keras, Bintang Sepak Bola Malaysia Berharap Pelaku Ditangkap!",suara,0
Atlet Silat Kepri Raih Tiga Medali di Kejurnas Banjarbaru,suara,0
"7 Fakta Mengerikan Ayah di Pringsewu Rudapaksa Anak Tiri Selama 7 Tahun, Korban Sejak Kelas 5 SD",suara,1
Cek Fakta: Benarkah Kejagung Tetapkan Luhut Jadi Tersangka Korupsi Lahan Batu Bara,suara,1
"Heboh di Indekos Lampung, Pegawai Bank BUMN Dianiaya Hanya Gegara Speaker",suara,1
"Cek Fakta: TNI Tangkap Anggota KKB dan WNA Saat Operasi Penyisiran, Ini Faktanya!",suara,1
Liburan Jadi Mimpi Buruk: 7 Fakta Pria Asal Lampung Utara Hanyut di Pantai Pesisir Barat,suara,1
"Cek Fakta: Hoaks! Tautan Pendaftaran Bantuan PKH 2026 Rp900 Ribu dari Kemensos, Ini Bahayanya",suara,1
7 Promo Indomaret untuk Belanja Camilan dan Minuman Lebih Hemat di Awal Tahun 2026,suara,0
"7 Promo Tambah Daya PLN untuk Rumah Tangga dan UMKM, Diskon 50% Awal 2026",suara,0
5 Fakta Terbaru Kasus SPAM Pesawaran: Pemeriksaan Anggota DPR sampai Sita Aset Miliaran,suara,1
Pantai Tanjung Setia untuk Berburu Ombak Kelas Dunia di Pesisir Barat Lampung,suara,0
5 Kedai Kopi Lokal Terbaik di Bandar Lampung untuk Menikmati Juara Kopi Lampung,suara,0
5 Menu Sarapan Khas di Bandar Lampung untuk Awali Hari dengan Rasa Juara,suara,0
"15 Promo Permen & Cokelat Alfamart untuk Stok Camilan Awal Tahun, Harga Mulai Rp3.900",suara,0
Kronologi Pengusaha Nasi Kuning Setubuhi Karyawan: Saya Disuruh Istri,suara,0
Kaldera Lampung 2026: Daftar Event dan Festival Budaya di Lampung Sepanjang Tahun,suara,0
"6 Fakta Minibus Tabrak Tiang Listrik, Polisi Muda Tewas di Bandar Lampung",suara,1
3 Rumah Makan Seruit Paling Nampol di Bandar Lampung untuk Pecinta Pedas,suara,0
"Cek Fakta: Viral Video Polisi Tilang Iring-iringan Pengantar Jenazah, Ini Faktanya!",suara,1
7 Promo Frozen Food untuk Stok Makan Praktis Keluarga Selama Libur Tahun Baru,suara,0
3 Lokasi Pemandian Air Panas di Kaki Gunung Rajabasa untuk Wisata Relaksasi di Lampung,suara,0
Libur Tahun Baru Tanpa Uang Tunai: 7 Kartu Kredit yang Kerap Punya Promo Traveling,suara,0
7 Air Terjun Tertinggi dan Paling Megah di Lampung untuk Liburan Petualangan,suara,0
"7 Paylater Bunga 0 Persen untuk Belanja Akhir Tahun, Diskon Jalan Dompet Tetap Aman",suara,0
"Cuci Gudang Elektronik Akhir Tahun! Electronic City & Best Denki Diskon TV, Kulkas hingga AC",suara,0
"Diam-Diam Turun Harga, Promo Susu & Perlengkapan Balita di Indomaret Jelang Tahun Baru",suara,0
Drama Penangkapan Pasutri 'Manusia Kapsul' Pembawa Sabu di Bandara Soetta,suara,0
"Tanggapi Penolakan Sampah Tangsel, Sekda Banten: Kota Serang Harus Diskusi dengan Warga",suara,0
4 Spot Wisata Kuliner Hits di Tangsel yang Wajib Kamu Coba Akhir Pekan Ini,suara,0
Pemkot Cilegon Didesak Bentuk Tim Khusus Penanganan Banjir,suara,0
Bogor dan Serang Kompak 'Tutup Pintu' untuk Sampah Kiriman Tangsel,suara,0
Awal Tahun yang Kelam bagi Kades Sidamukti: Jadi Tersangka Korupsi Usai Tilap Uang Negara Rp500 Juta,suara,0
"Khianati Kepercayaan Majikan, ART Asal Lampung Nekat Culik Bayi Demi Tebusan Hutang",suara,0
Kawasan Baduy Dalam Ditutup untuk Wisatawan Selama 3 Bulan Mulai 20 Januari 2026,suara,1
"Hanya 4 Menit Sampai Rumah, Politisi PKS Cilegon Tak Sangka Panggilan Video Jadi Kabar Duka Anaknya",suara,1
"TPAS Cilowong Tutup buat Tangsel, Tapi Aman buat Pemkab Serang; Ada Apa dengan Sampah Tetangga?",suara,1
Bakar Sampah Sembarangan di Tangsel Bisa Masuk Penjara? Ini Penjelasannya,suara,0
GMNI Tangerang Tolak Keras Wacana Pilkada Dipilih DPRD: Rakyat Bukan Penonton,suara,0
Jadwal KRL Rangkasbitung-Tanah Abang Kamis 8 Januari 2026,suara,0
Jerat Kripto dan Utang Kalangan Pekerja di Balik Kasus Sadis Pembunuhan Anak Politisi PKS,suara,0
"Punya Nasab Kuat dan Peduli Umat, KH Asep Saefudin Chalim Didorong Jadi Rais 'Aam PBNU",suara,0
"4 Fakta Panas Polemik Sampah Serang-Tangsel, Dari Spanduk Menohok Hingga Angka Fantastis",suara,1
Ratusan Warga Serang Tolak Jadi 'Tempat Sampah' Kota Tangsel,suara,0
Tim Forensik Ungkap Penyebab Kematian Anak Politikus PKS: Ada Dua Luka Tusuk Fatal,suara,0
"Kalah Judi Kripto hingga Terlilit Utang Ratusan Juta, Alasan HA Tega Bunuh Anak Politikus PKS",suara,0
Motif Pelaku Tega Habisi Nyawa Bocah 9 Tahun di Cilegon: Berawal dari Bel Rumah yang Tak Terjawab,suara,1
Ini 3 Wisata Alam Paling Hits di Pandeglang yang Wajib Masuk Bucket List Kamu,suara,0
"Sihir Niskala Hipnotis Ribuan Warga, Padukan Karinding dan Musik Kekinian",suara,0
Destinasi Wisata Religi Terpopuler di Banten untuk Awali Tahun 2026 dengan Berkah,suara,1
Melipir ke Cipanas Lebak! Ini 3 Hidden Gem Wisata Alam untuk Liburan Akhir Tahun 2025,suara,0
Gak Perlu Jauh ke Bali! Ini 4 Wisata Paling Hits di Serang Banten Buat Tutup Tahun 2025,suara,0
Persita Tangerang vs Bali United: Pena Ungkap Strategi Jitu,suara,0
"Persita Menggila! Bantai PSIM 4-0, Raih Kemenangan Ke-5 Beruntun",suara,1
"Rahasia 4 Kemenangan Beruntun Persita: Bukan Soal Pemain Inti, Tapi...",suara,1
Persita Gebrak Super League! Empat Kemenangan Beruntun Bawa Pendekar Cisadane ke Peringkat 2,suara,0
"Duo Asing Moncer, Dewa United Bungkam Arema FC di Kanjuruhan",suara,0
,suara,0
Misteri di Balik Lampu Jalan yang Selalu Menyala Sendiri,suara,0
"Educatopia Expo 2026 Hadir di Mojokerto, Jadi Ruang Eksplorasi Pendidikan dan Minat Generasi Muda",suara,0
"Ridwan Kamil dan Atalia Praratya Resmi Bercerai, Tak Ada Masalah Gono-Gini?",suara,1
"Pemulihan Infrastruktur Sukses, Senyum Aceh Balik Kembali",suara,0
4 Sunscreen Bisabolol untuk Redakan Kemerahan dan Iritasi Akibat Sinar UV,suara,0
Puisi Alwan Abdulhadi: Le Pari hingga M’Isolo E Vivo,tempo,0
Tawa-Duka Para Komika,tempo,0
Balada Suara Hannah Vogel,tempo,0
Banjir Bandang Terjang Desa Wisata di Lereng Muria,tempo,0
Polisi Tangkap Komplotan Geng Penganiaya Warga Gresik,tempo,0
Pemerintah Benahi DAS Ciliwung untuk Antisipasi Banjir,tempo,0
"Prancis Tunda KTT G7, Hindari Bentrok dengan Ultah Trump",tempo,0
Peta Bisnis FMCG Setelah Unilever Menjual Sariwangi,tempo,0
Sampai Kapan Manchester United Gonta-ganti Pelatih,tempo,0
Bisakah Indonesia Memanfaatkan Hidrogen Hijau?,tempo,1
Kucing Belang Ditunjuk sebagai Kepala Stasiun di Jepang,tempo,0
Penghormatan Terakhir bagi Korban Hilang KM Putri Sakinah,tempo,0
Alasan Mahfud Md Bilang Pandji Pragiwaksono Tak Bisa Dihukum,tempo,0
Budaya Patriarki Istilah Pelakor,tempo,0
"Jadwal Semifinal Malaysia Open 2026, 2 Wakil Indonesia Main",tempo,0
Polisi Mulai Menyidik Kasus Penyebaran CCTV Inara Rusli,tempo,0
"IHSG Menguat 2,16 Persen Pekan Ini Usai Tembus Level 9.000",tempo,0
2026: Tahun Pertaruhan Prabowo,tempo,0
Orde Baru Bangkit dari Kubur,tempo,0
"Taman Nasional Komodo, Destinasi Terbaik Dunia Versi BBC",tempo,0
KPK Perpanjang Penahanan Bupati Bekasi Nonaktif,tempo,0
Film Tema Perselingkuhan Masih Dominan di Awal 2026,tempo,0
Suka Duka Tawa dalam Layar Skena Komika,tempo,0
Mengapa Banyak Perusahaan Keluar dari Bursa Efek Indonesia,tempo,0
"Rekomendasi Eyeshadow Under Rp 100 Ribu, Warnanya Juara dan Ramah di Kantong",tempo,0
Pertamina CEO Discusses Merger Incentives with Purbaya,tempo,0
Greenland dan Normalisasi Ancaman dalam Geopolitik Kutub Utara,tempo,0
Kerbau Kalang Bisa Berenang Sejauh 15 Kilometer,tempo,0
Jika Tes Kemampuan Akademik Jadi Syarat SNBP 2026,tempo,0
Mengapa Anak Mudah Terpapar Paham Ekstremisme,tempo,0
Marcella Santoso Sudutkan Kejaksaan Lewat Grup Signal,tempo,0
Korban Banjir Pidie Jaya Terima Dana Tunggu Hunian Rp600 ribu,tempo,0
Penyebab Harga Beras Naik Walau Ada Klaim Swasembada,tempo,0
Alasan DKI Jakarta Tunda Penyesuaian Tarif Transjakarta,tempo,0
Penjualan Mobil Sepanjang 2025 Capai 803 Ribu Unit,tempo,0
Pertamina: 151 SPBU di Aceh Sudah Beroperasi Normal,tempo,0
Keliru: Virus Superflu Lebih Parah daripada Covid-19,tempo,0
Perairan Wetar Barat Jadi Kawasan Konservasi Laut Terbaru,tempo,1
Guyuran Hujan Ekstrem Picu Banjir Halmahera. Apa Pemicunya?,tempo,1
BMKG: Malut dan Sumbar Masih Harus Siaga Hujan Lebat,tempo,0
DJ Donny: Saya Mengkritik Pemerintah Berdasarkan Fakta,tempo,0
Teror Menguat di Media Sosial,tempo,0
"Ini Bukti Olahraga AtasiDepresi, Setara Terapi dan Obat",tempo,0
Astronom Temukan Gugus Galaksi Terawal dan Terpanas di Alam,tempo,1
Buruk Rupa Tata Kelola MBG,tempo,0
Waswas Perlindungan Data Pribadi,tempo,0
Keliru: Video Menteri Keuangan Purbaya Bagi-bagi Uang Rp50 Juta,tempo,0
Keliru: Foto Presiden Venezuela Berbaju Loreng dan Diborgol,tempo,0
Tameng Penguasa yang Mudah Tersinggung,tempo,0
Mengapa Kapal Wisata Labuan Bajo Kerap Kecelakaan,tempo,0
Menara Buku Unik yang Jadi Atraksi Wisata Ramai di Praha,tempo,0
Perbandingan Invasi Trump ke Venezuela dan Putin ke Ukraina,tempo,0
Trump: Saya Tak Butuh Hukum Internasional!,tempo,0
Hubungan Panjang Seni Rupa Indonesia dan Belanda,tempo,0
Marquez Bersaudara Rayakan Kesuksesan di Kampung Halaman,tempo,0
Veda Ega Pratama Promosi ke Moto3,tempo,0
Mengapa Atlet Indonesia Bagus Setelah Latihan di Luar Negeri,tempo,0
Hasil Proliga: Pertamina Enduro Kalahkan Electric PLN 3-2,tempo,0
Prediksi Persebaya Surabaya vs Malut United di Super League,tempo,0
Maroko dan Senegal Lolos ke Semifinal Piala Afrika 2025,tempo,0
"Baru Meluncur, ChatGPT Health Sudah Digunakan 230 Juta Orang",tempo,0
Ganjalan Motorola Bila Ingin Ikut Garap Ponsel Lipat Fold,tempo,0
Kapal Wisata Dilarang Berlayar Malam Hari di TN Komodo,tempo,0
Manajemen Bandara Palembang Bicara soal Pramugari Gadungan,tempo,0
PERUMDAM TKR Tangerang Serahkan Sambungan Langganan,tempo,0
Perayaan Tahun Baru 2026 Bertema Retro di eL Hotel Bandung,tempo,0
Ketika Wardiman Mengenang Kontroversi Kebijakan Link and Match,tempo,0
Bondan Kanumoyoso Mengenang Gus Dur,tempo,0
"Yaqut Ditetapkan Tersangka, PBNU: Tindakan Individu",tempo,0
Relawan Ungkap Momen Pertemuan Eggi Sudjana dan Jokowi,tempo,0
Kata Pandji Pragiwaksono Setelah Dilaporkan ke Polisi,tempo,0
Sejumlah Fakta Pelaporan Pandji Pragiwaksono ke Polisi,tempo,0
"Dalam KUHP Baru, Pelaku Nikah Siri Bisa Masuk Penjara",tempo,0
Top 5: Pandji Dilaporkan ke Polisi hingga Relokasi SPPG,tempo,1
"Kasus Superflu, Peneliti UGM: Bisa Fatal bagi yang Rentan",tempo,0
Bagaimana Sebaiknya Menangani Infeksi Superflu,tempo,0
Anak-anak Korban Bencana di Aceh Dapat Layanan Psikososial,tempo,0
BPOM Catat 17 Kejadian Luar Biasa Kasus Keracunan MBG sejak Januari,tempo,1
"Militer Jaga Kejaksaan, TNI AD: Kerja Sama Pengamanan Rutin",tempo,0
"Komisi II DPR Setuju Retret Sekda, tapi Tak Perlu Berhari-hari",tempo,0
"Di Ijazah UGM Pakai Kacamata, Jokowi Klaim Dulu Matanya Minus dan Kacamata Pecah",tempo,0
MBG untuk Lansia hingga Disabilitas Perlu Perhatian Khusus,tempo,0
Save The Children Ungkap Kondisi Anak-anak Pasca-Bencana,tempo,0
Megawati Akan Buka HUT Ke-53 dan Rakernas PDIP,tempo,0
Cara Mudah Lulus SNBP Menurut Kementerian Pendidikan,tempo,0
Tokio Marine dan Lazismu Berikan Beasiswa Sang Surya 2025 untuk Mahasiswa Politeknik Tempo,tempo,0
Kontroversi Jakarta sebagai Daerah Khusus,tempo,0
100 Tahun Ahmadiyah di Antara Kita,tempo,1
Penelitian Teknologi Penglihatan dengan AI Meningkat,tempo,1
Tempo Raih AMSI Awards 2024 Lewat Inovasi Jangkau Audiens,tempo,0
What to Do in Jakarta This Weekend: Art Exhibitions and Culinary Festival,tempo,0
What to Know About Prague Library's Iconic Book Tower,tempo,0
"Indonesia Records Over 803,000 Cars Sold in 2025",tempo,0
The Government's Carbon Trading Euphoria,tempo,0
US Pledges $45M for Thailand-Cambodia Border Stability,tempo,0
"BNPB: Sumatra Disaster Fatalities Climb to 1,182",tempo,0
Dos and Don'ts in New York City: What Locals Wish You Knew,tempo,0
3 Missing in Australia as 'Catastrophic' Bushfires Rage,tempo,0
Komodo Park Reopens Tourist Cruises with Nighttime Ban,tempo,0
"Edisi : Senin, 5 Januari 2026",tempo,0
"Edisi : Senin, 29 Desember 2025",tempo,0
"Edisi : Senin, 22 Desember 2025",tempo,0
"Edisi : Senin, 15 Desember 2025",tempo,0
Edisi Mingguan Tempo Terbaru,tempo,0
"Edisi harian Tempo Sastra Lingkungan Masuk Sekolah, 10 Januari 2026",tempo,0
"Trump Says US Will Take Greenland the ""Easy Way or Hard Way""",tempo,0
Constitutional Court Hears Challenge to Indonesia's Interfaith Marriage Ban,tempo,0
Indonesia's Fintech Lending Reaches Rp94.85 Trillion as Default Rate Rises,tempo,0
Today's Top 3 News: Indonesian Police: Grok AI Photo Manipulation Could Be Criminally Punishable,tempo,1
Indonesia Grants Rp1bn Bonus to SEA Games Gold Medalists,tempo,0
"Inside Ruben Amorim's Net Worth: Salary, Severance, and a High-Stakes Coaching Career",tempo,0
Indonesia Among World's Best Nominees at Futsal Awards 2025,tempo,0
John Herdman Officially Appointed Coach of Indonesia's National and U-23 Teams,tempo,0
Anthony Joshua Discharged from Hospital After Nigeria Crash,tempo,0
BMKG Issues Heavy Rain Alert for North Maluku and West Sumatra,tempo,0
Hospital in Bandung Prepares Isolation Rooms for Super Flu Patients,tempo,0
How Has ChatGPT Health Gained 230 Million Users Shortly After Launch?,tempo,1
Light Rain Expected Across Greater Jakarta Today,tempo,0
January Night Sky Events: What to Watch and How to See Them,tempo,0
Malaysia Starts Enforcing Penalties for Littering,tempo,0
Why Indonesian Tourists Flock to Dubai,tempo,0
Today's Top 3 News: Doraemon Bids Farewell to Indonesian TV Channel,tempo,1
"Batman Part 2: Sebastian Stan Joins the Cast, Who is He Playing?",tempo,1
Visitors' Guide to Do's and Don'ts in Hong Kong for Hassle-Free Trip,tempo,0
Disney Confirms Teagan Croft and Milo Manheim for Live-Action 'Tangled',tempo,0
The Impact of US Withdrawal from Global Climate Pacts,tempo,0
BMKG Warns of 6-Meter Waves in Indonesian Waters Due to Cyclone Jenna,tempo,0
Indonesia Welcomes Its First Panda Cub Born at Taman Safari,tempo,0
BMKG Warns of High Waves in Indonesian Waters Due to Cyclone Jenna,tempo,0
"Another Earthquake Hits Aceh's Bener Meriah Region, BMKG Reports",tempo,0
BNPB Updates Progress of Post-Disaster Aceh Road and Bridge Repairs,tempo,0
Tropical Cyclone Iggy Brings Heavy Rain to Java as It Moves Away from Indonesia,tempo,0
Strict Climate Policies May Weakening Public Environmental Motivation,tempo,0
Volcanic Activity Level Raised for Mount Burni Telong as Aceh Hit with Tremors,tempo,0
NU Leadership Denies Involvement in Report Against Comedian Pandji Pragiwaksono,tempo,0
Key Concerns After One Year of Indonesia's Free Nutritious Meals Program,tempo,0
Indonesia Elected President of UN Human Rights Council for 2026,tempo,0
China-Japan Rift Deepens Over Dual-Use Goods Export Ban,tempo,0
UN Chief Expresses Regret Over US Withdrawal From Several UN Entities,tempo,0
"Top 10 Countries with Largest Oil Reserves: Venezuela, Saudi Arabia, and More",tempo,1
Why Russia Has Kept Quiet over Maduro's Ouster in Venezuela,tempo,0
"Letter From The Editor, edisi : TE2622 - State of Repression",tempo,0
"Opinion, edisi : TE2622 - State of Repression",tempo,0
"National, edisi : TE2622 - State of Repression",tempo,0
"Economy, edisi : TE2622 - State of Repression",tempo,0
"Law, edisi : TE2622 - State of Repression",tempo,0
"Interview, edisi : TE2622 - State of Repression",tempo,0
"Environment, edisi : TE2622 - State of Repression",tempo,0
"Profile, edisi : TE2622 - State of Repression",tempo,0
"Letters, edisi : TE2622 - State of Repression",tempo,0
"Cartoon, edisi : TE2622 - State of Repression",tempo,0
"Marginalia, edisi : TE2622 - State of Repression",tempo,0
"Opinion, edisi : TE2621 - The Youth Movement",tempo,0
"Special Edition, edisi : TE2621 - The Youth Movement",tempo,0
"Kaleidoscope, edisi : TE2621 - The Youth Movement",tempo,0
"Interview, edisi : TE2621 - The Youth Movement",tempo,0
"Letters, edisi : TE2621 - The Youth Movement",tempo,0
"Cartoon, edisi : TE2621 - The Youth Movement",tempo,0
"Marginalia, edisi : TE2621 - The Youth Movement",tempo,0
"Letter From The Editor, edisi : TE2620 - Unfinished Justice",tempo,0
"Opinion, edisi : TE2620 - Unfinished Justice",tempo,0
"Cover Story, edisi : TE2620 - Unfinished Justice",tempo,0
"Economy, edisi : TE2620 - Unfinished Justice",tempo,0
"Market Pulse, edisi : TE2620 - Unfinished Justice",tempo,0
"Law, edisi : TE2620 - Unfinished Justice",tempo,0
"Interview, edisi : TE2620 - Unfinished Justice",tempo,0
"Environment, edisi : TE2620 - Unfinished Justice",tempo,0
"Letters, edisi : TE2620 - Unfinished Justice",tempo,0
"Cartoon, edisi : TE2620 - Unfinished Justice",tempo,0
"Marginalia, edisi : TE2620 - Unfinished Justice",tempo,0
"Letter From The Editor, edisi : TE2619 - The Leisure Economy",tempo,0
"Opinion, edisi : TE2619 - The Leisure Economy",tempo,0
"Cover Story, edisi : TE2619 - The Leisure Economy",tempo,0
"Market Pulse, edisi : TE2619 - The Leisure Economy",tempo,0
"National, edisi : TE2619 - The Leisure Economy",tempo,0
"Law, edisi : TE2619 - The Leisure Economy",tempo,0
"Interview, edisi : TE2619 - The Leisure Economy",tempo,0
"Science & Technology, edisi : TE2619 - The Leisure Economy",tempo,0
"Letters, edisi : TE2619 - The Leisure Economy",tempo,0
"Cartoon, edisi : TE2619 - The Leisure Economy",tempo,0
"Marginalia, edisi : TE2619 - The Leisure Economy",tempo,0
"Edisi : Senin, 8 Desember 2025",tempo,0
"Letter From The Editor, edisi : TE2618 - Emergency Ignored",tempo,0
"Opinion, edisi : TE2618 - Emergency Ignored",tempo,0
"Cover Story, edisi : TE2618 - Emergency Ignored",tempo,0
"Economy, edisi : TE2618 - Emergency Ignored",tempo,0
"Market Pulse, edisi : TE2618 - Emergency Ignored",tempo,0
"Law, edisi : TE2618 - Emergency Ignored",tempo,0
"Interview, edisi : TE2618 - Emergency Ignored",tempo,0
"Environment, edisi : TE2618 - Emergency Ignored",tempo,0
"Letters, edisi : TE2618 - Emergency Ignored",tempo,0
"Cartoon, edisi : TE2618 - Emergency Ignored",tempo,0
"Marginalia, edisi : TE2618 - Emergency Ignored",tempo,0
"Edisi : Senin, 1 Desember 2025",tempo,0
"Letter From The Editor, edisi : TE2617 - The Mining Rift",tempo,0
"Opinion, edisi : TE2617 - The Mining Rift",tempo,0
"Cover Story, edisi : TE2617 - The Mining Rift",tempo,0
"Economy, edisi : TE2617 - The Mining Rift",tempo,0
"Market Pulse, edisi : TE2617 - The Mining Rift",tempo,0
"Law, edisi : TE2617 - The Mining Rift",tempo,0
"Interview, edisi : TE2617 - The Mining Rift",tempo,0
"Environment, edisi : TE2617 - The Mining Rift",tempo,0
"Letters, edisi : TE2617 - The Mining Rift",tempo,0
"Cartoon, edisi : TE2617 - The Mining Rift",tempo,0
"Marginalia, edisi : TE2617 - The Mining Rift",tempo,0
"Edisi : Senin, 24 November 2025",tempo,0
"Letter From The Editor, edisi : TE2616 - Rewriting Power",tempo,0
"Opinion, edisi : TE2616 - Rewriting Power",tempo,0
"Cover Story, edisi : TE2616 - Rewriting Power",tempo,0
"Economy, edisi : TE2616 - Rewriting Power",tempo,0
"Market Pulse, edisi : TE2616 - Rewriting Power",tempo,0
"Law, edisi : TE2616 - Rewriting Power",tempo,0
"Interview, edisi : TE2616 - Rewriting Power",tempo,0
"Environment, edisi : TE2616 - Rewriting Power",tempo,0
"Letters, edisi : TE2616 - Rewriting Power",tempo,0
"Cartoon, edisi : TE2616 - Rewriting Power",tempo,0
"Marginalia, edisi : TE2616 - Rewriting Power",tempo,0
Kredit Macet Pinjaman Online Melonjak,tempo,0
Peluang Bisnis Makanan dan Minuman di Tengah Tekanan,tempo,0
Kuota Impor Daging untuk Swasta Dipangkas jadi 30 Ribu Ton,tempo,0
"Bos Bulog Soal Stok Beras 3,35 Juta Ton: Siap untuk Lebaran",tempo,0
KRL Surabaya-Probolinggo Ditargetkan Sebelum Lebaran,tempo,0
OJK Terbitkan Izin Bursa Kripto Baru ICEX,tempo,0
Mampukah Koperasi Merah Putih Mengelola PLTS Perdesaan,tempo,0
Di Balik Rencana Pertamina Menggabungkan Tiga Anak Usaha,tempo,0
Uji Fakta Beras Impor Ilegal di Batam,tempo,0
"Jalur Langkat-Aceh Tamiang Dibuka, Kereta Api Kembali Normal",tempo,0
Bos Pertamina Temui Purbaya Bahas Insentif Merger Anak Usaha,tempo,0
Danantara Siapkan Sejumlah Pertemuan Bilateral di WEF 2026,tempo,0
"Bank Mandiri Salurkan KUR Rp 40,99 T hingga Desember 2025",tempo,0
Pertumbuhan yang Terasa Jauh dari Realitas,tempo,0
Pemerintah Besar Menguji Pasar,tempo,0
Bagaimana BUMN Berupaya Mengurangi Emisi Karbon,tempo,0
5 Perusahaan Raih Lencana Verified dalam INSTAR 2025,tempo,0
Demokrasi tanpa Makna dalam Pilkada Tak Langsung,tempo,0
Matinya Hukum Internasional di Bawah Trump,tempo,0
Bancakan Proyek Makan Bergizi Gratis,tempo,0
Kacau-Balau Pengelolaan Fiskal,tempo,0
Pekerjaan Rumah Pembangkit Tenaga Nuklir,tempo,0
Tahanan Politik Pascademonstrasi,tempo,0
Mengapa Pelajar yang Berdemonstrasi Harus Dibela,tempo,0
Perempuan di Tengah Patriarki DPR,tempo,0
Urgensi Gugatan Gaji Dosen ke Mahkamah Konstitusi,tempo,0
Mobile Legends: Bang Bang M7 World Championship Dibuka di Jakarta,tempo,0
Korban Banjir Halmahera Barat Mulai Berbenah Pascabanjir,tempo,0
Manusia Jawa Pulang Kampung,tempo,0
Empat Gelombang Migrasi Penghuni Awal Nusantara,tempo,0
KPK Tetapkan Yaqut Cholil Qoumas Tersangka Korupsi Haji,tempo,0
KPK Tetapkan Yaqut Cholil Qoumas Tersangka Korupsi Haji,tempo,0
Bagaimana Sebaiknya Menangani Infeksi Superflu,tempo,0
Pemilihan Langsung Sampai di Sini,tempo,0
Lamat-lamat Kemerdekaan Pers,tempo,0
Represi terhadap Pengkritik Pemerintah Makin Menjadi,tempo,0
Tongkat Nabi Musa dan Bias Hukum Presiden,tempo,0
Sumber Energi yang Bertumpu pada Batu Bara,tempo,0
Pertaruhan Bisnis Komoditas,tempo,0
Harga Emas Makin Berkilau,tempo,0
Rojali Datang Lagi,tempo,0
Badai Tak Pasti Berlalu,tempo,0
Dicari: Pengerem Ambisi Prabowo,tempo,0
Rahasia Ledakan Film Indonesia,tempo,1
Pesta Bola Dunia yang Berbeda,tempo,0
Hak Jawab Badan Zakat Nasional,tempo,0
Memilih Gubernur yang Jenderal atau Bukan,tempo,0
Separah Apa Banjir Sumatera Berdampak ke Orang Utan Tapanuli,tempo,0
Mungkinkah Puntung Rokok Masuk Kategori Limbah B3,tempo,0
Kerugian Ekonomi Bencana Iklim Sepertiga Anggaran MBG,tempo,0
Pemerintah Diminta Tangkap Perusak Hutan Lindung di Batam,tempo,0
"Cuaca Jabodetabek Hari Ini, Hujan Ringan Membayangi",tempo,0
Dua Gajah Sumatera Baru Tertangkap Kamera BKSDA Bengkulu,tempo,0
Kemenhut Bantah Penggeledahan oleh Penyidik Kejagung,tempo,0
Walhi: Percepatan PSEL Bukan Solusi Krisis Sampah,tempo,0
Bencana yang Mengungkap Ketidakadilan Sosial,tempo,0
Model Baru Tambak Udang Sembari Memulihkan Mangrove,tempo,0
Desakan Ilmuwan ke Pemimpin Negara di COP30: Stop Ekspansi Biofuel,tempo,0
Bagaimana Biodiesel B40 dan Bulan Puasa Bisa Menyebabkan Minyak Goreng Langka Lagi,tempo,0
"Indonesia Dagang Karbon di COP30, Aktivis Iklim: Ada Moral Hazard",tempo,0
BMKG: Waspada Gelombang Tinggi 6 Meter Dipicu Siklon Jenna,tempo,1
Menhut Umumkan Kelahiran Bayi Panda Pertama di Indonesia,tempo,0
Menhut Umumkan Kelahiran Bayi Panda Pertama di Indonesia,tempo,0
"KAPAL PHINISI, PERAHU KAYU LEGENDARIS ASAL SULAWESI",tempo,0
MELIHAT PUNCAK GUNUNG SEMERU,tempo,1
SEJARAH KERAJAAN SURAKARTA,tempo,0
PEMBELIAN GERBONG BARU KERETA,tempo,0
UTANG KERETA CEPAT,tempo,0
HALIM KALLA DAN BISNIS KELUARGA KALLA,tempo,0
SEJARAH TIMAH BANGKA BELITUNG,tempo,0
KEHIDUPAN TAPOL DI PULAU BURU,tempo,0
SISTEM PELATIHAN BULU TANGKIS INDONESIA YANG DIPERCAYA BANYAK NEGARA,tempo,0
TAN JOE HOK PERINTIS DI PENTAS BULU TANGKIS,tempo,0
"BREAKING NEWS: Truk Kontainer Terguling Tutup Jalur Pantura Brebes, Sebabkan Macet hingga 2 Km",tribunnews,0
"Sosok Gus Yaqut di Mata Tetangga di Rembang, Kaget Jadi Tersangka Kasus Kuota Haji",tribunnews,1
Mobil Elf PMI Magelang Terguling saat Pulang dari Opsar Pendaki Hilang di Gunung Slamet,tribunnews,0
Pakar Hukum Tata Negara SCU: Pasal Penghinaan pada Penguasa Lebih Relevan di Negara Kerajaan,tribunnews,0
Inggit Soraya Tularkan Keterampilan Membatik pada Dekranasda Depok yang Datang Belajar ke Pekalongan,tribunnews,0
"Dilengkapi Fasilitas Mewah, Gedung Baru Nusa Indah RSUD Blora Difungsikan Kamar Pasien VIP dan VVIP",tribunnews,0
"Lantik 448 Pejabat di Lingkungan Pemkab Tegal, Bupati Ischak Tekankan Tugas Prioritas",tribunnews,0
"Tawa Roy Suryo Tanggapi Pertemuan Jokowi dengan Eggi dan Damai Hari Lubis, Bantah Pecah Kongsi",tribunnews,0
"Resmi Berubah, Daftar Harga Bahan Bakar Minyak BBM Terbaru Sabtu 10 Januari 2026",tribunnews,0
"Sebut Ada PKL Mulai Berdiri Permanen, Wali Kota Semarang Bakal Evaluasi SK PKL 2026",tribunnews,0
"Mengenang Kopda Satria yang Gugur Ditembak KKB Papua: 9 Kali Tes TNI, Baru Jalani Misi di Kongo",tribunnews,0
"BREAKING NEWS: Truk Kontainer Terguling Tutup Jalur Pantura Brebes, Sebabkan Macet hingga 2 Km",tribunnews,0
"Ironis, Pernikahan Remaja 16 Tahun di Pati Cuma Berumur 6 Bulan, Suami Ajukan Cerai Talak",tribunnews,1
"Kisah Zainuddin Akhirnya Peluk Ibu Setelah 32 Tahun, Kabur Naik Kereta di Usia 7 Tahun",tribunnews,1
"Hindari Kaligawe Semarang Mulai 10 Januari 2026, Ada Proyek Peninggian Jalan",tribunnews,0
Mbah Bambang Veteran Perang Ganyang Malaysia Asal Tawangmangu Sumringah Dapat Kado Natal Renov Rumah,tribunnews,0
"Sosok Gus Yaqut di Mata Tetangga di Rembang, Kaget Jadi Tersangka Kasus Kuota Haji",tribunnews,1
Pakar Hukum Tata Negara SCU: Pasal Penghinaan pada Penguasa Lebih Relevan di Negara Kerajaan,tribunnews,0
Mobil Elf PMI Magelang Terguling saat Pulang dari Opsar Pendaki Hilang di Gunung Slamet,tribunnews,0
Inggit Soraya Tularkan Keterampilan Membatik pada Dekranasda Depok yang Datang Belajar ke Pekalongan,tribunnews,0
"Operasi Pencarian Pendaki Gunung Slamet yang Hilang Telah Ditutup, Tim SAR Masih Tetap Memantau",tribunnews,0
"CHIUJO, Moisturizer Cream Kaya Akan Tremella, Solusi Terbaik Anti Aging",tribunnews,0
"Dianggap Sepele, Kenali 10 Kesalahan Penyebab Kipas Angin Jadi Rusak",tribunnews,0
"Daftar Harga HP OPPO di Bulan Januari 2026: OPPO A6 Pro 5G, Reno14 F, Find X9",tribunnews,0
5 Rekomendasi Tas Cemplang-cemplung Premium yang Punya Model Unik,tribunnews,0
5 Rekomendasi Cushion Baru di Bawah 100 Ribu yang Full Coverage,tribunnews,0
"5 Rekomendasi Kebaya yang Cocok Dipakai saat Main ke Solo, Outfit Wisata Budaya",tribunnews,0
Universitas Telogorejo Perkenalkan Mbak Koken Asal Jepang untuk Pembelajaran Kebidanan dan alat TLC,tribunnews,0
"Kisah Zainuddin Akhirnya Peluk Ibu Setelah 32 Tahun, Kabur Naik Kereta di Usia 7 Tahun",tribunnews,1
"Sosok Bambang Agus, Sang Veteran Operasi Ganyang Malaysia Terima Kado Natal Renovasi Rumah Rp20 Juta",tribunnews,1
"BREAKING NEWS: Tembok Pembatas Jebol, 6 Rumah di Singocandi Kudus Terendam Banjir Setinggi 1 Meter",tribunnews,0
"Nuansa Natal Masih Terasa di Jateng, Gubernur Jateng Sentil Soal Toleransi",tribunnews,0
Detik-detik Evakuasi Dramatis Ertiga dan Truk Tangki Pakai Crane di Kawasan Wisata Colo,tribunnews,1
"Bukan Lagi Kandang Banteng? Kaesang Targetkan Jawa Tengah Berubah Jadi ""Kandang Gajah"" di 2029",tribunnews,0
Kronologi 2 Mobil Masuk Jurang Setinggi 20 Meter Karena Hujan Deras di Jalur Wisata Sunan Muria,tribunnews,0
Sulistyo Diliburkan Gegara Pabriknya di Kawasan Industri Lamicitra Semarang Terendam Banjir,tribunnews,1
Keputusan Diskresi Kuota Haji Seret Eks Menag Yaqut dan Stafsusnya Jadi Tersangka,tribunnews,0
"Utang Pinjol Masyarakat Terus Naik Tembus Rp 94,85 Triliun",tribunnews,0
"Kematian Diplomat Muda Ditutup, Pengacara Kecewa Misteri 4 Sidik Jari dan 24 Kali Check In Diabaikan",tribunnews,0
"Ditinggal Salat ke Masjid, Bripda Alfreezy Kaget Motor CRF Raib Digondol Rekan Polisi",tribunnews,0
"BREAKING NEWS: Talud Jembatan Colo Menuju Makam Sunan Muria Kudus Longsor, 2 Mobil Jatuh 30 Meter",tribunnews,0
"Kontroversi Stand Up Pandji Pragiwaksono, Pakar Bahasa Unnes sebut Humor Selalu Politis",tribunnews,0
"Pelajar Opname Akibat Keracunan di Jepara Bertambah, Pedagang Sudah Temui Orangtua dan Guru",tribunnews,0
"Tak Sengaja Pegang Tiang Penerangan Jalan, Warga Pekalongan Tewas Tersengat Listrik",tribunnews,0
Dekranasda Depok Belajar Pelestarian Batik di Kota Pekalongan,tribunnews,0
Pemkot Semarang Hadir Salurkan 400 Paket Sembako bagi Nelayan Semarang Utara Terdampak Angin Barat,tribunnews,0
"Pemkab Purbalingga Kekurangan Anggaran Untuk Biayai Program Berobat Gratis, Capai Rp 30 M",tribunnews,0
"Kisah Dwi Terjebak di Jalan Salatiga saat Angin Puting Beliung Menerjang, Pohon Tumbang di Depannya",tribunnews,0
"Nelayan Semarang Utara Terdampak Angin Barat, Ini Langkah Pemkot",tribunnews,0
"Siswa SMK Tegal Dibekali Ilmu Menghadapi Sisi Gelap Pekerjaan ""Triple D"" di Kapal Perikanan Asing",tribunnews,0
"RT di Semarang yang Belum Terima BOP Rp25 Juta Bisa Ajukan di 2026, Begini Caranya!",tribunnews,0
Dana Desa di Kebumen Turun Signifikan Jadi Rp 148 Miliar,tribunnews,0
"Dulu Berapi-api Kini Gigit Jari: Kisah Desa Lerep, Saat Anggaran Rp1,7M Menyusut Jadi Rp300 Juta",tribunnews,0
"18.101 Pekerja Jawa Tengah Kena PHK Sepanjang 2025, Grup Sritex Sumbang Angka Terbanyak",tribunnews,0
"14 Pemain Anyar PSIS Semarang Siap Tempur, Jafri Yakin Bisa Curi Poin di Kandang PSS Sleman",tribunnews,0
"Alasan Eggi Sudjana dan Damai Hari Lubis Tiba-tiba Berbalik Arah, Akui Ijazah Jokowi Asli",tribunnews,0
"Kisah Pilu Khairun Nisa, di Balik Seragam Pramugari Ternyata Ada Kesedihan Kena Tipu Rp 30 Juta",tribunnews,1
"Resmi, Mantan Menteri Agama, Yaqut Cholil Qoumas Ditetapkan Tersangka",tribunnews,0
"Sosok Jenderal Ahmad dalam Kasus Dugaan Penipuan Masuk Akpol, Adly Fairuz Digugat Rp 5 Miliar",tribunnews,1
"Momen Langka Eggi Sudjana dan Damai Hari Lubis Lihat Langsung Ijazah Jokowi: ""Memang Asli""",tribunnews,1
"Berita Duka, Praka TNI Satria Tino Taopan Meninggal Dunia",tribunnews,0
Daftar Motor dan Mobil Dilarang Isi BBM Pertalite di SPBU Pertamina per Jumat 9 Januari 2026,tribunnews,0
"Kabar Duka Praka Satria Taopan Prajurit TNI Gugur Ditembak KKB Papua, Senjata Dirampas",tribunnews,0
"Resmi Berdiri Fakultas Sains dan Teknologi, UIN Saizu Purwokerto Kini Miliki 6 Fakultas",tribunnews,0
"Macet Total, Jalan Ajibarang-Bumiayu Banyumas Ditutup Evakuasi Kecelakaan Truk",tribunnews,0
"Alasan Eggi Sudjana dan Damai Hari Lubis Tiba-tiba Berbalik Arah, Akui Ijazah Jokowi Asli",tribunnews,0
"Kisah Pilu Khairun Nisa, di Balik Seragam Pramugari Ternyata Ada Kesedihan Kena Tipu Rp 30 Juta",tribunnews,1
"Berita Duka, Praka TNI Satria Tino Taopan Meninggal Dunia",tribunnews,0
"Resmi, Mantan Menteri Agama, Yaqut Cholil Qoumas Ditetapkan Tersangka",tribunnews,0
"Sosok Jenderal Ahmad dalam Kasus Dugaan Penipuan Masuk Akpol, Adly Fairuz Digugat Rp 5 Miliar",tribunnews,1
"Tanggul Jebol, Kawasan Industri Lamicitra Semarang Terendam Banjir",tribunnews,1
"Kisah Pembunuhan Anak 2 Tahun di Semarang, Ibu Korban Lihat Anaknya Dibungkus Plastik dan Dibuang",tribunnews,1
"Macet Total, Jalan Ajibarang-Bumiayu Banyumas Ditutup Evakuasi Kecelakaan Truk",tribunnews,0
"Resmi Berdiri Fakultas Sains dan Teknologi, UIN Saizu Purwokerto Kini Miliki 6 Fakultas",tribunnews,0
"Kolaborasi PSIS dengan Cordova, Beri Benefit untuk Pemain Asing dan Naturalisasi",tribunnews,0
"BREAKING NEWS: Talud Jembatan Colo Menuju Makam Sunan Muria Kudus Longsor, 2 Mobil Jatuh 30 Meter",tribunnews,0
"Isi Stand Up Comedy Pandji Pragiwaksono yang Membuat Dipolisikan, Disebut Fitnah NU dan Muhammadiyah",tribunnews,0
"RT di Semarang yang Belum Terima BOP Rp25 Juta Bisa Ajukan di 2026, Begini Caranya!",tribunnews,0
"Gus Yaqut Jadi Tersangka KPK, Ketua RT di Rembang: Sosok Loyal dan Tak Pandang Kasta",tribunnews,1
"Sukses Kelola SDM, Pemkot Semarang Raih Penghargaan Penerapan Manajemen Talenta",tribunnews,0
Botok dan Teguh Merasa Jadi Korban Kriminalisasi dalam Kasus Blokade Jalan,tribunnews,0
"Utang Pinjol Masyarakat Terus Naik Tembus Rp 94,85 Triliun",tribunnews,0
"Klasemen Sementara Piala Asia U23: Vietnam Puncak, Thailand Juru Kunci, Indonesia Tak Lolos",tribunnews,0
"Kecewa dengan Proses Kepengurusan Baru, Kader PDIP Brebes Pilih Mengundurkan Diri",tribunnews,0
"Kecewa dengan Proses Kepengurusan Baru, Kader PDIP Brebes Pilih Mengundurkan Diri",tribunnews,0
"Eggi Sudjana Temui Jokowi di Solo, Roy Suryo: Kita Menertawakan, Itu Bukan Pejuang tapi Pecundang",tribunnews,0
"Bocoran Pertemuan Mengharukan di Solo: Jokowi, Eggi Sudjana dan Hari Damai Lubis Berpelukan Erat",tribunnews,1
Polda NTT Tahan 2 Tersangka Kasus Tenggelamnya Kapal yang Tewaskan Pelatih Valencia dan 3 Anaknya,tribunnews,0
"Operasi Pencarian Resmi Ditutup, Anak Pelatih Valencia Dinyatakan Hilang, Tim SAR Tabur Bunga",tribunnews,0
"Dulu Gus Yaqut Sebut Korupsi Musuh Bersama, Sekarang Jadi Tersangka Kasus Kuota Haji",tribunnews,0
5 Populer Internasional: Sosok Ibu yang Ditembak Agen CIA,tribunnews,1
Solusi Jangka Pendek Liverpool Atasi Keterpurukan Bernama Lionel Messi,tribunnews,0
10 Contoh Undangan Isra Miraj 2026 untuk Acara Sekolah dan Masjid yang Sopan dan Formal,tribunnews,0
Perjuangan Praka Satria Taopan Jadi Anggota TNI: 9 Kali Tes hingga Gugur Ditembak KKB Papua,tribunnews,0
"15 Kultum Singkat Isra Miraj 2026, Cocok untuk Ceramah Jumat hingga Pengajian",tribunnews,0
"20 Pantun Isra Miraj 16 Januari 2026, Penuh Makna dan Pesan Keimanan",tribunnews,0
"Pandji Pragiwaksono Dituding Hina Gibran, Ketua Komisi III DPR: Relevannya dengan RJ di KUHAP Baru",tribunnews,0
Tahun Ini Isra Miraj ke Berapa? Ini Penjelasan dan Tanggalnya,tribunnews,0
Kuasa Hukum Ungkap Fakta soal Perasaan Insanul Fahmi terhadap Wardatina Mawa,tribunnews,0
"Tidur Tak Nyenyak Cristiano Ronaldo di 2026, Tips Permalukan Al Nassr Diobral Gratis",tribunnews,0
Perkiraan Jadwal Libur Sekolah Ramadan 2026 di DKI Jakarta dan Pulau Jawa,tribunnews,0
3 Penyebab Piala Dunia 2026 Terancam Batal Sebelum Pertandingan,tribunnews,0
"20 Poin Megawati Permulus Remontada JPE, BJB Tandamata Tempel Popsivo",tribunnews,0
"Video Viral Pak Ogah Aniaya Pengendara di Pesing, Polisi Amankan 3 Pelaku",tribunnews,1
"Bintangi Film Bidadari Surga, Rey Mbayang Sebut Dinda Hauw Mentor Aktingnya",tribunnews,0
"VIDEO EKSKLUSIF KSP Qodari: Prabowo, Pemimpin Kompeten dengan Kepemimpinan Teruji",tribunnews,0
Jalan Panjang KPK Tetapkan Eks Menang Yaqut Cholil Qoumas Jadi Tersangka,tribunnews,0
"KPK Tetapkan Eks Stafsus Menag Gus Alex Tersangka Korupsi Kuota Haji, Susul Yaqut Cholil Qoumas",tribunnews,0
"Hasil Piala Afrika Untungkan Manchester United, Penyerang Andalannya Bakal Pulang Lebih Cepat",tribunnews,0
"Tak Ada Unsur Pidana, SP2 Lidik Kasus Arya Daru Pangayunan Sudah Dikirim ke Pihak Keluarga",tribunnews,0
Capek Telepon Spam? iOS 26 Bikin iPhone Jawab Duluan sebelum Anda Angkat,tribunnews,0
"4 Fakta Eks Menag Yaqut Cholil Qoumas Jadi Tersangka Kasus Korupsi Kuota Haji, Peran hingga Respons",tribunnews,1
"Serangan Israel ke Tenda Pengungsi Gaza Bunuh 3 Orang, Korban Tembus 425 Jiwa Sejak Gencatan Senjata",tribunnews,0
"Israel Serang Gaza Lagi, 5 Warga Palestina Tewas dan Infrastruktur Hancur meski Ada Gencatan Senjata",tribunnews,0
"Gencatan Senjata Kembali Dilanggar, 2 Orang Tewas dalam Serangan Drone Israel di Lebanon Selatan",tribunnews,0
"Menteri Kebudayaan Israel: Gaza Adalah Milik Israel, Warga Palestina Adalah Tamu",tribunnews,0
Zohran Mamdani Cabut Aturan Pro-Israel di Hari Pertamanya Jadi Wali Kota New York,tribunnews,0
"PBB Beri Peringatan Keras, Desak Israel Cabut Larangan 37 LSM di Gaza dan Tepi Barat",tribunnews,0
"Sehari Jadi Wali Kota New York, Zohran Mamdani Cabut Kebijakan Pro-Israel",tribunnews,0
"Di Bawah Tekanan Trump, Israel Bersiap Buka Kembali Perlintasan Rafah",tribunnews,0
MUI Kecam Israel Larang Organisasi Kemanusiaan di Gaza: Bentuk Kebiadaban,tribunnews,0
Somaliland Sudah Jadi Target Zionis Sebelum Negara Israel Resmi Berdiri,tribunnews,0
"4 MacBook Baru yang Disiapkan Apple di 2026, Termasuk Versi Murah dan Pro OLED",tribunnews,0
"Donald Trump Mulai Langkah Awal Sedot Minyak Venezuela, Kumpulkan 17 Eksekutif Migas",tribunnews,0
"9 Emoji Baru untuk iPhone Mulai Terungkap, Kapan Launching?",tribunnews,1
"Update Kasus Penembakan ICE, Video Baru Tunjukkan Korban Diminta Istrinya Tabrakkan Mobil",tribunnews,0
Polisi Analisis Barang Bukti Flashdisk Terkait Materi Stand Up Pandji Pragiwaksono,tribunnews,0
"Catat Pertumbuhan Positif di 2025, Maxim Siap Hadirkan Terobosan dan Rencana Strategis untuk 2026",tribunnews,0
4 Rekomendasi Cara Seru Rayakan Akhir Tahun Bersama Keluarga dan Sahabat,tribunnews,0
"Ramai Modus Penipuan Hadiah Akhir Tahun, Yuk Manfaatkan Fitur Keamanan dari Dompet Digital Ini!",tribunnews,0
"Ade Armando Sebut Ada Agenda di Balik Guyonan Pandji Pragiwaksono Tentang Gibran, Pilpres 2029?",tribunnews,1
"BGN Kejar Zero Accident, Nihil Keracunan MBG Selama 2026",tribunnews,0
"Update Statistik PDSS 2026 per 8 Januari: 55 Ribu Siswa Eligible, Finalisasi Nilai Baru 122 Sekolah",tribunnews,0
"Inara Rusli Minta Kepastian ke Insanul Fahmi untuk Ambil Sikap, Batas Waktu Sebelum Ramadan",tribunnews,0
iPhone Air 2 Fokus Perbaiki Dua Kekurangan Model Pertama,tribunnews,0
"Kekasih Mantan Striker Persija Ciptakan Kejutan di Proliga 2026, Ikuti Jejak 2 Eks Timnas",tribunnews,0
"4 iPhone Baru yang Disiapkan Apple di 2026, Termasuk Fold",tribunnews,0
"Penanganan Kasus Pandji Pragiwaksono Gunakan KUHP Baru, Polisi Terapkan Pasal Penistaan Agama",tribunnews,0
"Harta Kekayaan Eks Menag Gus Yaqut Tersangka Korupsi Kuota Haji, Melejit dalam 4 Tahun",tribunnews,1
"Pandji Roasting Mata Gibran, Irma Suryani: Itu Menghina Makhluk Ciptaan Tuhan",tribunnews,0
El Clasico Pertama Thom Haye: Tekad Gelandang Persib Taklukkan Persija di Hadapan Bobotoh,tribunnews,0
Pandji Pragiwaksono Kabarkan Kondisinya usai Dipolisikan karena Mens Rea: Gue Happy & Baik-baik Saja,tribunnews,0
5 Populer Internasional: Sosok Ibu yang Ditembak Agen CIA,tribunnews,1
Libur Isra Miraj 2026 Berapa Hari? Cek SKB 3 Menteri,tribunnews,1
Solusi Jangka Pendek Liverpool Atasi Keterpurukan Bernama Lionel Messi,tribunnews,0
"Hasil Klasemen Grup A Piala Asia U23 2026: Vietnam OTW Lolos 8 Besar, Samai Rekor Timnas Indonesia",tribunnews,0
"Konferensi Pers Kasus Pencucian Uang dari Judi Online, Foto 1 #2031020",tribunnews,0
"Aksi Solidaritas untuk Venezuela , Foto 1 #2031010",tribunnews,0
"Dulu Gus Yaqut Sebut Korupsi Musuh Bersama, Sekarang Jadi Tersangka Kasus Kuota Haji",tribunnews,0
Menko PM: Piala Dunia Bukan Sekadar Tontonan Tapi Peluang Ekonomi,tribunnews,0
"Anak Mudah Sembelit, Perut Kembung hingga Sering Sakit? Dokter Ungkap Kunci Pencegahannya",tribunnews,0
BPKH Pastikan Pengembalian Dana Haji Khusus Plus Nilai Manfaat Capai 685 Dolar AS,tribunnews,0
Kabar Abroad Ole Romeny: Cetak Gol dan Bawa Oxford United Lolos ke 32 Besar Piala FA,tribunnews,0
Alex Marquez Permulus Kontrak Baru Pecco Bagnaia di Ducati untuk MotoGP 2027,tribunnews,0
Warga Rembang Terkejut Yaqut Cholil Qoumas Jadi Tersangka Korupsi Kuota Haji,tribunnews,0
"Semifinal Malaysia Open 2026: An Se-young ke Final Tanpa Keringat, Fajar/Fikri & Jojo Asa Indonesia",tribunnews,0
"Tak Mau Dimadu dengan Inara Rusli, Wardatina Mawa Mantap Bercerai dari Insanul Fahmi",tribunnews,0
Aturan Baru SNPMB 2026: Peserta SNBP Wajib Ikut TKA Lima Mata Pelajaran,tribunnews,0
"Bonus Musim Dingin Jepang 2025 Cetak Rekor Tertinggi, Rata-rata Tembus 957 Ribu Yen",tribunnews,0
"Klasemen Liga Arab Saudi Terbaru: Hattrick Benzema Hancurkan Al Kholood, Al Ittihad Dekati Al Nassr",tribunnews,0
"20 Poin Megawati Permulus Remontada JPE, BJB Tandamata Tempel Popsivo",tribunnews,0
"Tak Selalu Pagi Hari, Ini Waktu Terbaik Minum Air Lemon agar Tubuh Lebih Nyaman",tribunnews,0
"Video Viral Pak Ogah Aniaya Pengendara di Pesing, Polisi Amankan 3 Pelaku",tribunnews,1
"Tidak Cukup Sekadar Ada Sayur di Piring, Ini Kesalahan Gizi Anak yang Sering Terjadi",tribunnews,0
"Eggi Sudjana Temui Jokowi di Solo, Roy Suryo: Kita Menertawakan, Itu Bukan Pejuang tapi Pecundang",tribunnews,0
"Semifinal Malaysia Open 2026: An Se-young ke Final Tanpa Keringat, Fajar/Fikri & Jojo Asa Indonesia",tribunnews,0
"Bocoran Pertemuan Mengharukan di Solo: Jokowi, Eggi Sudjana dan Hari Damai Lubis Berpelukan Erat",tribunnews,1
"20 Poin Megawati Permulus Remontada JPE, BJB Tandamata Tempel Popsivo",tribunnews,0
Warga Rembang Terkejut Yaqut Cholil Qoumas Jadi Tersangka Korupsi Kuota Haji,tribunnews,0
"Tak Mau Dimadu dengan Inara Rusli, Wardatina Mawa Mantap Bercerai dari Insanul Fahmi",tribunnews,0
Solusi Jangka Pendek Liverpool Atasi Keterpurukan Bernama Lionel Messi,tribunnews,0
"Klasemen Liga Arab Saudi Terbaru: Hattrick Benzema Hancurkan Al Kholood, Al Ittihad Dekati Al Nassr",tribunnews,0
"Operasi Pencarian Resmi Ditutup, Anak Pelatih Valencia Dinyatakan Hilang, Tim SAR Tabur Bunga",tribunnews,0
"Dulu Gus Yaqut Sebut Korupsi Musuh Bersama, Sekarang Jadi Tersangka Kasus Kuota Haji",tribunnews,0
Pengamat ISSES: Kenaikan Pangkat 2 Tingkat Rizki Juniansyah Tak Lazim Tapi Tak Langgar Aturan,tribunnews,0
"El Clasico di Final Piala Super Spanyol, Harapan Pemain Barcelona Terwujud, Mbappe Comeback",tribunnews,0
"Aliansi Keamanan Amerika dan Thailand Dikabarkan Retak, Bangkok Pilih Merapat ke China?",tribunnews,1
"Semifinal Malaysia Open 2026: An Se-young ke Final Tanpa Keringat, Fajar/Fikri & Jojo Asa Indonesia",tribunnews,0
"Kabar Abroad Rivan Nurmulki di Liga Voli Thailand: Tak Main Full Set, Diamond Food VC Amankan 3 Poin",tribunnews,0
"Ducati Tahan Pecco Bagnaia dalam Bursa Transfer MotoGP 2027, Duet dengan Marc Marquez Berlanjut",tribunnews,0
50 Soal TKA Bahasa Indonesia SMP Kelas 9 Tahun 2026 dan Kunci Jawaban Tes Kemampuan Akademik,tribunnews,1
"Pendukung Dharma Pongrekun Somasi Pandji Pragiwaksono, Materi Stand Up Dianggap Merendahkan",tribunnews,0
"Digelar Besok, Rakernas PDIP Bakal Pamerkan Produk Daur Ulang",tribunnews,0
Prakiraan Cuaca Jakarta Sabtu 10 Januari 2026: Waspada Hujan RIngan hingga Hujan Petir,tribunnews,1
"Persib Vs Persija Bakal Panas, 6 Pesohor Ini Buka-Bukaan Bagian dari Jakmania dan Bobotoh",tribunnews,0
"Peredaran Ganja 83 kg Senilai Rp 1,6 Miliar di Bekasi Timur Digagalkan, Polisi Tangkap 3 Pengedar",tribunnews,0
"Ditangkap, Suami-istri asal Pakistan Selundupkan Narkoba dengan Cara Menelan 159 Kapsul Sabu 1,5 kg",tribunnews,0
"Warga Berebut Air Sinkhole di Situjuah Batua, MUI Sumbar Ingatkan Bahaya Syirik: Itu Kebodohan!",tribunnews,1
"PDIP Sumbar Tolak Pilkada Lewat DPRD, Yogi Yolanda Sebut Rugikan Rakyat: Itu Kemunduran Demokrasi",tribunnews,0
"Update Korban Bencana di Padang Panjang: 45 Meninggal, 17 Masih Hilang dan 1 Belum Teridentifikasi",tribunnews,0
"BNPB Pindahkan Hujan ke Laut, Modifikasi Cuaca di Sumbar Percepat Pembangunan Huntap",tribunnews,0
"Proses Evakuasi Truk Trailer di Bibir Jurang, Bikin Macet Panjang di Sitinjau Lauik",tribunnews,0
"Prakiraan Cuaca Bukittinggi Hari Ini Sabtu 10 Januari 2026, Siang Berpotensi Hujan Sedang",tribunnews,1
"Cuaca Mentawai Hari Ini Sabtu 10 Januari 2026, Pagi hingga Sore Berpotensi Hujan Ringan",tribunnews,0
"Cuaca Kota Padang Sabtu 10 Januari 2026, Siang Berpotensi Hujan Sedang",tribunnews,1
"4 Berita Populer Sumbar, MUI Respon Warga Berebut Air Sinkhole, Sorotan PDIP Sumbar",tribunnews,0
"4 Berita Populer Padang: Seorang Perempuan Simpan 211 Paket Sabu, Macet Panjang di Sitinjau Lauik",tribunnews,0
"Panen Jagung Serentak, Polres Sijunjung Dorong Swasembada Pangan Nasional",tribunnews,0
"Polisi Tangkap Pelaku Persetubuhan Anak di Sijunjung, Diamankan Saat Bekerja di Bengkel",tribunnews,0
"Liburan Nataru, Kendaraan Asal Riau ke Sumbar Mulai Meningkat",tribunnews,0
"Satu dari Sepuluh Angkatan Kerja di Padang Menganggur, Lulusan SMA Jadi Penyumbang Terbesar",tribunnews,1
"Misi Semen Padang FC Keluar Zona Degradasi, Boyong 22 Pemain Lawan Madura United dan PSIM",tribunnews,0
"Rumah Hanyut Tak Berbekas, Korban Banjir Batu Busuk Kini Belajar di Gedung Diklat PT Semen Padang",tribunnews,0
"Pilkada Tidak Langsung Dinilai Tak Bertanggung Jawab ke Rakyat, PDIP Sumbar Soroti Peran DPRD",tribunnews,0
"Kota Padang Butuh Rp 5 Triliun Pulihkan Bencana, Target Penyelesaian 3 Tahun",tribunnews,1
"PDIP Sumbar Tolak Pilkada Lewat DPRD, Yogi Yolanda Sebut Rugikan Rakyat: Itu Kemunduran Demokrasi",tribunnews,0
"RSJ Dr Yaunin Bakal Gelar Seminar Kesehatan Jiwa Anak, Tekan Bullying dan Bahaya Napza di Padang",tribunnews,1
YBM PLN UP3 Padang Salurkan Bantuan Banjir untuk Tenaga Alih Daya di Padang Jelang Tahun Baru,tribunnews,0
"PLN Salurkan Beasiswa untuk Anak Korban Bencana di Palembayan Agam, Ringankan Beban Orang Tua",tribunnews,0
"Sinkhole di Limapuluh Kota Masih Keluarkan Air, Tampak Biru tapi Bening dan Jernih",tribunnews,0
"KemenHAM Sumbar Verifikasi Kasus Nenek Saudah, Keluarga Sebut yang Ditangkap Bukan Pelaku Sebenarnya",tribunnews,0
"Padang Panjang Butuh Waktu 3 Tahun, Pemulihan Pascabencana Telan Dana Fantastis Rp410 Miliar",tribunnews,1
"Pendapatan Petani Sumbar Menguat, BPS Catat Nilai Tukar Petani Naik di Desember 2025",tribunnews,0
"Jadwal SIM Keliling di Kota Padang Sabtu 10 Januari 2026, Digelar di Simpang Ganting",tribunnews,0
"Harga Tiket Laga Semen Padang Vs Persis Solo, Tribun Umum Barat Ollin VIP FC Rp250 Ribu",tribunnews,0
"Padang Panjang Ajukan Dana R3P ke BNPB Rp 410 Miliar, Perbaikan Infrastruktur Jadi Prioritas",tribunnews,0
"Prakiraan Cuaca Sumbar Sabtu 10 Januari 2026, Pagi Hari Berawan hingga Hujan Ringan",tribunnews,0
"Peringatan Dini Cuaca Sumbar, BMKG Catat Kinali dan Palembayan Berpotensi Hujan Lebat Jumat Siang",tribunnews,0
"Update Peringatan Dini Cuaca Sumbar Pukul 14.50-16.50 WIB, Waspada Hujan di Pessel dan Pasbar",tribunnews,1
Head to Head Semen Padang vs Persis Solo Jelang Laga: Laskar Sambernyawa Dominasi Rekor Pertemuan,tribunnews,0
"Polresta Padang Ungkap 267 Kasus Narkoba Sepanjang 2025, Sita 1.079 Butir Pil Ekstasi",tribunnews,0
"Warga Berebut Air Sinkhole di Situjuah Batua, MUI Sumbar Ingatkan Bahaya Syirik: Itu Kebodohan!",tribunnews,1
"Bupati Annisa Apresiasi Inovasi KARDI SARAS, Minta Seluruh ASN Dharmasraya Terus Berkreasi",tribunnews,0
"Kasus Narkoba di Padang Turun Drastis, Kapolresta Minta Warga Jangan Lengah dan Berani Lapor",tribunnews,0
"Prakiraan Cuaca Sumbar Jumat 9 Januari 2026, Waspada Hujan Lebat di Lima Puluh Kota Malam Hari",tribunnews,1
"Bandel Buka Sampai Jelang Subuh, Satpol PP Padang Tertibkan 3 Tempat Hiburan Malam",tribunnews,0
Harga Pangan Solok Selatan Awal Januari 2026: Minyak Goreng dan Gula Pasir Melejit,tribunnews,0
"Update Korban Bencana di Padang Panjang: 45 Meninggal, 17 Masih Hilang dan 1 Belum Teridentifikasi",tribunnews,0
"Kasus Narkoba di Padang Turun Drastis di 2025, Temuan Barang Bukti Pil Ekstasi Melonjak Tajam",tribunnews,0
"Polisi Bongkar Peredaran Sabu di Padang, Wanita Inisial C Simpan 211 Paket Kecil & Satu Paket Besar",tribunnews,0
Jadwal dan Persyaratan SIM Keliling di Padang Pariaman Jumat 9 Januari 2026,tribunnews,0
"Jadwal SIM dan Samsat Keliling Kota Padang Jumat 9 Januari 2026, Bayar Pajak Tahunan di Dua Lokasi",tribunnews,0
"Pemkab Solsel Buka Keran Investasi, Pabrik Kelapa Sawit Mulai Dibangun",tribunnews,0
"Proses Evakuasi Truk Trailer di Bibir Jurang, Bikin Macet Panjang di Sitinjau Lauik",tribunnews,0
"Setelah Dibangun Lima Tahun, Kantor Bupati Solok Selatan Resmi Beroperasi Awal 2026",tribunnews,0
4 Berita Populer Sumbar: Pria di Payakumbuh Aniaya Pengendara Motor dan BNPB Pindahkan Hujan ke Laut,tribunnews,0
"Cuaca 7 Kota di Sumbar Jumat 9 Januari 2026, Masih Didominasi Hujan Ringan",tribunnews,0
"KemenHAM Sumbar Verifikasi Kasus Nenek Saudah, Keluarga Sebut yang Ditangkap Bukan Pelaku Sebenarnya",tribunnews,0
"Pemkab Solsel Buka Keran Investasi, Pabrik Kelapa Sawit Mulai Dibangun",tribunnews,0
"PDIP Sumbar Tolak Pilkada Lewat DPRD, Yogi Yolanda Sebut Rugikan Rakyat: Itu Kemunduran Demokrasi",tribunnews,0
"Polisi Tangkap Pelaku Persetubuhan Anak di Sijunjung, Diamankan Saat Bekerja di Bengkel",tribunnews,0
"Proses Evakuasi Truk Trailer di Bibir Jurang, Bikin Macet Panjang di Sitinjau Lauik",tribunnews,0
"Warga Berebut Air Sinkhole di Situjuah Batua, MUI Sumbar Ingatkan Bahaya Syirik: Itu Kebodohan!",tribunnews,1
"Padang Panjang Ajukan Dana R3P ke BNPB Rp 410 Miliar, Perbaikan Infrastruktur Jadi Prioritas",tribunnews,0
"Polisi Bongkar Peredaran Sabu di Padang, Wanita Inisial C Simpan 211 Paket Kecil & Satu Paket Besar",tribunnews,0
"Eggi Sudjana Temui Jokowi di Solo, Roy Suryo: Kita Menertawakan, Itu Bukan Pejuang tapi Pecundang",tribunnews,0
"Semifinal Malaysia Open 2026: An Se-young ke Final Tanpa Keringat, Fajar/Fikri & Jojo Asa Indonesia",tribunnews,0
"PDIP Sumbar Tolak Pilkada Lewat DPRD, Yogi Yolanda Sebut Rugikan Rakyat: Itu Kemunduran Demokrasi",tribunnews,0
"Jadwal SIM dan Samsat Keliling Kota Padang Jumat 9 Januari 2026, Bayar Pajak Tahunan di Dua Lokasi",tribunnews,0
"HUT ke-22 Solok Selatan, Bupati Khairunas Tekankan Refleksi dan Lompatan Pembangunan",tribunnews,0
"RSJ Dr Yaunin Bakal Gelar Seminar Kesehatan Jiwa Anak, Tekan Bullying dan Bahaya Napza di Padang",tribunnews,1
"Panen Jagung Serentak, Polres Sijunjung Dorong Swasembada Pangan Nasional",tribunnews,0
"Bupati Annisa Apresiasi Inovasi KARDI SARAS, Minta Seluruh ASN Dharmasraya Terus Berkreasi",tribunnews,0
"Jelang Putaran Kedua BRI Super League, Semen Padang FC Siapkan 11 Pemain Asing",tribunnews,0
"4 Berita Populer Padang: Seorang Perempuan Simpan 211 Paket Sabu, Macet Panjang di Sitinjau Lauik",tribunnews,0
Pengamat ISSES: Kenaikan Pangkat 2 Tingkat Rizki Juniansyah Tak Lazim Tapi Tak Langgar Aturan,tribunnews,0
"El Clasico di Final Piala Super Spanyol, Harapan Pemain Barcelona Terwujud, Mbappe Comeback",tribunnews,0
Dinas Pariwisata Dorong Pelaku Ekonomi Kreatif Kantongi Legalitas Hak Kekayaan Intelektual,tribunnews,0
PT Timah Bangun Pondok Nelayan di Tanjung Niur,tribunnews,0
Unit Toyota Raize Ready Stock,tribunnews,0
PLN Bagikan Ratusan Hadiah Gelegar Cuan,tribunnews,0
"Manfaatkan KUR, Ningsih Bisa Bangun Dapur Produksi",tribunnews,0
"Pelantikan Gubernur Aceh, Foto 7 #2014781",tribunnews,0
"United Nations Information Centre (UNIC) Kunjungi Museum Tsunami, Foto 7 #2014505",tribunnews,0
"Kunjungan Museum Tsunami Aceh, Foto 3 #2014498",tribunnews,0
"Pukat Darat Solusi Nelayan Saat Cuaca Buruk, Foto 6 #2014378",tribunnews,0
"Distribusi Elpiji 3 Kg, Foto 3 #2014347",tribunnews,0
"Wisata Pantai Lhoknga, Foto 7 #2014309",tribunnews,0
"Pedagang Durian, Foto 2 #2014272",tribunnews,0
"Bermain Selancar, Foto 5 #2014214",tribunnews,0
"Sidang Kasus LGBT, Foto 5 #2014194",tribunnews,0
"Hukuman Cambuk Pelaku Judi Online, Foto 6 #2014037",tribunnews,0
"Pangkalpinang Waspadai Superflu, Dinkes Layangkan Surat Edaran ke Fasilitas Pelayanan Kesehatan",tribunnews,1
"Pikap Andalan Toyota, Hilux Rangga: Nyaman dan Fungsionalitas Tinggi",tribunnews,0
Polsek Sijuk Amankan 10 Set Mesin Tambang,tribunnews,0
Pemkab Bangka Selatan Siagakan Tim Waspada Bencana,tribunnews,1
"Satres Narkoba Bangka Selatan Bekuk Pengedar Narkoba, IRT Tepergok Simpan 67 Paket Sabu",tribunnews,0
"Rumah dan Kebun Masuk Kawasan HGU Sawit, Warga Tak Bisa Urus Legalitas Lahan",tribunnews,1
"Pemkab Bangka Susun DED Jembatan Air Abik, Pembangunan Diharapkan Mulai Awal Februari",tribunnews,0
Pria 38 Tahun Curi Motor di Kawasan Wisata Air Terjun di Bangka Barat,tribunnews,1
Pedagang Keluhkan Jalan Rusak di Pasar Ratu Tunggal Pangkalpinang,tribunnews,0
"Pangkalpinang Waspadai Superflu, Dinkes Layangkan Surat Edaran ke Fasilitas Pelayanan Kesehatan",tribunnews,1
Di Balik Layar Aviasi: Rahasia GDPS Mencetak SDM Kelas Dunia - Tribun Video,tribunnews,1
"[FULL] AS Besar-besaran Mulai Keruk Minyak Venezuela, Pakar: Rusia-China Bisa Mundur Bantu Caracas",tribunnews,0
"Pikap Andalan Toyota, Hilux Rangga: Nyaman dan Fungsionalitas Tinggi",tribunnews,0
Dindikpora Bangka Imbau Orang Tua Antarkan Anak Sekolah,tribunnews,0
"Dorong Edukasi Politik Berkelanjutan, KPU Bangka Tengah Gencarkan Podcast Rabu Cerudik",tribunnews,0
"Festival Liga SSB Piala Wali Kota Pangkalpinang 2026, Momentum Pembinaan Sepak Bola Usia Dini",tribunnews,0
"Pengprov Bangka Belitung Hadiri Deklarasi PB Orado, Syahrizal: Cabor Berpotensi Prestasi",tribunnews,0
Bangka Belitung Masih Berpotensi Hujan Besok,tribunnews,0
Polsek Lepar Pongok Panen 500 Kilogram Jagung Pipil,tribunnews,0
"Polres Belitung Panen 1,3 Ton Jagung",tribunnews,0
Polsek Sijuk Amankan 10 Set Mesin Tambang,tribunnews,0
"Pengalihan Sewa Gedung Pemda dari Puncak Toserba ke Babelmart, Seluruh Pihak Capai Kesepakatan",tribunnews,0
"CHIUJO, Moisturizer Cream Kaya Akan Tremella, Solusi Terbaik Anti Aging",tribunnews,0
Review Lengkap Glad2Glow Niacinamide Serum Facial Wash-Instant Glow,tribunnews,0
"Dianggap Sepele, Kenali 10 Kesalahan Penyebab Kipas Angin Jadi Rusak",tribunnews,0
"Benyamin Davnie Sebut Kritik Mahasiswa adalah Energi, Pemkot Tangsel Berpacu dengan Waktu Benahi Sampah",viva,0
Dibuka Resmi! Seleksi Anggota KPI Pusat 2026–2029 Diburu Profesional Penyiaran Nasional,viva,0
Polresta Serkot Panen Raya Jagung Kuarta IV,viva,0
"Harlah ke-103 NU, PWNU Banten Gelar Istighotsah Besar, Wagub Dimyati Serukan Muhasabah dan Persatuan Bangsa",viva,0
Maling Toko Makanan Beku Ditangkap Polisi,viva,0
"Harlah ke-103 NU di Banten, Istighotsah dan Doa Keselamatan Bangsa Menggema dari Tanah Jawara",viva,0
"Pembuangan Sampah dari Tangsel ke TPSA Cilowong Ditangguhkan, Pemkot Alihkan ke Cileungsi Bogor",viva,0
ART di Kabupaten Serang Culik Anak Majikan Berusia 1 Tahun,viva,1
"Gunung Kaupas Padarincang Longsor Mendadak, Warga Berlarian Panik Tinggalkan Lokasi",viva,0
Pengamat Sebut Ada 68 Anak Terpapar Ideologi Ekstrem Perlu Ditelusuri Profil Keluarganya,viva,0
"Istighotsah Harlah NU ke-103 di Banten, PWNU Tegaskan Islah dan Resolusi NU Jadi Pelayan Umat",viva,0
"Kesaksian Sekolah, Chromebook Tak Sesuai untuk Sekolah Dasar",viva,0
"Peringatan Harlah ke-103 di Banten, Prof Muhammad Ishom: Kekompakan NU Penentu Indonesia Emas 2045",viva,0
"Terjebak Macet Akibat Kebakaran, Dua Pelaku Curanmor di Tangerang Berhasil Ditangkap Polisi",viva,0
"Penyelesaian Sengketa Lahan PT Pancapuri Berlanjut ke Ranah Hukum Pidana, Seret Eks Anggota DPRD Cilegon Ismatullah",viva,0
"28 Jiwa di Tangerang Terdampak Longsor, Bupati Maesyal Rencanakan Relokasi",viva,0
"Jagung Hasil Tanam Gibran di Tangerang Dipanen, Disalurkan ke Bulog dan Pakan Ternak",viva,0
"Bupati Serang Terjun ke Lokasi Banjir dan Longsor, PCNU Ajak Warga Gotong Royong Besar-besaran",viva,0
"Dorongan Kuat Kemenag Banten, Lulusan Madrasah Aliyah Diarahkan Kuliah ke UIN Banten",viva,0
"Dugaan Perzinahan, Selebgram Sisca Laporkan Suami dan Keponakan ke Polrestro Tangerang",viva,0
"Pilkada Tak Harus Coblosan, Ahmad Muhibbin Sebut Pemilihan Lewat DPRD Jalan Keluar dari Biaya Politik Gila-gilaan",viva,1
"Jelang Muktamar NU, JKSN Banten Mantap Usung KH Asep Saefudin Chalim sebagai Kandidat PBNU",viva,0
"Dewas BLU UIN SMH Banten Tancap Gas, Strategi Baru Disiapkan untuk Dongkrak Kinerja dan Bisnis Kampus",viva,0
Masih Ada Perusahaan di Cilegon Tidak Lapor Kegiatan Penanaman Modal,viva,0
"28 Jiwa di Tangerang Terdampak Longsor, BPBD Lakukan Evakuasi",viva,0
"Pemuda Lulusan SMP Sulit Cari Kerja, Akhirnya Nekat Jual Sabu di Kabupaten Serang",viva,1
Bea Cukai Soetta Gagalkan Penyelundupan Narkotika Jaringan Malaysia Saat Libur Nataru 2025/2026,viva,0
"Maestro Pengendali Operasi Kotak Pandora, Anwar Usman: Nanti Akan Saya Ungkap untuk Luruskan Sejarah",viva,0
Pengakuan Pilot Heli Chinook AS Dihujani Tembakan Pengawal Maduro saat Penyergapan,viva,0
10 Petuah Investasi ala Warren Buffett yang Masih Relevan hingga 2026,viva,0
"Operasi SAR Ditutup, 1 Anak Pelatih Valencia CF Dinyatakan Hilang Dalam Tragedi KM Putri Sakina",viva,0
"Dibongkar Anies, Pramono Ingin Bangun Kembali JPO Sarinah",viva,0
"TERPOPULER: Daftar Kegaduhan Jule, Pekerjaan dan Sumber Penghasilan Ibrahim Risyad",viva,1
Ada Kabar Baik dari Federico Barba Jelang Laga El Clasico Persib vs Persija,viva,0
Satechi Slim EX Wireless Series: Solusi Keyboard Multi-Perangkat Paling Fleksibel,viva,0
"Bukan Sekadar Rivalitas, Persija Ingin Menang dan Pulang Aman dari Bandung",viva,0
AC Inverter Murah LG T06EV5 Bikin Tagihan Listrik Cuma Rp1500 Per Hari,viva,0
Kumpulan Berita Terbaru wakil gubernur banten achmad dimyati natakusumah,viva,0
Kumpulan Berita Terbaru seleksi calon anggota komisi penyiaran indonesia,viva,0
Pengakuan Pilot Heli Chinook AS Dihujani Tembakan Pengawal Maduro saat Penyergapan,viva,0
10 Petuah Investasi ala Warren Buffett yang Masih Relevan hingga 2026,viva,0
"Operasi SAR Ditutup, 1 Anak Pelatih Valencia CF Dinyatakan Hilang Dalam Tragedi KM Putri Sakina",viva,0
"Dibongkar Anies, Pramono Ingin Bangun Kembali JPO Sarinah",viva,0
"TERPOPULER: Daftar Kegaduhan Jule, Pekerjaan dan Sumber Penghasilan Ibrahim Risyad",viva,1
"Reni Effendi Angkat Bicara Soal Dugaan Selingkuh Richard Lee, Blak-blakan Soal Foto Bareng Cewek Muda",viva,0
Update Terbaru Situasi Iran Usai Pecahnya Kerusuhan Massal,viva,0
"Menhan Sjafrie Bertemu dengan Petinggi Militer Turki, Ini yang Dibahas",viva,0
"Kesepakatan Verbal Tercapai, Ole Gunnar Solskjaer Selangkah Lagi Kembali ke Manchester United!",viva,0
"Salurkan Bantuan di Sibolga dan Tapteng, Mandiri Inhealth Galang Dana Solidaritas Pegawai",viva,0
Terungkap! ICW Pernah Ingatkan Kemendikbudristek soal Pengadaan Chromebook,viva,1
Anindya Bakrie Ungkap Strategi Kadin hingga Peluang RI Gaet Investasi dan Perdagangan di WEF 2026,viva,0
BI Kasih Bukti Keyakinan Konsumen ke Ekonomi RI Tetap Kuat pada Desember 2025,viva,0
"Akselerasi Pemulihan Korban Bencana di Aceh Tamiang, Srikandi BTN Salurkan Bantuan ke Para Ibu dan Anak",viva,0
Industri Ungkap Segmen Kunci yang Bisa Angkat Penjualan Mobil,viva,0
Hujan Ringan Disertai Petir Diprakirakan BMKG Terjadi Akhir Pekan Ini,viva,0
"Fakta-fakta Polemik Pandji Pragiwaksono: Materi Mens Rea Dipersoalkan, NU–Muhammadiyah Kompak Bantah Mempolisikan",viva,0
Nama Patrick Kluivert Meledak: Media Belanda Klaim Tunisia Tertarik Rekrut Sang Legenda,viva,0
"OJK Cabut Izin BPR Suliki Gunung Mas, LPS Siapkan Proses Pembayaran Simpanan Nasabah",viva,0
Tradisi Rewanda di Gua Kreo: Ritual Unik Bulan Syawal tentang Jejak Sejarah Sunan Kalijaga di Semarang,viva,0
"Terpopuler: Reaksi Pelatih Liverpool Usai Tahan Arsenal 0-0, Luis Enrique Tinggalkan PSG demi MU",viva,1
"Skor 3-3, Wrexham Singkirkan Nottingham Forest Lewat Drama Adu Penalti",viva,0
"Singkirkan Mali dengan 10 Pemain, Gol Iliman Ndiaye Antar Senegal ke Semifinal Piala Afrika 2025",viva,0
Pengakuan Pilot Heli Chinook AS Dihujani Tembakan Pengawal Maduro saat Penyergapan,viva,0
10 Petuah Investasi ala Warren Buffett yang Masih Relevan hingga 2026,viva,0
"Operasi SAR Ditutup, 1 Anak Pelatih Valencia CF Dinyatakan Hilang Dalam Tragedi KM Putri Sakina",viva,0
"Dibongkar Anies, Pramono Ingin Bangun Kembali JPO Sarinah",viva,0
"TERPOPULER: Daftar Kegaduhan Jule, Pekerjaan dan Sumber Penghasilan Ibrahim Risyad",viva,1
"Tahun 2026, Erick L Tobing Sebut Jadi Momentum Merubah Mindset dengan Melahirkan SDM Berkualitas dan Sukses",viva,0
"Rapat Koperasi BAN-Marsatu di Medan, Bahas Validasi Anggota dan Pengelolaan Plasma",viva,1
Eks Menag Gus Yaqut Tersangka Korupsi Kuota Haji,viva,0
"Modus Pinjam untuk Beli Makanan, Bripda FE Bawa Kabur Motor Milik Polisi Polresta Deli Serdang Lalu Dijual Rp 9,5 Juta",viva,0
"Sepanjang 2025, Bus Listrik Telah Layani 2,7 Juta Penumpang di Kota Medan",viva,1
"Curi Sepeda Motor Milik Polisi Polresta Deli Serdang, Bripda FE Terancam Dipecat",viva,0
"Sepanjang 2025, KAI Distribusikan Komoditas Unggulan Capai 683.957 Ton di Sumut",viva,0
"Bersedia Jadi Istri Kedua, Inara Rusli Ingin Sahkan Pernikahan dengan Insanul Fahmi",viva,0
Ratusan Siswa SMA di Medan Ikuti 'Health Explore' UMSU dan UITM,viva,1
Aksi Tanggap Darurat Rapala di Aceh Tamiang: Warga Butuh Air Bersih,viva,0
"Bangun Skatepark Berstandar Nasional, Bupati Deli Serdang Jadi Momentum Pengembangan Bakat Atlet Skateboard",viva,0
"Polsek Sunggal Tangkap 4 Pelaku Sindikat Spesialis Curanmor di Masjid, 1 Tersangka Ditembak",viva,0
"Brigjen Pol Sonny Irawan Resmi Dilantik Sebagai Wakapolda Sumut, Menggantikan Brigjen Pol Rony Samtana",viva,0
"Dugaan Korupsi Dana KIP, Puluhan Mahasiswa Gelar Demo di Kejati Sumut dan Tuntut Segera Tangkap Kepala LLDikti Wilayah I",viva,1
"Rico Waas Pastikan Perda KTR Bertahap, Pelaku Usaha Kawal Denyut Ekonomi",viva,0
"Terima Donasi Bencana Rp4,7 Miliar dari Pemko Batam, Gubernur Bobby: Sumut dalam Masa Pemulihan",viva,0
Rakerda MKGR Sumut: Dukung Hendriyanto Sitorus di Musda Golkar Sumatera Utara 2026,viva,0
"Polres Tanjung Balai Gagalkan Penyelundupan Kokain Seberat 3 Kg, Dua Nelayan Ditangkap",viva,0
"Hore! Korban Terdampak Bencana Sumatera dapat Diskon Tarif Listrik, Menteri ESDM Bahlil yang Bilang",viva,0
"Chat Terakhir Ridwan Kamil dan Atalia Praratya Jelang Putusan Cerai, Isinya: Dulu Kamu...",viva,0
"Balita di Belawan Jadi Korban Peluru Nyasar Saat Terjadi Tawuran di Belawan, Polisi Tangkap 3 Pelaku",viva,0
"Masa Angkutan Nataru 2025/2026 di Bandara Kualanamu, Tercatat 3.648 Pergerakan Pesawat dan Layani 428.671 Penumpang",viva,0
"Tanam Pohon Ganja di Belakang Rumah, 3 Pria di Sergai Ditangkap Polisi",viva,0
Laznas AQL Salurkan Bantuan Kemanusiaan ke 2 Dusun Terpencil di Aceh Tamiang,viva,0
"Cerita Akal Bulus Pasutri Kendalikan Peredaran Sabu 1 Kg di Medan, yang Punya Pintu Khusus Melarikan Diri Saat Digrebek",viva,1
"Dukung Pengembangan Baseball dan Softball, Walikota Medan: Terpenting Berlatih dan Kegiatan Olahraga Berjalan",viva,1
"Sepanjang 2025, KAI Sumut Catat Aktivitas Penumpang Kereta Api Capai 2,6 Juta Orang",viva,0
Review Poco C85: HP Murah Kamera AI 50MP dan RAM Ekspansi hingga 16GB,viva,0
Daftar Jet Tempur Tertua di Dunia yang Aktif Sampai 2025,viva,0
Top 5: Kecelakaan Fatal Jet Tempur F-22 Raptor Paling Tragis Sepanjang Sejarah,viva,1
"Daftar Jet Tempur Paling Mengerikan di Asia 2025, Kecepatan dan Senjata Bikin Ngeri",viva,1
"Daftar Negara Bebas Pajak 2025: Hidup Tenang, Finansial Lebih Aman",viva,0
5 HP Murah eSIM Terbaik September 2025: Kamera 200MP & Baterai Badak,viva,0
5 HP MediaTek Terbaru September 2025: Harga Murah Kamera Canggih dan Gaming Lancar,viva,0
Daftar Negara Sekutu Pakistan 2025 yang Jarang Diketahui: Bisa Hadapi India?,viva,1
"Daftar Negara Gaji DPR Tertinggi di Dunia 2025, Hidup Para Politisi Tajir Melintir",viva,0
Redmi 15C Review: Harga Cuma Sejutaan Kamera Jernih & Baterai Badak,viva,0
"Demo Hari Ini di DPR: Aksi Mahasiswa Kian Memanas, Kejadian 1998 Terulang?",viva,1
"Top 5: Laptop Intel i5/i7 Terbaik Agustus 2025, Ringan, Cepat, dan Bertenaga",viva,1
"Top 5: Tablet Terkencang Agustus 2025, Baterai Badak dan Performa Super Ngebut",viva,1
"Daftar HP Android Kamera Setara iPhone Agustus 2025, Tanding Jepretan Flagship Apple",viva,0
"Daftar Negara Latihan Militer Terekstrem di Dunia 2025, Disiksa Jadi Prajurit Tangguh",viva,0
"Daftar Senjata Militer Indonesia 2025, Bukti Kekuatan TNI di Darat, Laut, dan Udara",viva,0
"Daftar Jet Tempur Operasional Paling Mahal di Dunia 2025, Bikin Anggaran Militer Jebol",viva,1
"Daftar Jet Tempur Bahan Bakar Terhemat di Dunia 2025, Terbang Jauh Tanpa Isi Ulang",viva,0
"Daftar Jet Tempur Canggih yang Gagal 2025, Proyek Miliaran Dolar Sia-Sia",viva,0
"Top 5 Tablet Android Murah Spek Gahar Agustus 2025, RAM Jumbo & Baterai Badak",viva,1
Fakta Rudal Jelajah Ukraina Flamingo: Jangkauan 3.000 Km Bisa Serang Moskow,viva,0
"5 Jet Tempur Canggih Paling Banyak Diproduksi di Dunia 2025, Ada yang Punya TNI AU",viva,0
"10 Jet Tempur Canggih Bersenjata Terberat di Dunia 2025, Bawa Rudal Raksasa",viva,0
Fakta Jet Tempur Siluman KF-21 Boramae: Proyek Indonesia-Korsel Penantang F-35,viva,0
"Pilihan HP Kamera 108MP Termurah Agustus 2025, Alternatif DSLR Cuma Rp 2 Jutaan",viva,0
"Daftar Game Sprunki Paling Seru Tanpa Download Agustus 2025, Langsung di Browser",viva,0
Fakta Jet Tempur Siluman Sukhoi Su-57: Teknologi Rusia yang Makin Terungkap,viva,1
"5 HP Android Murah Agustus 2025: Skor AnTuTu 1 Juta, RAM Dewa, Kamera Leica!",viva,0
"Jelang Persib vs Persija, Marc Klok Bicara Gengsi dan Tekanan Klasemen",viva,0
"Jadwal Super League Hari Ini: Debut Tavares, Malut United Incar Puncak Klasemen",viva,0
"Malut United di Ambang Juara Paruh Musim, Waspadai Efek Bernardo Tavares di Persebaya",viva,1
"BMKG Ingatkan Cuaca Ekstrem Hari Ini, Pulau Jawa dan Nusa Tenggara Masuk Zona Waspada",viva,1
"Persija Ingatkan Jakmania: Jangan Datang ke GBLA, Fokus Dukungan dari Rumah",viva,0
"Bukan Sekadar Rivalitas, Persija Ingin Menang dan Pulang Aman dari Bandung",viva,0
"Didukung Ribuan Suporter, Persik Siap Tempur Hadapi Arema FC di Kanjuruhan",viva,0
"David da Silva Tantang Persebaya di Gelora Bung Tomo, Malut United Bidik Puncak Klasemen",viva,0
Vietnam dan Arab Saudi Berpeluang Amankan Tiket Perempat Final Piala Asia U23 2026,viva,0
"Rakerwil PSI Jabar, Abang Ijo : Ini Momentum Pertanggungjawaban Moral dan Politik",viva,0
Hasil Liga Nusantara Sore Ini: PSGC Ciamis dan Persiba Bantul Menang,viva,0
"Persita Panaskan Papan Atas Klasemen, Posisi Borneo FC Terancam Digusur Usai Dikalahkan di Indomilk Arena",viva,0
"Heboh Ole Gunnar Solskjaer Balik ke Manchester United, Ini Formasi Tim yang Bakal Digunakan?",viva,1
"Terungkap, Bojan Hodak Akhirnya Blak Blakan Soal Isu Pemain Naturalisasi akan Bergabung ke Persib Bandung",viva,1
"Ngeri, Wagub Jabar Sampai Keluarkan Himbauan Begini Jelang Duel Krusial Persib vs Persija",viva,0
"Terkuak, Hansi Flick Akhirnya Blak blakan Soal Nasib Robert Lewandowski di Barcelona, Tidak Ada Peran Sentral di.....",viva,1
"KPK Umumkan Eks Menag Yaqut Cholil Sebagai Tersangka Korupsi Dana Haji, Ini Sepak Terjangnya",viva,0
"Nobar Biru Persib vs Persija, Disini Lokasi dan Harga Tiketnya",viva,0
Ini yang Dilakukan Korut Jika AS Nekat Culik Kim Jong UN: Trump Dijamin Menyesal,viva,1
"Wow! Tiket Big Match Persib vs Persija Termahal Rp70 Juta, Ini Fasilitasnya",viva,0
"Bursa Transfer 9 Januari: Persib Incar Winger Spanyol Samuel Castillejo, Apa Kabar Joey Pelupessy?",viva,1
"Simak, Ini Cara Aman Download Video YouTube: Dijamin Legal",viva,1
El Clasico Indonesia: Viking Janjikan Koreografi Termahal Sepanjang Sejarah di Persib vs Persija,viva,0
"BRI Super League Sebut Duel Persib vs Persija Sebagai Hajatan, Disarankan untuk Ditonton",viva,0
"Isu Barba Hengkang Panaskan Jelang El Clasico Indonesia, Ini Kata Bojan Hodak",viva,0
PSM Makassar di Bawah Tekanan Jelang Duel Kontra Bali United,viva,0
"Conor Bradley Cedera, Liverpool Soroti Aksi Gabriel Martinelli di Emirates",viva,0
"Sama Sama Menang, Dua Rival Abadi di La Liga Bakal Bertarung di Final Piala Super Spanyol",viva,0
"Banjir Jadi “Sungai Dadakan”, Warga Kamal Kirim Sindiran ke Bupati Bangkalan",viva,0
"Geger ! Warga Bangkalan, Temukan Sumur Bor Keluarkan Cairan Minyak",viva,1
Pemkab Bangkalan Mulai Bayar Pembebasan Lahan Sekolah Rakyat,viva,0
"KOMWASJAK ke Madura, Pengusaha Rokok Curhat?",viva,1
"Kejar Jambret, Seorang Ibu Tewas Usai Laka Tunggal, Kedua Anaknya Luka-luka",viva,0
"Teror Tawon Vespa Bangkalan, Penambahan Personel Hingga Kerja Ekstra Petugas Damkar",viva,0
4 Rumah di Bangkalan Rusak Parah Usai Diterjang Angin Kencang,viva,0
Laga Liga 4 di Bangkalan Berujung Cedera Serius,viva,0
"Pengawas Pajak dan Bea Cukai Akan ke Madura, Ini Yang Akan Dilakukan",viva,1
Laga Liga 4 Zona Jatim di Bangkalan Diwarnai Insiden Keras,viva,0
"Diduga Rebuatan Lahan Parkir, Sejumlah Orang Terlibat Baku Hantam",viva,0
"Warga Gagalkan Aksi Begal di Bangkalan, Satu Pelaku Dihajar Massa",viva,0
"Napak Tilas Isyaroh Pendirian NU, Seribu Jemaah Longmarch dari Bangkalan hingga Jombang",viva,0
"Pasutri di Galis Bangkalan Dianiaya Paman, Istri Tewas Suami Kritis",viva,0
"Persembahkan Konser Valen DA7, Bawang Mas Group : Ini Gerakan Sosial Madura, Valen Menjadi Magnet Kuatnya",viva,0
"Mahasiswa Jadi Korban Begal Bersenjata Tajam di Bangkalan, Tangan Disabet Bertubi-tubi",viva,0
"Setara Perempuan Gelar Women’s Camp, Fokus Pemulihan Mental dan Isu Keperempuanan",viva,0
"Aksi Premanisme Oknum Ormas MADAS, Abah Rawi : Itu Bukan Kultur Madura, Wajib Ditindak Tegas!!!",viva,0
"Kecelakaan Beruntun di Blega, Satu Pengendara Motor Tewas",viva,0
"Bentuk Empati Bencana Alam Sumatra Aceh, Polisi : Hindari Euforia Malam Tahun Baru",viva,0
"Penghujung Tahun 2025, UTM Kukuhkan Guru Besar di Dua Bidang",viva,0
"Tokoh Blater Madura Murka: Usir Nenek Elina, Ormas MADAS Lebih Baik Dibubarkan",viva,0
"Mobdin Direktur PDAM Bangkalan Terlibat Laka Beruntun, 5 Korban Luka dan Patah Tulang",viva,0
"Ratusan Element Masyarakat Sumenep Kepung Mapolres, Ada Apa Dengan Polri?",viva,1
4 Pemuda Komplotan Pencurian Perabot Rumah Tangga di Bangkalan Dibekuk Polisi,viva,0
Pos Pam Nataru Petapan Suramadu Berhasil Amankan Motor Curian Asal Surabaya,viva,0
"Dikeroyok Tetangga, Perempuan Ini Lapor Polisi",viva,0
Hexa Reef di Tlangoh Jadi Benteng Abrasi dan Penggerak Ekonomi Warga,viva,0
"Akhir Pekan Harga Emas Melonjak, Tembus Rp 2,6 Juta",viva,0
MatePad 12 X (2026) Rilis: Tablet Tipis Huawei dengan Layar 144Hz,viva,0
2 Pilihan Laptop Asus Rp3 Jutaan Terbaik untuk Freelancer 2024,viva,0
Acer Nitro Blaze Hilang di CES 2026: Kapan Tanggal Rilis Pasti?,viva,1
Acer Rilis Monitor Gaming 1000Hz: Batasan Barukah?,viva,1
MatePad 12 X 2026 Resmi Rilis: Performa Monster dan M-Pencil Pro,viva,0
AGIBOT Kuasai Pasar Robot Humanoid Global 2025,viva,0
"Revolusi Notch MacBook: LinkNotch, Pengganti Bookmark Cerdas",viva,0
Misteri Terpecahkan: Mutasi Gen Ini Hilangkan Ekor Manusia,viva,0
Huawei FreeClip 2 Rilis: TWS Ringan Open-Ear dengan AI NPU,viva,0
34 Kode Redeem MLBB 9 Januari 2026: Klaim Skin Epic!,viva,0
"5 Rekomendasi Powerbank 10.000 mAh Terbaik 2024, Mulai Rp139 Ribu",viva,0
"NVIDIA Tunda Peluncuran RTX 50 SUPER, Analisis Harga GPU",viva,0
vivo Y50e 5G dan Y50s 5G Rilis: Intip Keunggulan Baterai 6000 mAh,viva,0
Belkin Rilis Casing Switch 2 dan Power Bank Qi2 di CES 2026,viva,0
Apple Siapkan Kamera 200 MP untuk iPhone 21 Tahun 2028,viva,1
"Motorola CES 2026: Tiga HP Revolusioner Rilis, Ada Flagship Quad-50MP",viva,0
Monitor Gaming 610Hz QHD: Revolusi Kecepatan untuk E-Sport,viva,0
Valet Twelve South: Pengisi Daya Nirkabel Premium Mirip Dekorasi,viva,0
"Resmi Dirilis: Moto G Power 2026 Bawa Baterai 49 Jam, Harga Rp 4,9 Juta",viva,0
Bocoran Samsung S26+ Ungkap Kapasitas Baterai & 45W Charging,viva,1
Microsoft Rilis Copilot Checkout: Belanja Instan Tanpa Keluar Chat,viva,0
Avowed PS5 Resmi Rilis 17 Februari 2026: Pre-order Dibuka,viva,0
Switch 2 Kedatangan Joy-Con Pastel: Ungu & Hijau Rilis 2026,viva,0
DICE Awards 2026: Clair Obscur Pimpin Nominasi di Tengah Kontroversi AI,viva,0
"Vivo X200T Siapkan Kamera Sony LYT-702, Chipset Dimensity Gahar",viva,0
Diskon Besar: Corsair RM1000x PSU 1000W Turun Harga,viva,0
Xiaomi Jamin HP Tahan 5 Tahun? Cek Perangkat Penerima HyperOS 2026,viva,1
Fitur Baru Spotify: Intip Lagu Teman Secara Real-Time!,viva,0
"Soundbar Murah Rasa Gaming, Redmi Soundbar 2 Pro Bawa Subwoofer Wireless dan RGB",viva,0
"moto sound flow Resmi Meluncur, Speaker Portable Pertama Motorola dengan Sound by Bose",viva,0
"G-Shock Rasa Pagoda Jepang, Casio Hadirkan MR-G Biru yang Lebih Emosional dari Sekadar Jam",viva,0
Kemenperin Perkuat SDM Industri Lewat Structured Internship Model Vokasi Swiss,viva,0
"INFO FILM TV dan OLAHRAGA HARI INI: Ada Sophie Nelisse, Colm Meaney, Jakarta LavAni dan Persebaya Surabaya",viva,0
"Kopi Santen Jepangrejo Blora, Warisan Rasa Tradisional yang Menyatukan Generasi",viva,0
Petilasan Ki Ageng Kebo Kenanga dan Jejak Sejarah Kekuasaan Jawa,viva,0
"Jalan Suci My Son Ditemukan, Jejak Ritual Raja Champa yang Kini Jadi Daya Tarik Wisata Sejarah Vietnam",viva,0
Kenangan Terakhir Kim Sae-ron: Drama Asmaranya dengan Lee Chae-min Tayang Setahun setelah Ia Tiada,viva,0
Menikmati Keindahan dari Ketinggian di Malang Skyland: Destinasi Wisata Hits Terbaru di Karangploso,viva,0
KKP Terbitkan 292 Sertifikat CoA Jaga Geliat Ekspor Rajungan ke AS,viva,0
"Indonesia Resmi Swasembada Pangan, Bangga Setelah 40 Tahun",viva,1
Restorasi Topi Romawi Berusia 2.000 Tahun: Jejak Fashion di Era Cleopatra,viva,1
"AIR TERJUN KALIMANCUR, Lokasi Wisata Alam Tersembunyi di Pegunungan Lasem, Rembang yang Memesona",viva,1
Kayu Hanyutan Pascabanjir untuk Pemulihan Lingkungan dan Pembangunan Huntara,viva,0
"Iwak Jendil, Sajian Kuliner Sungai Bengawan Solo yang Gurih dan Autentik",viva,0
Maskapai Ini Dinobatkan sebagai Maskapai Paling Tepat Waktu di AS selama 5 Tahun Berturut-turut,viva,1
"Desa Wisata Masaran Blado, Harmoni Pesisir, Hutan, dan Budaya di Selatan Trenggalek",viva,0
Menyelamatkan 'Hutan Dalam Ruangan': Seni Menghidupkan Kembali Pohon Hias yang Terbuang,viva,0
"LEBARAN 2026: Asyik...Siap-Siap Mudik Gratis dengan Ratusan Bus dan Kereta Api ke Jateng, Pendaftaran 4 dan 11 Februari",viva,0
"Kampung Jajan Pasar Bangetayu Kulon, Destinasi Wisata Edukatif yang Menghidupkan Tradisi Lokal Semarang",viva,0
WIND UP: Jeno yang Kehilangan Arah dan Si Murid Pindahan Jaemin yang Mengusik Harinya,viva,0
THOM HAYE Sambut Laga Klasik Persib Bandung vs Persija Jakarta pada Hari Minggu dengan Antusias,viva,0
"INFO HAJI 2026: Mantan Menteri Agama, Yaqut Cholil Qoumas Jadi Tersangka Kasus Kuota Haji",viva,0
"Sertu Jas La Memo, Sosok Prajurit Marinir TNI AL yang Borong Dua Emas di SEA Games 2025 di Thailand",viva,1
"Mengenal Sego Kethek, Kuliner Tradisional Unik dari Desa Wisata Kandri Semarang yang Wajib Dicoba",viva,0
Sandro Tobing — Legenda Musik Pop Indonesia Berawal dari Bintang Radio dan Televisi pada Zaman-nya,viva,0
"INFO LOKER: PPPK Kementerian HAM Dibuka Januari 2026, Ini Posisi dan Tahapan Pendaftarannya",viva,0
"Swasembada Pangan Tercapai di 2025, Presiden Menghadiri Panen Raya",viva,0
"Indonesia Pimpin Dewan HAM PBB 2026, Bukti Kepercayaan Dunia atas Diplomasi Kemanusiaan",viva,0
"INFO FILM TV dan OLAHRAGA HARI INI: Ada Sam Heughan, Eva Green, Ruby Rose dan Jakarta L ivin Mandiri",viva,0
Hasil Kajian Ilmiah IPB: Aktivitas PT TBS Bukan Faktor Utama Longsor di DAS Garoga,viva,0
"Akibat Hujan Deras, Tanah Longsor Menimpa Sebuah Rumah di Mulyaharja",viva,0
"Dinkes Kota Bogor Jelaskan Situasi Terkini Kasus Super Flu, Warga Diminta Tenang",viva,0
"Pisah Sambut Kapolresta Bogor Kota: Kombes Pol Rio Wahyu Anggoro Resmi Menjabat, Wali Kota Sebut Sebagai Sejarah Baru",viva,0
"Pabrik Limbah Parungpanjang Disanksi, Operasional Dihentikan Tanpa Batas Waktu",viva,0
"Benahi Transportasi, Jenal Mutaqin Tegaskan Angkot Tak Layak Bakal Dikandangkan dan Siapkan Jalur Baru",viva,0
Penelitian Ungkap Soal Olahraga dan Penueunan Gejala Depresi,viva,0
Penelitian Ungkap Aktivitas Kreatif dan Dukungan Pada Fungsi Otak,viva,0
"Gagas Kampung Tematik Penghasil Telur, Jenal Mutaqin Targetkan Ekonomi Warga Melejit Lewat Program MBG",viva,0
"Harga Pangan di Pasar Sukasari Bogor Belum Stabil Pasca Tahun Baru, Cabai Mulai Turun Namun Bawang Masih Tinggi",viva,0
"Tabung Gas Bocor Saat Masak, Warung Padang di Bogor Selatan Hangus Terbakar, Satu Orang Alami Luka Bakar",viva,0
"Usai Lantik LPM Bogor Utara, Jenal Mutaqin Fokus Atasi Banjir Menahun Cibulu: ""Kami Akan Rapat Khusus di Balai Kota""",viva,0
"Polsek Parung Amankan “Bolot”, Terduga Pelaku Percobaan Begal di Ciseeng",viva,0
Peran Penting Orangtua Soal Kebiasaan Makan Gizi Seimbang Anak di Rumah,viva,0
"Terobos Perlintasan Tanpa Palang, Pemotor Tewas Dihantam Kereta di Proweh Parungpanjang",viva,0
"Lantik Ketua LPM Se-Bogor Utara, Wakil Wali Kota Jenal Mutaqin Tekankan Peran Strategis Pemberdayaan Masyarakat",viva,0
Komisi II Tekankan Fokus BUMD Untuk Bangun Ekonomi Daerah,viva,0
"Desa Cibadak Jadi Pelopor Posyandu 6 SPM di Tanjungsari, Layanan Kini Tak Hanya Kesehatan",viva,0
Komisi IV Minta Disdik Kota Bogor Optimalkan Program Beasiswa dan SPMB,viva,0
Pansel Resmi Umumkan Seleksi Tiga Posisi Direksi Perumda Tirta Pakuan,viva,0
"Diduga Mengantuk, Motor Oleng di Transyogi Bogor: Remaja 17 Tahun Patah Tulang, Dua Penumpang Luka Ringan",viva,1
"Bayi Panda Lahir di Taman Safari Indonesia, Tonggak Sejarah Diplomasi Konservasi Dunia",viva,0
"Tak Hanya Tilang, Pemkot Bogor Siapkan Skema Baru Penertiban Angkot Tua",viva,0
"Warga Alami Gatal dan Sesak Napas, Kades Lumpang dan Puskesmas Benarkan Dugaan Dampak Limbah PT MBI",viva,0
"Pentinya Tidur, Langkah Dapat Kesehatan Secara Keseluruhan",viva,0
"Diduga Cemari Lingkungan dan Bikin Warga Sakit, Puluhan Emak-Emak Geruduk PT MBI: “Kami Minta Ditutup!”",viva,0
"Dapat Hibah Eskavator dari Bupati Bogor, Kades Babakan Tancap Gas Normalisasi Irigasi Setu Cilala Cegah Banjir",viva,0
Sederet Minat Pakaian Musim Lebaran 2026,viva,0
"Salut dan Bangga, Sosok Humanis Kombes Pol Budi Hermanto Selalu di Hati Warga Batu",viva,1
"Sepekan Pencarian, Jenazah Ibu Hanyut di Sungai Glidik Malang Ditemukan di Pantai Alas Purwo Banyuwangi",viva,0
"DLH Kota Batu Asah Kapasitas Pengelola TPS3R, Siapkan Operasional Rumah Kompos 2026",viva,0
"Wali Kota Batu: Pahlawan Tak Berebut Jabatan, Tapi Mengabdi untuk Bangsa",viva,0
KPK Soroti Mekanisme Pokir DPRD Batu,viva,0
Pementasan Ludruk 'Genaro Ngalam' Semakin Heboh Karena Dihadiri Pak Mbois,viva,1
Korban Puting Beliung di Malang Dapat Bantuan Material agar Rumah Bisa Ditempati,viva,0
"Lewat Progran Pertamax Green, Pertamina Patra Niaga Tanam 1.000 Pohon di Kota Batu",viva,0
"Koni Batu Gaspol Evaluasi Porprov, Siapkan Regenerasi Atlet Menuju 2027",viva,0
Arema FC Berharap Dukungan Aremania Untuk Tumbangkan Persija,viva,0
"Longsor di Sumber Darmi Rusak Pipa Air, Perumdam Among Tirto Langsung Gerak Cepat",viva,0
"Bantu Permodalan, Mekaarpreneur Dorong UMKM Jatim Naik Kelas",viva,0
"Sinyal Bahaya, Arema FC Tanpa Dalberto saat Kontra Persija",viva,1
"Polisi Tetapkan Tersangka, Sengketa YPTT Malang Memasuki Babak Baru",viva,0
Rencana Pembongkaran Tembok Griya Shanta Terhalang Penolakan Warga,viva,0
"Beri Benefit Menarik, GoPay Bidik UMKM dan Gamers di Malang",viva,0
"Perdana Salurkan 640 Porsi, SPPG Syair Beji Batu Mulai Distribusikan MBG ke 6 Sekolah",viva,0
432 Peserta Meriahkan Kejuaraan Bulutangkis Walikota Batu Open 2025,viva,0
Batu Kembangkan Sentra Bibit Hortikultura Unggul di Sumber Brantas,viva,0
Japan Corner UMM Jadi Babak Baru Hubungan Lintas Negara,viva,0
"Pameran Perumahan Perdana di Kota Batu, 30 Pengembang Tampil di Graha Pancasila",viva,0
"Perjuangan Pemkot Batu Raih Pengakuan Budaya Nasional, Mulai Prasasti Sangguran hingga Kampung Tempe Beji",viva,0
"Sengketa YPTT Turen, Para Pengurus Berharap Keadilan pada Polisi",viva,0
"Kenalkan Gaya Hidup Sehat, Amway Mulai Banyak Diminati",viva,0
"Kota Malang Ditetapkan Kota Kreatif UNESCO, UB Langsung Perkuat Ekosistem Media Arts",viva,0
Longsor Tutup Akses Wisata Coban Talun Kota Batu,viva,0
Puluhan Pejabat Pemkot Batu Ikuti Uji Kompetensi Kursi Sekda Jadi Sorotan,viva,0
"Reboisasi dan Susun Blueprint, Cara Pemkot Batu Cegah Krisis Air",viva,0
"Jaguar Amazon Perenang Ulung Berenang 1,3 Kilometer, Gigitan 2.000 PSI Tembus Tengkorak!",viva,0
"Kapal Perang Scharnhorst Terjebak Laut Arktik, Hanya 36 Awak Selamat dari 1.968!",viva,0
"Kapal Selam Kelas Virginia Tampung Ratusan Awak, Hidup Tanpa Matahari Berbulan-Bulan!",viva,0
"S-500 Prometeus Rusia Produksi Massal, Rudal Hipersonik Tak Lagi Bebas Terbang!",viva,0
"Senjata Buatan Indonesia Dulu Ditertawakan, Kini Dipesan Negara Lain!",viva,0
"Rita Armila, Ibu Satu Anak yang Berhasil Bangun Brand Skincare Lokal",viva,0
